entity_id,canonical_name,greek_name,tradition,entity_type,category,primary_domains,tags,cult_scope,primary_period,evidence_confidence,review_status,inclusion_basis,earth_association_score,chthonic_flag,serpent_flag,short_note
ENT_CHAOS,Chaos,,Greek,Protogenos/Primordial,Primordial powers,primordial void,protogenos;cosmogony,Greek world,Archaic-Classical/Roman reception,B,candidate_verified_name,Literary attestation in classical/mythographic tradition; cult evidence varies by entity.,0,FALSE,FALSE,Seed entity from primordial/cosmic Greek categories.
ENT_GAIA,Gaia,,Greek,Protogenos/Primordial,Primordial powers,earth; generation,protogenos;earth,Greek world,Archaic-Classical/Roman reception,B,candidate_verified_name,Literary attestation in classical/mythographic tradition; cult evidence varies by entity.,5,TRUE,FALSE,Seed entity from primordial/cosmic Greek categories.
ENT_URANUS,Uranus,,Greek,Protogenos/Primordial,Primordial powers,sky; cosmic order,protogenos;sky,Greek world,Archaic-Classical/Roman reception,B,candidate_verified_name,Literary attestation in classical/mythographic tradition; cult evidence varies by entity.,0,FALSE,FALSE,Seed entity from primordial/cosmic Greek categories.
ENT_PONTUS,Pontus,,Greek,Protogenos/Primordial,Primordial powers,sea,protogenos;sea,Greek world,Archaic-Classical/Roman reception,B,candidate_verified_name,Literary attestation in classical/mythographic tradition; cult evidence varies by entity.,0,FALSE,FALSE,Seed entity from primordial/cosmic Greek categories.
ENT_TARTARUS,Tartarus,,Greek,Protogenos/Primordial,Primordial powers,abyss; underworld,protogenos;underworld,Greek world,Archaic-Classical/Roman reception,B,candidate_verified_name,Literary attestation in classical/mythographic tradition; cult evidence varies by entity.,5,TRUE,FALSE,Seed entity from primordial/cosmic Greek categories.
ENT_EREBUS,Erebus,,Greek,Protogenos/Primordial,Primordial powers,darkness; underworld gloom,protogenos;darkness,Greek world,Archaic-Classical/Roman reception,B,candidate_verified_name,Literary attestation in classical/mythographic tradition; cult evidence varies by entity.,3,TRUE,FALSE,Seed entity from primordial/cosmic Greek categories.
ENT_NYX,Nyx,,Greek,Protogenos/Primordial,Primordial powers,night,protogenos;night,Greek world,Archaic-Classical/Roman reception,B,candidate_verified_name,Literary attestation in classical/mythographic tradition; cult evidence varies by entity.,2,TRUE,FALSE,Seed entity from primordial/cosmic Greek categories.
ENT_HEMERA,Hemera,,Greek,Protogenos/Primordial,Primordial powers,day,protogenos;day,Greek world,Archaic-Classical/Roman reception,B,candidate_verified_name,Literary attestation in classical/mythographic tradition; cult evidence varies by entity.,0,FALSE,FALSE,Seed entity from primordial/cosmic Greek categories.
ENT_AETHER,Aether,,Greek,Protogenos/Primordial,Primordial powers,upper air,protogenos;air,Greek world,Archaic-Classical/Roman reception,B,candidate_verified_name,Literary attestation in classical/mythographic tradition; cult evidence varies by entity.,0,FALSE,FALSE,Seed entity from primordial/cosmic Greek categories.
ENT_EROS_PRIMORDIAL,Eros Primordial,,Greek,Protogenos/Primordial,Primordial powers,cosmic attraction; generation,protogenos;creation,Greek world,Archaic-Classical/Roman reception,B,candidate_verified_name,Literary attestation in classical/mythographic tradition; cult evidence varies by entity.,0,FALSE,FALSE,Seed entity from primordial/cosmic Greek categories.
ENT_ANANKE,Ananke,,Greek,Protogenos/Primordial,Primordial powers,necessity; fate,protogenos;fate,Greek world,Archaic-Classical/Roman reception,B,candidate_verified_name,Literary attestation in classical/mythographic tradition; cult evidence varies by entity.,0,FALSE,FALSE,Seed entity from primordial/cosmic Greek categories.
ENT_CHRONOS,Chronos,,Greek,Protogenos/Primordial,Primordial powers,time,protogenos;time,Greek world,Archaic-Classical/Roman reception,B,candidate_verified_name,Literary attestation in classical/mythographic tradition; cult evidence varies by entity.,0,FALSE,FALSE,Seed entity from primordial/cosmic Greek categories.
ENT_PHANES,Phanes,,Greek,Protogenos/Primordial,Primordial powers,creation; revelation,orphic;protogenos,Greek world,Archaic-Classical/Roman reception,B,candidate_verified_name,Literary attestation in classical/mythographic tradition; cult evidence varies by entity.,0,FALSE,FALSE,Seed entity from primordial/cosmic Greek categories.
ENT_THESIS,Thesis,,Greek,Protogenos/Primordial,Primordial powers,creation; generation,orphic;protogenos,Greek world,Archaic-Classical/Roman reception,B,candidate_verified_name,Literary attestation in classical/mythographic tradition; cult evidence varies by entity.,0,FALSE,FALSE,Seed entity from primordial/cosmic Greek categories.
ENT_HYDROS,Hydros,,Greek,Protogenos/Primordial,Primordial powers,primordial water,orphic;water,Greek world,Archaic-Classical/Roman reception,B,candidate_verified_name,Literary attestation in classical/mythographic tradition; cult evidence varies by entity.,0,FALSE,FALSE,Seed entity from primordial/cosmic Greek categories.
ENT_PHYSIS,Physis,,Greek,Protogenos/Primordial,Primordial powers,nature,personification;nature,Greek world,Archaic-Classical/Roman reception,B,candidate_verified_name,Literary attestation in classical/mythographic tradition; cult evidence varies by entity.,4,FALSE,FALSE,Seed entity from primordial/cosmic Greek categories.
ENT_OUREA,Ourea,,Greek,Protogenos/Primordial,Primordial powers,mountains,protogenos;mountain,Greek world,Archaic-Classical/Roman reception,B,candidate_verified_name,Literary attestation in classical/mythographic tradition; cult evidence varies by entity.,5,FALSE,FALSE,Seed entity from primordial/cosmic Greek categories.
ENT_NESOI,Nesoi,,Greek,Protogenos/Primordial,Primordial powers,islands,protogenos;landform,Greek world,Archaic-Classical/Roman reception,B,candidate_verified_name,Literary attestation in classical/mythographic tradition; cult evidence varies by entity.,4,FALSE,FALSE,Seed entity from primordial/cosmic Greek categories.
ENT_THALASSA,Thalassa,,Greek,Protogenos/Primordial,Primordial powers,sea,protogenos;sea,Greek world,Archaic-Classical/Roman reception,B,candidate_verified_name,Literary attestation in classical/mythographic tradition; cult evidence varies by entity.,0,FALSE,FALSE,Seed entity from primordial/cosmic Greek categories.
ENT_OPHION,Ophion,,Greek,Protogenos/Primordial,Primordial powers,cosmic serpent; early ruler,orphic;serpent,Greek world,Archaic-Classical/Roman reception,B,candidate_verified_name,Literary attestation in classical/mythographic tradition; cult evidence varies by entity.,2,FALSE,FALSE,Seed entity from primordial/cosmic Greek categories.
ENT_EURYNOME_PRIMORDIAL,Eurynome Primordial,,Greek,Protogenos/Primordial,Primordial powers,creation; sea,creation;sea,Greek world,Archaic-Classical/Roman reception,B,candidate_verified_name,Literary attestation in classical/mythographic tradition; cult evidence varies by entity.,0,FALSE,FALSE,Seed entity from primordial/cosmic Greek categories.
ENT_MOROS,Moros,,Greek,Protogenos/Primordial,Primordial powers,doom,fate;daimon,Greek world,Archaic-Classical/Roman reception,B,candidate_verified_name,Literary attestation in classical/mythographic tradition; cult evidence varies by entity.,1,TRUE,FALSE,Seed entity from primordial/cosmic Greek categories.
ENT_KER,Ker,,Greek,Protogenos/Primordial,Primordial powers,violent death,death;daimon,Greek world,Archaic-Classical/Roman reception,B,candidate_verified_name,Literary attestation in classical/mythographic tradition; cult evidence varies by entity.,1,TRUE,FALSE,Seed entity from primordial/cosmic Greek categories.
ENT_MOIRAI,Moirai,,Greek,Protogenos/Primordial,Primordial powers,fate,fate;collective,Greek world,Archaic-Classical/Roman reception,B,candidate_verified_name,Literary attestation in classical/mythographic tradition; cult evidence varies by entity.,0,FALSE,FALSE,Seed entity from primordial/cosmic Greek categories.
ENT_HESPERUS,Hesperus,,Greek,Protogenos/Primordial,Primordial powers,evening star,star,Greek world,Archaic-Classical/Roman reception,B,candidate_verified_name,Literary attestation in classical/mythographic tradition; cult evidence varies by entity.,0,FALSE,FALSE,Seed entity from primordial/cosmic Greek categories.
ENT_EOSPHORUS,Eosphorus,,Greek,Protogenos/Primordial,Primordial powers,morning star,star,Greek world,Archaic-Classical/Roman reception,B,candidate_verified_name,Literary attestation in classical/mythographic tradition; cult evidence varies by entity.,0,FALSE,FALSE,Seed entity from primordial/cosmic Greek categories.
ENT_SELENE,Selene,,Greek,Protogenos/Primordial,Primordial powers,moon,titanic;celestial,Greek world,Archaic-Classical/Roman reception,B,candidate_verified_name,Literary attestation in classical/mythographic tradition; cult evidence varies by entity.,0,FALSE,FALSE,Seed entity from primordial/cosmic Greek categories.
ENT_HELIOS,Helios,,Greek,Protogenos/Primordial,Primordial powers,sun,titanic;celestial,Greek world,Archaic-Classical/Roman reception,B,candidate_verified_name,Literary attestation in classical/mythographic tradition; cult evidence varies by entity.,0,FALSE,FALSE,Seed entity from primordial/cosmic Greek categories.
ENT_EOS,Eos,,Greek,Protogenos/Primordial,Primordial powers,dawn,titanic;celestial,Greek world,Archaic-Classical/Roman reception,B,candidate_verified_name,Literary attestation in classical/mythographic tradition; cult evidence varies by entity.,0,FALSE,FALSE,Seed entity from primordial/cosmic Greek categories.
ENT_CRONUS,Cronus,,Greek,Titan/Titaness,Titans,kingship; harvest/time by later association,titan,Greek world,Archaic-Classical/Roman reception,B,candidate_verified_name,Literary attestation in classical/mythographic tradition; cult evidence varies by entity.,1,FALSE,FALSE,Titanic generation or associated figure.
ENT_RHEA,Rhea,,Greek,Titan/Titaness,Titans,motherhood; mountains,titan;mother goddess,Greek world,Archaic-Classical/Roman reception,B,candidate_verified_name,Literary attestation in classical/mythographic tradition; cult evidence varies by entity.,1,FALSE,FALSE,Titanic generation or associated figure.
ENT_OCEANUS,Oceanus,,Greek,Titan/Titaness,Titans,world river; fresh waters,titan;water,Greek world,Archaic-Classical/Roman reception,B,candidate_verified_name,Literary attestation in classical/mythographic tradition; cult evidence varies by entity.,1,FALSE,FALSE,Titanic generation or associated figure.
ENT_TETHYS,Tethys,,Greek,Titan/Titaness,Titans,nursing waters; fresh waters,titan;water,Greek world,Archaic-Classical/Roman reception,B,candidate_verified_name,Literary attestation in classical/mythographic tradition; cult evidence varies by entity.,1,FALSE,FALSE,Titanic generation or associated figure.
ENT_HYPERION,Hyperion,,Greek,Titan/Titaness,Titans,light; sun ancestry,titan;celestial,Greek world,Archaic-Classical/Roman reception,B,candidate_verified_name,Literary attestation in classical/mythographic tradition; cult evidence varies by entity.,1,FALSE,FALSE,Titanic generation or associated figure.
ENT_THEIA,Theia,,Greek,Titan/Titaness,Titans,sight; shining light,titan;celestial,Greek world,Archaic-Classical/Roman reception,B,candidate_verified_name,Literary attestation in classical/mythographic tradition; cult evidence varies by entity.,1,FALSE,FALSE,Titanic generation or associated figure.
ENT_COEUS,Coeus,,Greek,Titan/Titaness,Titans,axis of heaven; intelligence,titan,Greek world,Archaic-Classical/Roman reception,B,candidate_verified_name,Literary attestation in classical/mythographic tradition; cult evidence varies by entity.,1,FALSE,FALSE,Titanic generation or associated figure.
ENT_PHOEBE,Phoebe,,Greek,Titan/Titaness,Titans,prophecy; radiance,titan;oracle,Greek world,Archaic-Classical/Roman reception,B,candidate_verified_name,Literary attestation in classical/mythographic tradition; cult evidence varies by entity.,1,FALSE,FALSE,Titanic generation or associated figure.
ENT_CRIUS,Crius,,Greek,Titan/Titaness,Titans,constellations,titan;celestial,Greek world,Archaic-Classical/Roman reception,B,candidate_verified_name,Literary attestation in classical/mythographic tradition; cult evidence varies by entity.,1,FALSE,FALSE,Titanic generation or associated figure.
ENT_EURYBIA,Eurybia,,Greek,Titan/Titaness,Titans,sea power,titan;sea,Greek world,Archaic-Classical/Roman reception,B,candidate_verified_name,Literary attestation in classical/mythographic tradition; cult evidence varies by entity.,1,FALSE,FALSE,Titanic generation or associated figure.
ENT_IAPETUS,Iapetus,,Greek,Titan/Titaness,Titans,mortality; ancestor of mankind,titan,Greek world,Archaic-Classical/Roman reception,B,candidate_verified_name,Literary attestation in classical/mythographic tradition; cult evidence varies by entity.,1,FALSE,FALSE,Titanic generation or associated figure.
ENT_CLYMENE_TITANESS,Clymene Titaness,,Greek,Titan/Titaness,Titans,renown; mother of Prometheus,titan,Greek world,Archaic-Classical/Roman reception,B,candidate_verified_name,Literary attestation in classical/mythographic tradition; cult evidence varies by entity.,1,FALSE,FALSE,Titanic generation or associated figure.
ENT_MNEMOSYNE,Mnemosyne,,Greek,Titan/Titaness,Titans,memory; muses,titan;inspiration,Greek world,Archaic-Classical/Roman reception,B,candidate_verified_name,Literary attestation in classical/mythographic tradition; cult evidence varies by entity.,1,FALSE,FALSE,Titanic generation or associated figure.
ENT_THEMIS,Themis,,Greek,Titan/Titaness,Titans,law; divine order; oracles,titan;justice,Greek world,Archaic-Classical/Roman reception,B,candidate_verified_name,Literary attestation in classical/mythographic tradition; cult evidence varies by entity.,1,FALSE,FALSE,Titanic generation or associated figure.
ENT_ASTERIA,Asteria,,Greek,Titan/Titaness,Titans,stars; night prophecy,titan;celestial,Greek world,Archaic-Classical/Roman reception,B,candidate_verified_name,Literary attestation in classical/mythographic tradition; cult evidence varies by entity.,1,FALSE,FALSE,Titanic generation or associated figure.
ENT_LETO,Leto,,Greek,Titan/Titaness,Titans,motherhood; Apollo and Artemis,titaness,Greek world,Archaic-Classical/Roman reception,B,candidate_verified_name,Literary attestation in classical/mythographic tradition; cult evidence varies by entity.,1,FALSE,FALSE,Titanic generation or associated figure.
ENT_ATLAS,Atlas,,Greek,Titan/Titaness,Titans,sky-bearing; endurance,titan;cosmic,Greek world,Archaic-Classical/Roman reception,B,candidate_verified_name,Literary attestation in classical/mythographic tradition; cult evidence varies by entity.,1,FALSE,FALSE,Titanic generation or associated figure.
ENT_PROMETHEUS,Prometheus,,Greek,Titan/Titaness,Titans,forethought; fire; human culture,titan;culture hero,Greek world,Archaic-Classical/Roman reception,B,candidate_verified_name,Literary attestation in classical/mythographic tradition; cult evidence varies by entity.,1,FALSE,FALSE,Titanic generation or associated figure.
ENT_EPIMETHEUS,Epimetheus,,Greek,Titan/Titaness,Titans,afterthought,titan,Greek world,Archaic-Classical/Roman reception,B,candidate_verified_name,Literary attestation in classical/mythographic tradition; cult evidence varies by entity.,1,FALSE,FALSE,Titanic generation or associated figure.
ENT_MENOETIUS,Menoetius,,Greek,Titan/Titaness,Titans,violent anger,titan,Greek world,Archaic-Classical/Roman reception,B,candidate_verified_name,Literary attestation in classical/mythographic tradition; cult evidence varies by entity.,1,FALSE,FALSE,Titanic generation or associated figure.
ENT_PERSES_TITAN,Perses Titan,,Greek,Titan/Titaness,Titans,destruction,titan,Greek world,Archaic-Classical/Roman reception,B,candidate_verified_name,Literary attestation in classical/mythographic tradition; cult evidence varies by entity.,1,FALSE,FALSE,Titanic generation or associated figure.
ENT_PALLAS_TITAN,Pallas Titan,,Greek,Titan/Titaness,Titans,warcraft,titan,Greek world,Archaic-Classical/Roman reception,B,candidate_verified_name,Literary attestation in classical/mythographic tradition; cult evidence varies by entity.,1,FALSE,FALSE,Titanic generation or associated figure.
ENT_ASTRAEUS,Astraeus,,Greek,Titan/Titaness,Titans,stars; winds,titan;celestial,Greek world,Archaic-Classical/Roman reception,B,candidate_verified_name,Literary attestation in classical/mythographic tradition; cult evidence varies by entity.,1,FALSE,FALSE,Titanic generation or associated figure.
ENT_DIONE,Dione,,Greek,Titan/Titaness,Titans,oracular goddess; mother of Aphrodite traditions,titaness;oracle,Greek world,Archaic-Classical/Roman reception,B,candidate_verified_name,Literary attestation in classical/mythographic tradition; cult evidence varies by entity.,1,FALSE,FALSE,Titanic generation or associated figure.
ENT_ZEUS,Zeus,,Greek,Olympian god,Olympians,sky; weather; kingship; law,olympian;major cult,Greek world,Archaic-Classical/Roman reception,A,candidate_verified_name,Literary attestation in classical/mythographic tradition; cult evidence varies by entity.,0,FALSE,FALSE,Major or widely attested Greek religious/mythological entity.
ENT_HERA,Hera,,Greek,Olympian goddess,Olympians,marriage; queenship,olympian;major cult,Greek world,Archaic-Classical/Roman reception,A,candidate_verified_name,Literary attestation in classical/mythographic tradition; cult evidence varies by entity.,0,FALSE,FALSE,Major or widely attested Greek religious/mythological entity.
ENT_POSEIDON,Poseidon,,Greek,Olympian god,Olympians,sea; earthquakes; horses,olympian;earth-shaker,Greek world,Archaic-Classical/Roman reception,A,candidate_verified_name,Literary attestation in classical/mythographic tradition; cult evidence varies by entity.,2,FALSE,FALSE,Major or widely attested Greek religious/mythological entity.
ENT_DEMETER,Demeter,,Greek,Olympian goddess,Agrarian/mystery gods,grain; agriculture; mystery cult,olympian;earth;eleusinian,Greek world,Archaic-Classical/Roman reception,A,candidate_verified_name,Literary attestation in classical/mythographic tradition; cult evidence varies by entity.,5,FALSE,FALSE,Major or widely attested Greek religious/mythological entity.
ENT_PERSEPHONE,Persephone,,Greek,Chthonic goddess,Underworld/mystery gods,underworld; vegetation cycle; queen of dead,chthonic;eleusinian,Greek world,Archaic-Classical/Roman reception,A,candidate_verified_name,Literary attestation in classical/mythographic tradition; cult evidence varies by entity.,5,TRUE,FALSE,Major or widely attested Greek religious/mythological entity.
ENT_HADES,Hades,,Greek,Chthonic god,Underworld gods,underworld; dead,chthonic;major,Greek world,Archaic-Classical/Roman reception,A,candidate_verified_name,Literary attestation in classical/mythographic tradition; cult evidence varies by entity.,5,TRUE,FALSE,Major or widely attested Greek religious/mythological entity.
ENT_PLOUTON,Plouton,,Greek,Chthonic god/title,Underworld/wealth,underground wealth; fertility,chthonic;wealth;cult title,Greek world,Archaic-Classical/Roman reception,A,candidate_verified_name,Literary attestation in classical/mythographic tradition; cult evidence varies by entity.,5,TRUE,FALSE,Major or widely attested Greek religious/mythological entity.
ENT_ATHENA,Athena,,Greek,Olympian goddess,Olympians,wisdom; warcraft; city protection,olympian;major cult,Greek world,Archaic-Classical/Roman reception,A,candidate_verified_name,Literary attestation in classical/mythographic tradition; cult evidence varies by entity.,0,FALSE,FALSE,Major or widely attested Greek religious/mythological entity.
ENT_APOLLO,Apollo,,Greek,Olympian god,Olympians,prophecy; music; healing; purification,olympian;oracle,Greek world,Archaic-Classical/Roman reception,A,candidate_verified_name,Literary attestation in classical/mythographic tradition; cult evidence varies by entity.,0,FALSE,FALSE,Major or widely attested Greek religious/mythological entity.
ENT_ARTEMIS,Artemis,,Greek,Olympian goddess,Olympians,hunting; wilderness; childbirth,olympian;wilderness,Greek world,Archaic-Classical/Roman reception,A,candidate_verified_name,Literary attestation in classical/mythographic tradition; cult evidence varies by entity.,3,FALSE,FALSE,Major or widely attested Greek religious/mythological entity.
ENT_ARES,Ares,,Greek,Olympian god,Olympians,war; battle fury,olympian,Greek world,Archaic-Classical/Roman reception,A,candidate_verified_name,Literary attestation in classical/mythographic tradition; cult evidence varies by entity.,0,FALSE,FALSE,Major or widely attested Greek religious/mythological entity.
ENT_APHRODITE,Aphrodite,,Greek,Olympian goddess,Olympians,love; beauty; fertility,olympian,Greek world,Archaic-Classical/Roman reception,A,candidate_verified_name,Literary attestation in classical/mythographic tradition; cult evidence varies by entity.,1,FALSE,FALSE,Major or widely attested Greek religious/mythological entity.
ENT_HEPHAESTUS,Hephaestus,,Greek,Olympian god,Craft gods,smithing; metalwork; fire craft,olympian;craft;metals,Greek world,Archaic-Classical/Roman reception,A,candidate_verified_name,Literary attestation in classical/mythographic tradition; cult evidence varies by entity.,4,FALSE,FALSE,Major or widely attested Greek religious/mythological entity.
ENT_HERMES,Hermes,,Greek,Olympian god,Olympians,travel; commerce; herds; psychopomp,olympian;psychopomp,Greek world,Archaic-Classical/Roman reception,A,candidate_verified_name,Literary attestation in classical/mythographic tradition; cult evidence varies by entity.,1,TRUE,FALSE,Major or widely attested Greek religious/mythological entity.
ENT_DIONYSUS,Dionysus,,Greek,Olympian/mystery god,Mystery gods,wine; ecstasy; vegetation; rebirth,mystery;vegetation,Greek world,Archaic-Classical/Roman reception,A,candidate_verified_name,Literary attestation in classical/mythographic tradition; cult evidence varies by entity.,3,FALSE,FALSE,Major or widely attested Greek religious/mythological entity.
ENT_HESTIA,Hestia,,Greek,Olympian goddess,Household gods,hearth; household fire,olympian;domestic cult,Greek world,Archaic-Classical/Roman reception,A,candidate_verified_name,Literary attestation in classical/mythographic tradition; cult evidence varies by entity.,1,FALSE,FALSE,Major or widely attested Greek religious/mythological entity.
ENT_PAN,Pan,,Greek,Rustic god,Rustic gods,mountains; shepherds; wild nature,rustic;mountain,Greek world,Archaic-Classical/Roman reception,A,candidate_verified_name,Literary attestation in classical/mythographic tradition; cult evidence varies by entity.,5,FALSE,FALSE,Major or widely attested Greek religious/mythological entity.
ENT_HECATE,Hecate,,Greek,Chthonic/liminal goddess,Underworld/magic,crossroads; magic; spirits; thresholds,chthonic;magic;liminal,Greek world,Archaic-Classical/Roman reception,A,candidate_verified_name,Literary attestation in classical/mythographic tradition; cult evidence varies by entity.,4,TRUE,TRUE,Major or widely attested Greek religious/mythological entity.
ENT_ASCLEPIUS,Asclepius,,Greek,Healing god/deified mortal,Healing/deified mortals,medicine; dream healing; incubation,healing;apotheosis,Greek world,Archaic-Classical/Roman reception,A,candidate_verified_name,Literary attestation in classical/mythographic tradition; cult evidence varies by entity.,1,FALSE,TRUE,Major or widely attested Greek religious/mythological entity.
ENT_EILEITHYIA,Eileithyia,,Greek,Goddess,Birth gods,childbirth,birth cult,Greek world,Archaic-Classical/Roman reception,A,candidate_verified_name,Literary attestation in classical/mythographic tradition; cult evidence varies by entity.,1,FALSE,FALSE,Major or widely attested Greek religious/mythological entity.
ENT_IRIS,Iris,,Greek,Goddess,Messenger gods,rainbow; divine messenger,messenger,Greek world,Archaic-Classical/Roman reception,B,candidate_verified_name,Literary attestation in classical/mythographic tradition; cult evidence varies by entity.,0,FALSE,FALSE,Major or widely attested Greek religious/mythological entity.
ENT_NIKE,Nike,,Greek,Goddess/daimon,Personifications,victory,personification,Greek world,Archaic-Classical/Roman reception,A,candidate_verified_name,Literary attestation in classical/mythographic tradition; cult evidence varies by entity.,0,FALSE,FALSE,Major or widely attested Greek religious/mythological entity.
ENT_TYCHE,Tyche,,Greek,Goddess/daimon,Personifications,fortune; city luck,personification;city goddess,Greek world,Archaic-Classical/Roman reception,A,candidate_verified_name,Literary attestation in classical/mythographic tradition; cult evidence varies by entity.,1,FALSE,FALSE,Major or widely attested Greek religious/mythological entity.
ENT_NEMESIS,Nemesis,,Greek,Goddess/daimon,Personifications,retribution; balance,personification;cult,Greek world,Archaic-Classical/Roman reception,A,candidate_verified_name,Literary attestation in classical/mythographic tradition; cult evidence varies by entity.,0,FALSE,FALSE,Major or widely attested Greek religious/mythological entity.
ENT_DIKE,Dike,,Greek,Goddess/daimon,Personifications,justice,personification,Greek world,Archaic-Classical/Roman reception,B,candidate_verified_name,Literary attestation in classical/mythographic tradition; cult evidence varies by entity.,0,FALSE,FALSE,Major or widely attested Greek religious/mythological entity.
ENT_EIRENE,Eirene,,Greek,Goddess/daimon,Personifications,peace,personification;Horae,Greek world,Archaic-Classical/Roman reception,A,candidate_verified_name,Literary attestation in classical/mythographic tradition; cult evidence varies by entity.,0,FALSE,FALSE,Major or widely attested Greek religious/mythological entity.
ENT_EUNOMIA,Eunomia,,Greek,Goddess/daimon,Personifications,good order,personification;Horae,Greek world,Archaic-Classical/Roman reception,B,candidate_verified_name,Literary attestation in classical/mythographic tradition; cult evidence varies by entity.,0,FALSE,FALSE,Major or widely attested Greek religious/mythological entity.
ENT_HORAE,Horae,,Greek,Goddess collective,Seasonal/order goddesses,seasons; order,collective,Greek world,Archaic-Classical/Roman reception,B,candidate_verified_name,Literary attestation in classical/mythographic tradition; cult evidence varies by entity.,3,FALSE,FALSE,Major or widely attested Greek religious/mythological entity.
ENT_CHARITES,Charites,,Greek,Goddess collective,Grace goddesses,grace; beauty; festivity,collective,Greek world,Archaic-Classical/Roman reception,A,candidate_verified_name,Literary attestation in classical/mythographic tradition; cult evidence varies by entity.,0,FALSE,FALSE,Major or widely attested Greek religious/mythological entity.
ENT_MUSES,Muses,,Greek,Goddess collective,Inspiration goddesses,poetry; music; memory,collective,Greek world,Archaic-Classical/Roman reception,A,candidate_verified_name,Literary attestation in classical/mythographic tradition; cult evidence varies by entity.,0,FALSE,FALSE,Major or widely attested Greek religious/mythological entity.
ENT_ERINYES,Erinyes,,Greek,Goddess collective,Underworld gods,vengeance; oath punishment,chthonic;collective,Greek world,Archaic-Classical/Roman reception,A,candidate_verified_name,Literary attestation in classical/mythographic tradition; cult evidence varies by entity.,4,TRUE,TRUE,Major or widely attested Greek religious/mythological entity.
ENT_MOIRAI_85,Moirai,,Greek,Goddess collective,Fate goddesses,fate; life span,collective;fate,Greek world,Archaic-Classical/Roman reception,A,candidate_verified_name,Literary attestation in classical/mythographic tradition; cult evidence varies by entity.,0,FALSE,FALSE,Major or widely attested Greek religious/mythological entity.
ENT_KOURETES,Kouretes,,Greek,Daimon collective,Rustic/guardian spirits,armed dance; guardianship,collective;rustic,Greek world,Archaic-Classical/Roman reception,B,candidate_verified_name,Literary attestation in classical/mythographic tradition; cult evidence varies by entity.,2,FALSE,FALSE,Major or widely attested Greek religious/mythological entity.
ENT_KORYBANTES,Korybantes,,Greek,Daimon collective,Ecstatic attendants,ecstatic dance; mother goddess cult,collective;rustic,Greek world,Archaic-Classical/Roman reception,B,candidate_verified_name,Literary attestation in classical/mythographic tradition; cult evidence varies by entity.,2,FALSE,FALSE,Major or widely attested Greek religious/mythological entity.
ENT_CABEIRI,Cabeiri,,Greek,Mystery gods collective,Mystery gods,initiation; protection; craft mystery,mystery;local cult,Greek world,Archaic-Classical/Roman reception,A,candidate_verified_name,Literary attestation in classical/mythographic tradition; cult evidence varies by entity.,3,FALSE,FALSE,Major or widely attested Greek religious/mythological entity.
ENT_DIOSCURI,Dioscuri,,Greek,Hero-gods collective,Deified mortals,sailors; horsemen; protection,hero cult;apotheosis,Greek world,Archaic-Classical/Roman reception,A,candidate_verified_name,Literary attestation in classical/mythographic tradition; cult evidence varies by entity.,0,FALSE,FALSE,Major or widely attested Greek religious/mythological entity.
ENT_ACHERON,Acheron,,Greek,Underworld river god,Underworld/chthonic/local cults,underworld river; pain,chthonic;river,Greek world,Archaic-Classical/Roman reception,B,candidate_verified_name,Literary attestation in classical/mythographic tradition; cult evidence varies by entity.,5,TRUE,FALSE,"Chthonic, underworld, or local cult seed entity."
ENT_COCYTUS,Cocytus,,Greek,Underworld river god,Underworld/chthonic/local cults,underworld river; lamentation,chthonic;river,Greek world,Archaic-Classical/Roman reception,B,candidate_verified_name,Literary attestation in classical/mythographic tradition; cult evidence varies by entity.,5,TRUE,FALSE,"Chthonic, underworld, or local cult seed entity."
ENT_LETHE,Lethe,,Greek,Underworld river goddess,Underworld/chthonic/local cults,oblivion; underworld river,chthonic;river,Greek world,Archaic-Classical/Roman reception,B,candidate_verified_name,Literary attestation in classical/mythographic tradition; cult evidence varies by entity.,5,TRUE,FALSE,"Chthonic, underworld, or local cult seed entity."
ENT_PHLEGETHON,Phlegethon,,Greek,Underworld river god,Underworld/chthonic/local cults,fire river; underworld,chthonic;river,Greek world,Archaic-Classical/Roman reception,B,candidate_verified_name,Literary attestation in classical/mythographic tradition; cult evidence varies by entity.,5,TRUE,FALSE,"Chthonic, underworld, or local cult seed entity."
ENT_STYX,Styx,,Greek,Oceanid/river goddess,Underworld/chthonic/local cults,oaths; underworld river,chthonic;river;oath,Greek world,Archaic-Classical/Roman reception,A,candidate_verified_name,Literary attestation in classical/mythographic tradition; cult evidence varies by entity.,5,TRUE,FALSE,"Chthonic, underworld, or local cult seed entity."
ENT_CHARON,Charon,,Greek,Underworld daimon,Underworld/chthonic/local cults,ferryman of dead,chthonic;psychopomp,Greek world,Archaic-Classical/Roman reception,B,candidate_verified_name,Literary attestation in classical/mythographic tradition; cult evidence varies by entity.,5,TRUE,FALSE,"Chthonic, underworld, or local cult seed entity."
ENT_THANATOS,Thanatos,,Greek,Daimon,Underworld/chthonic/local cults,death,death;chthonic,Greek world,Archaic-Classical/Roman reception,B,candidate_verified_name,Literary attestation in classical/mythographic tradition; cult evidence varies by entity.,5,TRUE,FALSE,"Chthonic, underworld, or local cult seed entity."
ENT_HYPNOS,Hypnos,,Greek,Daimon,Underworld/chthonic/local cults,sleep,sleep;chthonic,Greek world,Archaic-Classical/Roman reception,B,candidate_verified_name,Literary attestation in classical/mythographic tradition; cult evidence varies by entity.,5,TRUE,FALSE,"Chthonic, underworld, or local cult seed entity."
ENT_ONEIROI,Oneiroi,,Greek,Daimon collective,Underworld/chthonic/local cults,dreams,dream;chthonic,Greek world,Archaic-Classical/Roman reception,B,candidate_verified_name,Literary attestation in classical/mythographic tradition; cult evidence varies by entity.,5,TRUE,FALSE,"Chthonic, underworld, or local cult seed entity."
ENT_MORPHEUS,Morpheus,,Greek,Dream daimon,Underworld/chthonic/local cults,dream forms,dream,Greek world,Archaic-Classical/Roman reception,B,candidate_verified_name,Literary attestation in classical/mythographic tradition; cult evidence varies by entity.,3,TRUE,FALSE,"Chthonic, underworld, or local cult seed entity."
ENT_PHOBETOR,Phobetor,,Greek,Dream daimon,Underworld/chthonic/local cults,frightening dreams,dream,Greek world,Archaic-Classical/Roman reception,B,candidate_verified_name,Literary attestation in classical/mythographic tradition; cult evidence varies by entity.,3,TRUE,FALSE,"Chthonic, underworld, or local cult seed entity."
ENT_PHANTASOS,Phantasos,,Greek,Dream daimon,Underworld/chthonic/local cults,fantastic dreams,dream,Greek world,Archaic-Classical/Roman reception,B,candidate_verified_name,Literary attestation in classical/mythographic tradition; cult evidence varies by entity.,3,TRUE,FALSE,"Chthonic, underworld, or local cult seed entity."
ENT_EMPUSA,Empusa,,Greek,Underworld daimon,Underworld/chthonic/local cults,apparition; bogey spirit,chthonic;monstrous,Greek world,Archaic-Classical/Roman reception,B,candidate_verified_name,Literary attestation in classical/mythographic tradition; cult evidence varies by entity.,5,TRUE,FALSE,"Chthonic, underworld, or local cult seed entity."
ENT_EURYNOMOS,Eurynomos,,Greek,Underworld daimon,Underworld/chthonic/local cults,corpse decay,chthonic,Greek world,Archaic-Classical/Roman reception,B,candidate_verified_name,Literary attestation in classical/mythographic tradition; cult evidence varies by entity.,5,TRUE,FALSE,"Chthonic, underworld, or local cult seed entity."
ENT_MORMOLYKEIA,Mormolykeia,,Greek,Underworld daimon collective,Underworld/chthonic/local cults,frightening spirits; retinue of Hecate,chthonic;collective,Greek world,Archaic-Classical/Roman reception,B,candidate_verified_name,Literary attestation in classical/mythographic tradition; cult evidence varies by entity.,5,TRUE,FALSE,"Chthonic, underworld, or local cult seed entity."
ENT_KERES,Keres,,Greek,Death spirits collective,Underworld/chthonic/local cults,violent death,chthonic;death,Greek world,Archaic-Classical/Roman reception,B,candidate_verified_name,Literary attestation in classical/mythographic tradition; cult evidence varies by entity.,5,TRUE,FALSE,"Chthonic, underworld, or local cult seed entity."
ENT_ACHLYS,Achlys,,Greek,Daimon/goddess,Underworld/chthonic/local cults,death mist; misery,death,Greek world,Archaic-Classical/Roman reception,B,candidate_verified_name,Literary attestation in classical/mythographic tradition; cult evidence varies by entity.,3,TRUE,FALSE,"Chthonic, underworld, or local cult seed entity."
ENT_MACARIA,Macaria,,Greek,Goddess,Underworld/chthonic/local cults,blessed death,death;underworld,Greek world,Archaic-Classical/Roman reception,B,candidate_verified_name,Literary attestation in classical/mythographic tradition; cult evidence varies by entity.,3,TRUE,FALSE,"Chthonic, underworld, or local cult seed entity."
ENT_MELINOE,Melinoe,,Greek,Orphic goddess,Underworld/chthonic/local cults,ghosts; night apparitions,orphic;chthonic,Greek world,Archaic-Classical/Roman reception,B,candidate_verified_name,Literary attestation in classical/mythographic tradition; cult evidence varies by entity.,5,TRUE,FALSE,"Chthonic, underworld, or local cult seed entity."
ENT_ZAGREUS,Zagreus,,Greek,Orphic/Dionysian god,Underworld/chthonic/local cults,rebirth; underworld initiation,orphic;chthonic,Greek world,Archaic-Classical/Roman reception,B,candidate_verified_name,Literary attestation in classical/mythographic tradition; cult evidence varies by entity.,5,TRUE,FALSE,"Chthonic, underworld, or local cult seed entity."
ENT_BRIMO,Brimo,,Greek,Goddess/epithet,Underworld/chthonic/local cults,underworld power; terrifying goddess,epithet;chthonic,Greek world,Archaic-Classical/Roman reception,B,candidate_verified_name,Literary attestation in classical/mythographic tradition; cult evidence varies by entity.,5,TRUE,FALSE,"Chthonic, underworld, or local cult seed entity."
ENT_DESPOINA,Despoina,,Greek,Arcadian goddess,Underworld/chthonic/local cults,mystery cult; underworld/earth,local cult;chthonic,Greek world,Archaic-Classical/Roman reception,B,candidate_verified_name,Literary attestation in classical/mythographic tradition; cult evidence varies by entity.,5,TRUE,FALSE,"Chthonic, underworld, or local cult seed entity."
ENT_AEACUS,Aeacus,,Greek,Underworld judge,Underworld/chthonic/local cults,judge of dead,hero;underworld,Greek world,Archaic-Classical/Roman reception,B,candidate_verified_name,Literary attestation in classical/mythographic tradition; cult evidence varies by entity.,3,TRUE,FALSE,"Chthonic, underworld, or local cult seed entity."
ENT_MINOS,Minos,,Greek,Underworld judge,Underworld/chthonic/local cults,judge of dead,hero;underworld,Greek world,Archaic-Classical/Roman reception,B,candidate_verified_name,Literary attestation in classical/mythographic tradition; cult evidence varies by entity.,3,TRUE,FALSE,"Chthonic, underworld, or local cult seed entity."
ENT_RHADAMANTHYS,Rhadamanthys,,Greek,Underworld judge,Underworld/chthonic/local cults,judge of dead,hero;underworld,Greek world,Archaic-Classical/Roman reception,B,candidate_verified_name,Literary attestation in classical/mythographic tradition; cult evidence varies by entity.,3,TRUE,FALSE,"Chthonic, underworld, or local cult seed entity."
ENT_ASCALAPHUS,Ascalaphus,,Greek,Underworld daimon,Underworld/chthonic/local cults,orchard of Hades; underworld witness,chthonic,Greek world,Archaic-Classical/Roman reception,B,candidate_verified_name,Literary attestation in classical/mythographic tradition; cult evidence varies by entity.,5,TRUE,FALSE,"Chthonic, underworld, or local cult seed entity."
ENT_LEUCE,Leuce,,Greek,Nymph,Underworld/chthonic/local cults,underworld nymph; white poplar,nymph;chthonic,Greek world,Archaic-Classical/Roman reception,B,candidate_verified_name,Literary attestation in classical/mythographic tradition; cult evidence varies by entity.,5,TRUE,FALSE,"Chthonic, underworld, or local cult seed entity."
ENT_MINTHE,Minthe,,Greek,Nymph,Underworld/chthonic/local cults,underworld nymph; mint plant,nymph;chthonic,Greek world,Archaic-Classical/Roman reception,B,candidate_verified_name,Literary attestation in classical/mythographic tradition; cult evidence varies by entity.,5,TRUE,FALSE,"Chthonic, underworld, or local cult seed entity."
ENT_HADES_KLYMENOS,Hades Klymenos,,Greek,Cult title/aspect,Underworld/chthonic/local cults,underworld; renowned one,cult title;chthonic,Greek world,Archaic-Classical/Roman reception,B,candidate_verified_name,Literary attestation in classical/mythographic tradition; cult evidence varies by entity.,5,TRUE,FALSE,"Chthonic, underworld, or local cult seed entity."
ENT_TROPHONIUS,Trophonius,,Greek,Hero-daimon,Underworld/chthonic/local cults,cave oracle; underworld wisdom,hero cult;oracle;cave,Greek world,Archaic-Classical/Roman reception,A,candidate_verified_name,Literary attestation in classical/mythographic tradition; cult evidence varies by entity.,5,TRUE,FALSE,"Chthonic, underworld, or local cult seed entity."
ENT_AMPHIARAUS,Amphiaraus,,Greek,Hero-god,Underworld/chthonic/local cults,dream healing; oracle,hero cult;incubation,Greek world,Archaic-Classical/Roman reception,A,candidate_verified_name,Literary attestation in classical/mythographic tradition; cult evidence varies by entity.,3,TRUE,FALSE,"Chthonic, underworld, or local cult seed entity."
ENT_GLYCON,Glycon,,Greek,Local serpent god,Underworld/chthonic/local cults,healing; prophecy; fortune,local cult;serpent;oracle,Greek world,Archaic-Classical/Roman reception,B,candidate_verified_name,Literary attestation in classical/mythographic tradition; cult evidence varies by entity.,3,TRUE,TRUE,"Chthonic, underworld, or local cult seed entity."
ENT_PYTHON,Python,,Greek,Chthonic serpent,Underworld/chthonic/local cults,Delphic earth oracle,serpent;oracle;chthonic,Greek world,Archaic-Classical/Roman reception,B,candidate_verified_name,Literary attestation in classical/mythographic tradition; cult evidence varies by entity.,5,TRUE,TRUE,"Chthonic, underworld, or local cult seed entity."
ENT_AGATHOS_DAIMON,Agathos Daimon,,Greek,Daimon,Underworld/chthonic/local cults,household prosperity; protection,serpent;household;daimon,Greek world,Archaic-Classical/Roman reception,A,candidate_verified_name,Literary attestation in classical/mythographic tradition; cult evidence varies by entity.,3,TRUE,TRUE,"Chthonic, underworld, or local cult seed entity."
ENT_AIDOS,Aidos,,Greek,Daimon/personification,Daimones/personifications,aidos,daimon;personification,Greek world,Archaic-Classical/Roman reception,B,candidate_verified_name,Literary attestation in classical/mythographic tradition; cult evidence varies by entity.,0,FALSE,FALSE,Personified abstraction or daimon; details require row-level review.
ENT_ALGEA,Algea,,Greek,Daimon/personification,Daimones/personifications,algea,daimon;personification,Greek world,Archaic-Classical/Roman reception,B,candidate_verified_name,Literary attestation in classical/mythographic tradition; cult evidence varies by entity.,0,FALSE,FALSE,Personified abstraction or daimon; details require row-level review.
ENT_ALKE,Alke,,Greek,Daimon/personification,Daimones/personifications,alke,daimon;personification,Greek world,Archaic-Classical/Roman reception,B,candidate_verified_name,Literary attestation in classical/mythographic tradition; cult evidence varies by entity.,0,FALSE,FALSE,Personified abstraction or daimon; details require row-level review.
ENT_AMECHANIA,Amechania,,Greek,Daimon/personification,Daimones/personifications,amechania,daimon;personification,Greek world,Archaic-Classical/Roman reception,B,candidate_verified_name,Literary attestation in classical/mythographic tradition; cult evidence varies by entity.,0,FALSE,FALSE,Personified abstraction or daimon; details require row-level review.
ENT_AMPHILOGIAI,Amphilogiai,,Greek,Daimon/personification,Daimones/personifications,amphilogiai,daimon;personification,Greek world,Archaic-Classical/Roman reception,B,candidate_verified_name,Literary attestation in classical/mythographic tradition; cult evidence varies by entity.,0,FALSE,FALSE,Personified abstraction or daimon; details require row-level review.
ENT_APATE,Apate,,Greek,Daimon/personification,Daimones/personifications,apate,daimon;personification,Greek world,Archaic-Classical/Roman reception,B,candidate_verified_name,Literary attestation in classical/mythographic tradition; cult evidence varies by entity.,0,FALSE,FALSE,Personified abstraction or daimon; details require row-level review.
ENT_ARETE,Arete,,Greek,Daimon/personification,Daimones/personifications,arete,daimon;personification,Greek world,Archaic-Classical/Roman reception,B,candidate_verified_name,Literary attestation in classical/mythographic tradition; cult evidence varies by entity.,0,FALSE,FALSE,Personified abstraction or daimon; details require row-level review.
ENT_AT,Atë,,Greek,Daimon/personification,Daimones/personifications,atë,daimon;personification,Greek world,Archaic-Classical/Roman reception,B,candidate_verified_name,Literary attestation in classical/mythographic tradition; cult evidence varies by entity.,0,FALSE,FALSE,Personified abstraction or daimon; details require row-level review.
ENT_BIA,Bia,,Greek,Daimon/personification,Daimones/personifications,bia,daimon;personification,Greek world,Archaic-Classical/Roman reception,B,candidate_verified_name,Literary attestation in classical/mythographic tradition; cult evidence varies by entity.,0,FALSE,FALSE,Personified abstraction or daimon; details require row-level review.
ENT_CAERUS,Caerus,,Greek,Daimon/personification,Daimones/personifications,caerus,daimon;personification,Greek world,Archaic-Classical/Roman reception,B,candidate_verified_name,Literary attestation in classical/mythographic tradition; cult evidence varies by entity.,0,FALSE,FALSE,Personified abstraction or daimon; details require row-level review.
ENT_DEIMOS,Deimos,,Greek,Daimon/personification,Daimones/personifications,deimos,daimon;personification,Greek world,Archaic-Classical/Roman reception,B,candidate_verified_name,Literary attestation in classical/mythographic tradition; cult evidence varies by entity.,0,FALSE,FALSE,Personified abstraction or daimon; details require row-level review.
ENT_DOLOS,Dolos,,Greek,Daimon/personification,Daimones/personifications,dolos,daimon;personification,Greek world,Archaic-Classical/Roman reception,B,candidate_verified_name,Literary attestation in classical/mythographic tradition; cult evidence varies by entity.,0,FALSE,FALSE,Personified abstraction or daimon; details require row-level review.
ENT_DYSNOMIA,Dysnomia,,Greek,Daimon/personification,Daimones/personifications,dysnomia,daimon;personification,Greek world,Archaic-Classical/Roman reception,B,candidate_verified_name,Literary attestation in classical/mythographic tradition; cult evidence varies by entity.,0,FALSE,FALSE,Personified abstraction or daimon; details require row-level review.
ENT_ELPIS,Elpis,,Greek,Daimon/personification,Daimones/personifications,elpis,daimon;personification,Greek world,Archaic-Classical/Roman reception,B,candidate_verified_name,Literary attestation in classical/mythographic tradition; cult evidence varies by entity.,0,FALSE,FALSE,Personified abstraction or daimon; details require row-level review.
ENT_ENYO,Enyo,,Greek,Daimon/personification,Daimones/personifications,enyo,daimon;personification,Greek world,Archaic-Classical/Roman reception,B,candidate_verified_name,Literary attestation in classical/mythographic tradition; cult evidence varies by entity.,0,FALSE,FALSE,Personified abstraction or daimon; details require row-level review.
ENT_ERIS,Eris,,Greek,Daimon/personification,Daimones/personifications,eris,daimon;personification,Greek world,Archaic-Classical/Roman reception,B,candidate_verified_name,Literary attestation in classical/mythographic tradition; cult evidence varies by entity.,0,FALSE,FALSE,Personified abstraction or daimon; details require row-level review.
ENT_EROS,Eros,,Greek,Daimon/personification,Daimones/personifications,eros,daimon;personification,Greek world,Archaic-Classical/Roman reception,B,candidate_verified_name,Literary attestation in classical/mythographic tradition; cult evidence varies by entity.,0,FALSE,FALSE,Personified abstraction or daimon; details require row-level review.
ENT_GERAS,Geras,,Greek,Daimon/personification,Daimones/personifications,geras,daimon;personification,Greek world,Archaic-Classical/Roman reception,B,candidate_verified_name,Literary attestation in classical/mythographic tradition; cult evidence varies by entity.,0,FALSE,FALSE,Personified abstraction or daimon; details require row-level review.
ENT_HARMONIA,Harmonia,,Greek,Daimon/personification,Daimones/personifications,harmonia,daimon;personification,Greek world,Archaic-Classical/Roman reception,B,candidate_verified_name,Literary attestation in classical/mythographic tradition; cult evidence varies by entity.,0,FALSE,FALSE,Personified abstraction or daimon; details require row-level review.
ENT_HEDONE,Hedone,,Greek,Daimon/personification,Daimones/personifications,hedone,daimon;personification,Greek world,Archaic-Classical/Roman reception,B,candidate_verified_name,Literary attestation in classical/mythographic tradition; cult evidence varies by entity.,0,FALSE,FALSE,Personified abstraction or daimon; details require row-level review.
ENT_HIMEROS,Himeros,,Greek,Daimon/personification,Daimones/personifications,himeros,daimon;personification,Greek world,Archaic-Classical/Roman reception,B,candidate_verified_name,Literary attestation in classical/mythographic tradition; cult evidence varies by entity.,0,FALSE,FALSE,Personified abstraction or daimon; details require row-level review.
ENT_HOMONOIA,Homonoia,,Greek,Daimon/personification,Daimones/personifications,homonoia,daimon;personification,Greek world,Archaic-Classical/Roman reception,B,candidate_verified_name,Literary attestation in classical/mythographic tradition; cult evidence varies by entity.,0,FALSE,FALSE,Personified abstraction or daimon; details require row-level review.
ENT_HYBRIS,Hybris,,Greek,Daimon/personification,Daimones/personifications,hybris,daimon;personification,Greek world,Archaic-Classical/Roman reception,B,candidate_verified_name,Literary attestation in classical/mythographic tradition; cult evidence varies by entity.,0,FALSE,FALSE,Personified abstraction or daimon; details require row-level review.
ENT_HYSMINAI,Hysminai,,Greek,Daimon/personification,Daimones/personifications,hysminai,daimon;personification,Greek world,Archaic-Classical/Roman reception,B,candidate_verified_name,Literary attestation in classical/mythographic tradition; cult evidence varies by entity.,0,FALSE,FALSE,Personified abstraction or daimon; details require row-level review.
ENT_IOKE,Ioke,,Greek,Daimon/personification,Daimones/personifications,ioke,daimon;personification,Greek world,Archaic-Classical/Roman reception,B,candidate_verified_name,Literary attestation in classical/mythographic tradition; cult evidence varies by entity.,0,FALSE,FALSE,Personified abstraction or daimon; details require row-level review.
ENT_KRATOS,Kratos,,Greek,Daimon/personification,Daimones/personifications,kratos,daimon;personification,Greek world,Archaic-Classical/Roman reception,B,candidate_verified_name,Literary attestation in classical/mythographic tradition; cult evidence varies by entity.,0,FALSE,FALSE,Personified abstraction or daimon; details require row-level review.
ENT_KYDOIMOS,Kydoimos,,Greek,Daimon/personification,Daimones/personifications,kydoimos,daimon;personification,Greek world,Archaic-Classical/Roman reception,B,candidate_verified_name,Literary attestation in classical/mythographic tradition; cult evidence varies by entity.,0,FALSE,FALSE,Personified abstraction or daimon; details require row-level review.
ENT_LETHE_151,Lethe,,Greek,Daimon/personification,Daimones/personifications,lethe,daimon;personification,Greek world,Archaic-Classical/Roman reception,B,candidate_verified_name,Literary attestation in classical/mythographic tradition; cult evidence varies by entity.,0,FALSE,FALSE,Personified abstraction or daimon; details require row-level review.
ENT_LIMOS,Limos,,Greek,Daimon/personification,Daimones/personifications,limos,daimon;personification,Greek world,Archaic-Classical/Roman reception,B,candidate_verified_name,Literary attestation in classical/mythographic tradition; cult evidence varies by entity.,0,FALSE,FALSE,Personified abstraction or daimon; details require row-level review.
ENT_LYSSA,Lyssa,,Greek,Daimon/personification,Daimones/personifications,lyssa,daimon;personification,Greek world,Archaic-Classical/Roman reception,B,candidate_verified_name,Literary attestation in classical/mythographic tradition; cult evidence varies by entity.,0,FALSE,FALSE,Personified abstraction or daimon; details require row-level review.
ENT_MACHAI,Machai,,Greek,Daimon/personification,Daimones/personifications,machai,daimon;personification,Greek world,Archaic-Classical/Roman reception,B,candidate_verified_name,Literary attestation in classical/mythographic tradition; cult evidence varies by entity.,0,FALSE,FALSE,Personified abstraction or daimon; details require row-level review.
ENT_MANIA,Mania,,Greek,Daimon/personification,Daimones/personifications,mania,daimon;personification,Greek world,Archaic-Classical/Roman reception,B,candidate_verified_name,Literary attestation in classical/mythographic tradition; cult evidence varies by entity.,0,FALSE,FALSE,Personified abstraction or daimon; details require row-level review.
ENT_MOMUS,Momus,,Greek,Daimon/personification,Daimones/personifications,momus,daimon;personification,Greek world,Archaic-Classical/Roman reception,B,candidate_verified_name,Literary attestation in classical/mythographic tradition; cult evidence varies by entity.,0,FALSE,FALSE,Personified abstraction or daimon; details require row-level review.
ENT_MOMOS,Momos,,Greek,Daimon/personification,Daimones/personifications,momos,daimon;personification,Greek world,Archaic-Classical/Roman reception,B,candidate_verified_name,Literary attestation in classical/mythographic tradition; cult evidence varies by entity.,0,FALSE,FALSE,Personified abstraction or daimon; details require row-level review.
ENT_MOROS_158,Moros,,Greek,Daimon/personification,Daimones/personifications,moros,daimon;personification,Greek world,Archaic-Classical/Roman reception,B,candidate_verified_name,Literary attestation in classical/mythographic tradition; cult evidence varies by entity.,0,FALSE,FALSE,Personified abstraction or daimon; details require row-level review.
ENT_NIKE_159,Nike,,Greek,Daimon/personification,Daimones/personifications,nike,daimon;personification,Greek world,Archaic-Classical/Roman reception,B,candidate_verified_name,Literary attestation in classical/mythographic tradition; cult evidence varies by entity.,0,FALSE,FALSE,Personified abstraction or daimon; details require row-level review.
ENT_OIZYS,Oizys,,Greek,Daimon/personification,Daimones/personifications,oizys,daimon;personification,Greek world,Archaic-Classical/Roman reception,B,candidate_verified_name,Literary attestation in classical/mythographic tradition; cult evidence varies by entity.,0,FALSE,FALSE,Personified abstraction or daimon; details require row-level review.
ENT_PEITHO,Peitho,,Greek,Daimon/personification,Daimones/personifications,peitho,daimon;personification,Greek world,Archaic-Classical/Roman reception,B,candidate_verified_name,Literary attestation in classical/mythographic tradition; cult evidence varies by entity.,0,FALSE,FALSE,Personified abstraction or daimon; details require row-level review.
ENT_PENIA,Penia,,Greek,Daimon/personification,Daimones/personifications,penia,daimon;personification,Greek world,Archaic-Classical/Roman reception,B,candidate_verified_name,Literary attestation in classical/mythographic tradition; cult evidence varies by entity.,0,FALSE,FALSE,Personified abstraction or daimon; details require row-level review.
ENT_PHEME,Pheme,,Greek,Daimon/personification,Daimones/personifications,pheme,daimon;personification,Greek world,Archaic-Classical/Roman reception,B,candidate_verified_name,Literary attestation in classical/mythographic tradition; cult evidence varies by entity.,0,FALSE,FALSE,Personified abstraction or daimon; details require row-level review.
ENT_PHOBOS,Phobos,,Greek,Daimon/personification,Daimones/personifications,phobos,daimon;personification,Greek world,Archaic-Classical/Roman reception,B,candidate_verified_name,Literary attestation in classical/mythographic tradition; cult evidence varies by entity.,0,FALSE,FALSE,Personified abstraction or daimon; details require row-level review.
ENT_PHILOTES,Philotes,,Greek,Daimon/personification,Daimones/personifications,philotes,daimon;personification,Greek world,Archaic-Classical/Roman reception,B,candidate_verified_name,Literary attestation in classical/mythographic tradition; cult evidence varies by entity.,0,FALSE,FALSE,Personified abstraction or daimon; details require row-level review.
ENT_PONOS,Ponos,,Greek,Daimon/personification,Daimones/personifications,ponos,daimon;personification,Greek world,Archaic-Classical/Roman reception,B,candidate_verified_name,Literary attestation in classical/mythographic tradition; cult evidence varies by entity.,0,FALSE,FALSE,Personified abstraction or daimon; details require row-level review.
ENT_POROS,Poros,,Greek,Daimon/personification,Daimones/personifications,poros,daimon;personification,Greek world,Archaic-Classical/Roman reception,B,candidate_verified_name,Literary attestation in classical/mythographic tradition; cult evidence varies by entity.,0,FALSE,FALSE,Personified abstraction or daimon; details require row-level review.
ENT_POTHOS,Pothos,,Greek,Daimon/personification,Daimones/personifications,pothos,daimon;personification,Greek world,Archaic-Classical/Roman reception,B,candidate_verified_name,Literary attestation in classical/mythographic tradition; cult evidence varies by entity.,0,FALSE,FALSE,Personified abstraction or daimon; details require row-level review.
ENT_SOPHROSYNE,Sophrosyne,,Greek,Daimon/personification,Daimones/personifications,sophrosyne,daimon;personification,Greek world,Archaic-Classical/Roman reception,B,candidate_verified_name,Literary attestation in classical/mythographic tradition; cult evidence varies by entity.,0,FALSE,FALSE,Personified abstraction or daimon; details require row-level review.
ENT_SOTER,Soter,,Greek,Daimon/personification,Daimones/personifications,soter,daimon;personification,Greek world,Archaic-Classical/Roman reception,B,candidate_verified_name,Literary attestation in classical/mythographic tradition; cult evidence varies by entity.,0,FALSE,FALSE,Personified abstraction or daimon; details require row-level review.
ENT_SOTERIA,Soteria,,Greek,Daimon/personification,Daimones/personifications,soteria,daimon;personification,Greek world,Archaic-Classical/Roman reception,B,candidate_verified_name,Literary attestation in classical/mythographic tradition; cult evidence varies by entity.,0,FALSE,FALSE,Personified abstraction or daimon; details require row-level review.
ENT_TECHNE,Techne,,Greek,Daimon/personification,Daimones/personifications,techne,daimon;personification,Greek world,Archaic-Classical/Roman reception,B,candidate_verified_name,Literary attestation in classical/mythographic tradition; cult evidence varies by entity.,0,FALSE,FALSE,Personified abstraction or daimon; details require row-level review.
ENT_THANATOS_173,Thanatos,,Greek,Daimon/personification,Daimones/personifications,thanatos,daimon;personification,Greek world,Archaic-Classical/Roman reception,B,candidate_verified_name,Literary attestation in classical/mythographic tradition; cult evidence varies by entity.,0,FALSE,FALSE,Personified abstraction or daimon; details require row-level review.
ENT_THEMIS_174,Themis,,Greek,Daimon/personification,Daimones/personifications,themis,daimon;personification,Greek world,Archaic-Classical/Roman reception,B,candidate_verified_name,Literary attestation in classical/mythographic tradition; cult evidence varies by entity.,0,FALSE,FALSE,Personified abstraction or daimon; details require row-level review.
ENT_THRASOS,Thrasos,,Greek,Daimon/personification,Daimones/personifications,thrasos,daimon;personification,Greek world,Archaic-Classical/Roman reception,B,candidate_verified_name,Literary attestation in classical/mythographic tradition; cult evidence varies by entity.,0,FALSE,FALSE,Personified abstraction or daimon; details require row-level review.
ENT_TYCHE_176,Tyche,,Greek,Daimon/personification,Daimones/personifications,tyche,daimon;personification,Greek world,Archaic-Classical/Roman reception,B,candidate_verified_name,Literary attestation in classical/mythographic tradition; cult evidence varies by entity.,0,FALSE,FALSE,Personified abstraction or daimon; details require row-level review.
ENT_ZELOS,Zelos,,Greek,Daimon/personification,Daimones/personifications,zelos,daimon;personification,Greek world,Archaic-Classical/Roman reception,B,candidate_verified_name,Literary attestation in classical/mythographic tradition; cult evidence varies by entity.,0,FALSE,FALSE,Personified abstraction or daimon; details require row-level review.
ENT_ADIKIA,Adikia,,Greek,Daimon/personification,Daimones/personifications,adikia,daimon;personification,Greek world,Archaic-Classical/Roman reception,B,candidate_verified_name,Literary attestation in classical/mythographic tradition; cult evidence varies by entity.,0,FALSE,FALSE,Personified abstraction or daimon; details require row-level review.
ENT_DIKAIOSYNE,Dikaiosyne,,Greek,Daimon/personification,Daimones/personifications,dikaiosyne,daimon;personification,Greek world,Archaic-Classical/Roman reception,B,candidate_verified_name,Literary attestation in classical/mythographic tradition; cult evidence varies by entity.,0,FALSE,FALSE,Personified abstraction or daimon; details require row-level review.
ENT_ELEOS,Eleos,,Greek,Daimon/personification,Daimones/personifications,eleos,daimon;personification,Greek world,Archaic-Classical/Roman reception,B,candidate_verified_name,Literary attestation in classical/mythographic tradition; cult evidence varies by entity.,0,FALSE,FALSE,Personified abstraction or daimon; details require row-level review.
ENT_EPIPHRON,Epiphron,,Greek,Daimon/personification,Daimones/personifications,epiphron,daimon;personification,Greek world,Archaic-Classical/Roman reception,B,candidate_verified_name,Literary attestation in classical/mythographic tradition; cult evidence varies by entity.,0,FALSE,FALSE,Personified abstraction or daimon; details require row-level review.
ENT_EUSEBEIA,Eusebeia,,Greek,Daimon/personification,Daimones/personifications,eusebeia,daimon;personification,Greek world,Archaic-Classical/Roman reception,B,candidate_verified_name,Literary attestation in classical/mythographic tradition; cult evidence varies by entity.,0,FALSE,FALSE,Personified abstraction or daimon; details require row-level review.
ENT_HORKOS,Horkos,,Greek,Daimon/personification,Daimones/personifications,horkos,daimon;personification,Greek world,Archaic-Classical/Roman reception,B,candidate_verified_name,Literary attestation in classical/mythographic tradition; cult evidence varies by entity.,0,FALSE,FALSE,Personified abstraction or daimon; details require row-level review.
ENT_KAIROS,Kairos,,Greek,Daimon/personification,Daimones/personifications,kairos,daimon;personification,Greek world,Archaic-Classical/Roman reception,B,candidate_verified_name,Literary attestation in classical/mythographic tradition; cult evidence varies by entity.,0,FALSE,FALSE,Personified abstraction or daimon; details require row-level review.
ENT_KAKIA,Kakia,,Greek,Daimon/personification,Daimones/personifications,kakia,daimon;personification,Greek world,Archaic-Classical/Roman reception,B,candidate_verified_name,Literary attestation in classical/mythographic tradition; cult evidence varies by entity.,0,FALSE,FALSE,Personified abstraction or daimon; details require row-level review.
ENT_LITAE,Litae,,Greek,Daimon/personification,Daimones/personifications,litae,daimon;personification,Greek world,Archaic-Classical/Roman reception,B,candidate_verified_name,Literary attestation in classical/mythographic tradition; cult evidence varies by entity.,0,FALSE,FALSE,Personified abstraction or daimon; details require row-level review.
ENT_NEIKEA,Neikea,,Greek,Daimon/personification,Daimones/personifications,neikea,daimon;personification,Greek world,Archaic-Classical/Roman reception,B,candidate_verified_name,Literary attestation in classical/mythographic tradition; cult evidence varies by entity.,0,FALSE,FALSE,Personified abstraction or daimon; details require row-level review.
ENT_NOMOS,Nomos,,Greek,Daimon/personification,Daimones/personifications,nomos,daimon;personification,Greek world,Archaic-Classical/Roman reception,B,candidate_verified_name,Literary attestation in classical/mythographic tradition; cult evidence varies by entity.,0,FALSE,FALSE,Personified abstraction or daimon; details require row-level review.
ENT_PALIOXIS,Palioxis,,Greek,Daimon/personification,Daimones/personifications,palioxis,daimon;personification,Greek world,Archaic-Classical/Roman reception,B,candidate_verified_name,Literary attestation in classical/mythographic tradition; cult evidence varies by entity.,0,FALSE,FALSE,Personified abstraction or daimon; details require row-level review.
ENT_POINE,Poine,,Greek,Daimon/personification,Daimones/personifications,poine,daimon;personification,Greek world,Archaic-Classical/Roman reception,B,candidate_verified_name,Literary attestation in classical/mythographic tradition; cult evidence varies by entity.,0,FALSE,FALSE,Personified abstraction or daimon; details require row-level review.
ENT_PRAXIS,Praxis,,Greek,Daimon/personification,Daimones/personifications,praxis,daimon;personification,Greek world,Archaic-Classical/Roman reception,B,candidate_verified_name,Literary attestation in classical/mythographic tradition; cult evidence varies by entity.,0,FALSE,FALSE,Personified abstraction or daimon; details require row-level review.
ENT_PROIOXIS,Proioxis,,Greek,Daimon/personification,Daimones/personifications,proioxis,daimon;personification,Greek world,Archaic-Classical/Roman reception,B,candidate_verified_name,Literary attestation in classical/mythographic tradition; cult evidence varies by entity.,0,FALSE,FALSE,Personified abstraction or daimon; details require row-level review.
ENT_PSEUDOLOGOI,Pseudologoi,,Greek,Daimon/personification,Daimones/personifications,pseudologoi,daimon;personification,Greek world,Archaic-Classical/Roman reception,B,candidate_verified_name,Literary attestation in classical/mythographic tradition; cult evidence varies by entity.,0,FALSE,FALSE,Personified abstraction or daimon; details require row-level review.
ENT_NEREUS,Nereus,,Greek,Sea god,Sea gods and sea nymphs,old man of sea; prophecy,sea,Greek world,Archaic-Classical/Roman reception,B,candidate_verified_name,Literary attestation in classical/mythographic tradition; cult evidence varies by entity.,0,FALSE,FALSE,Sea divinity or Nereid/related sea being.
ENT_DORIS,Doris,,Greek,Oceanid/sea goddess,Sea gods and sea nymphs,sea bounty; mother of Nereids,sea,Greek world,Archaic-Classical/Roman reception,B,candidate_verified_name,Literary attestation in classical/mythographic tradition; cult evidence varies by entity.,0,FALSE,FALSE,Sea divinity or Nereid/related sea being.
ENT_THAUMAS,Thaumas,,Greek,Sea god,Sea gods and sea nymphs,wonders of sea,sea,Greek world,Archaic-Classical/Roman reception,B,candidate_verified_name,Literary attestation in classical/mythographic tradition; cult evidence varies by entity.,0,FALSE,FALSE,Sea divinity or Nereid/related sea being.
ENT_PHORCYS,Phorcys,,Greek,Sea god,Sea gods and sea nymphs,sea depths; sea monsters,sea,Greek world,Archaic-Classical/Roman reception,B,candidate_verified_name,Literary attestation in classical/mythographic tradition; cult evidence varies by entity.,0,FALSE,FALSE,Sea divinity or Nereid/related sea being.
ENT_CETO,Ceto,,Greek,Sea goddess,Sea gods and sea nymphs,sea monsters,sea,Greek world,Archaic-Classical/Roman reception,B,candidate_verified_name,Literary attestation in classical/mythographic tradition; cult evidence varies by entity.,0,FALSE,FALSE,Sea divinity or Nereid/related sea being.
ENT_EURYBIA_SEA,Eurybia Sea,,Greek,Sea goddess,Sea gods and sea nymphs,sea power,sea,Greek world,Archaic-Classical/Roman reception,B,candidate_verified_name,Literary attestation in classical/mythographic tradition; cult evidence varies by entity.,0,FALSE,FALSE,Sea divinity or Nereid/related sea being.
ENT_TRITON,Triton,,Greek,Sea god,Sea gods and sea nymphs,sea messenger; conch,sea,Greek world,Archaic-Classical/Roman reception,B,candidate_verified_name,Literary attestation in classical/mythographic tradition; cult evidence varies by entity.,0,FALSE,FALSE,Sea divinity or Nereid/related sea being.
ENT_PROTEUS,Proteus,,Greek,Sea god,Sea gods and sea nymphs,prophecy; shapechanging,sea;oracle,Greek world,Archaic-Classical/Roman reception,B,candidate_verified_name,Literary attestation in classical/mythographic tradition; cult evidence varies by entity.,0,FALSE,FALSE,Sea divinity or Nereid/related sea being.
ENT_GLAUCUS,Glaucus,,Greek,Sea god/deified mortal,Sea gods and sea nymphs,sea prophecy; fishermen,sea;apotheosis,Greek world,Archaic-Classical/Roman reception,B,candidate_verified_name,Literary attestation in classical/mythographic tradition; cult evidence varies by entity.,0,FALSE,FALSE,Sea divinity or Nereid/related sea being.
ENT_PALAEMON,Palaemon,,Greek,Sea god/deified child,Sea gods and sea nymphs,sailor protection,sea;apotheosis,Greek world,Archaic-Classical/Roman reception,B,candidate_verified_name,Literary attestation in classical/mythographic tradition; cult evidence varies by entity.,0,FALSE,FALSE,Sea divinity or Nereid/related sea being.
ENT_LEUCOTHEA,Leucothea,,Greek,Sea goddess/deified mortal,Sea gods and sea nymphs,sea rescue; sailor protection,sea;apotheosis,Greek world,Archaic-Classical/Roman reception,B,candidate_verified_name,Literary attestation in classical/mythographic tradition; cult evidence varies by entity.,0,FALSE,FALSE,Sea divinity or Nereid/related sea being.
ENT_THETIS,Thetis,,Greek,Nereid,Sea gods and sea nymphs,sea nymph; mother of Achilles,nereid;sea,Greek world,Archaic-Classical/Roman reception,B,candidate_verified_name,Literary attestation in classical/mythographic tradition; cult evidence varies by entity.,0,FALSE,FALSE,Sea divinity or Nereid/related sea being.
ENT_AMPHITRITE,Amphitrite,,Greek,Nereid/sea queen,Sea gods and sea nymphs,sea; queen of sea,nereid;sea,Greek world,Archaic-Classical/Roman reception,B,candidate_verified_name,Literary attestation in classical/mythographic tradition; cult evidence varies by entity.,0,FALSE,FALSE,Sea divinity or Nereid/related sea being.
ENT_GALATEA,Galatea,,Greek,Nereid,Sea gods and sea nymphs,sea nymph,nereid;sea,Greek world,Archaic-Classical/Roman reception,B,candidate_verified_name,Literary attestation in classical/mythographic tradition; cult evidence varies by entity.,0,FALSE,FALSE,Sea divinity or Nereid/related sea being.
ENT_PSAMATHE,Psamathe,,Greek,Nereid,Sea gods and sea nymphs,sand shore; sea nymph,nereid;sea,Greek world,Archaic-Classical/Roman reception,B,candidate_verified_name,Literary attestation in classical/mythographic tradition; cult evidence varies by entity.,0,FALSE,FALSE,Sea divinity or Nereid/related sea being.
ENT_CYMODOCE,Cymodoce,,Greek,Nereid,Sea gods and sea nymphs,waves; sea nymph,nereid;sea,Greek world,Archaic-Classical/Roman reception,B,candidate_verified_name,Literary attestation in classical/mythographic tradition; cult evidence varies by entity.,0,FALSE,FALSE,Sea divinity or Nereid/related sea being.
ENT_DYNAMENE,Dynamene,,Greek,Nereid,Sea gods and sea nymphs,power of sea,nereid;sea,Greek world,Archaic-Classical/Roman reception,B,candidate_verified_name,Literary attestation in classical/mythographic tradition; cult evidence varies by entity.,0,FALSE,FALSE,Sea divinity or Nereid/related sea being.
ENT_PHERUSA,Pherusa,,Greek,Nereid,Sea gods and sea nymphs,carrying power of sea,nereid;sea,Greek world,Archaic-Classical/Roman reception,B,candidate_verified_name,Literary attestation in classical/mythographic tradition; cult evidence varies by entity.,0,FALSE,FALSE,Sea divinity or Nereid/related sea being.
ENT_PROTO,Proto,,Greek,Nereid,Sea gods and sea nymphs,first sea nymph,nereid;sea,Greek world,Archaic-Classical/Roman reception,B,candidate_verified_name,Literary attestation in classical/mythographic tradition; cult evidence varies by entity.,0,FALSE,FALSE,Sea divinity or Nereid/related sea being.
ENT_ACTAEA,Actaea,,Greek,Nereid,Sea gods and sea nymphs,shore sea nymph,nereid;sea,Greek world,Archaic-Classical/Roman reception,B,candidate_verified_name,Literary attestation in classical/mythographic tradition; cult evidence varies by entity.,0,FALSE,FALSE,Sea divinity or Nereid/related sea being.
ENT_DOTO,Doto,,Greek,Nereid,Sea gods and sea nymphs,sea nymph,nereid;sea,Greek world,Archaic-Classical/Roman reception,B,candidate_verified_name,Literary attestation in classical/mythographic tradition; cult evidence varies by entity.,0,FALSE,FALSE,Sea divinity or Nereid/related sea being.
ENT_EUARNE,Euarne,,Greek,Nereid,Sea gods and sea nymphs,sea nymph,nereid;sea,Greek world,Archaic-Classical/Roman reception,B,candidate_verified_name,Literary attestation in classical/mythographic tradition; cult evidence varies by entity.,0,FALSE,FALSE,Sea divinity or Nereid/related sea being.
ENT_HIPPONOE,Hipponoe,,Greek,Nereid,Sea gods and sea nymphs,sea nymph,nereid;sea,Greek world,Archaic-Classical/Roman reception,B,candidate_verified_name,Literary attestation in classical/mythographic tradition; cult evidence varies by entity.,0,FALSE,FALSE,Sea divinity or Nereid/related sea being.
ENT_NESO,Neso,,Greek,Nereid,Sea gods and sea nymphs,island sea nymph,nereid;sea,Greek world,Archaic-Classical/Roman reception,B,candidate_verified_name,Literary attestation in classical/mythographic tradition; cult evidence varies by entity.,0,FALSE,FALSE,Sea divinity or Nereid/related sea being.
ENT_THALIA_NEREID,Thalia Nereid,,Greek,Nereid,Sea gods and sea nymphs,sea nymph,nereid;sea,Greek world,Archaic-Classical/Roman reception,B,candidate_verified_name,Literary attestation in classical/mythographic tradition; cult evidence varies by entity.,0,FALSE,FALSE,Sea divinity or Nereid/related sea being.
ENT_EUDORA_NEREID,Eudora Nereid,,Greek,Nereid,Sea gods and sea nymphs,sea nymph,nereid;sea,Greek world,Archaic-Classical/Roman reception,B,candidate_verified_name,Literary attestation in classical/mythographic tradition; cult evidence varies by entity.,0,FALSE,FALSE,Sea divinity or Nereid/related sea being.
ENT_SAO,Sao,,Greek,Nereid,Sea gods and sea nymphs,safety at sea,nereid;sea,Greek world,Archaic-Classical/Roman reception,B,candidate_verified_name,Literary attestation in classical/mythographic tradition; cult evidence varies by entity.,0,FALSE,FALSE,Sea divinity or Nereid/related sea being.
ENT_SPEIO,Speio,,Greek,Nereid,Sea gods and sea nymphs,sea caves,nereid;sea;cave,Greek world,Archaic-Classical/Roman reception,B,candidate_verified_name,Literary attestation in classical/mythographic tradition; cult evidence varies by entity.,1,FALSE,FALSE,Sea divinity or Nereid/related sea being.
ENT_GLAUCE,Glauce,,Greek,Nereid,Sea gods and sea nymphs,blue-green sea,nereid;sea,Greek world,Archaic-Classical/Roman reception,B,candidate_verified_name,Literary attestation in classical/mythographic tradition; cult evidence varies by entity.,0,FALSE,FALSE,Sea divinity or Nereid/related sea being.
ENT_CYMOTHOE,Cymothoe,,Greek,Nereid,Sea gods and sea nymphs,swift waves,nereid;sea,Greek world,Archaic-Classical/Roman reception,B,candidate_verified_name,Literary attestation in classical/mythographic tradition; cult evidence varies by entity.,0,FALSE,FALSE,Sea divinity or Nereid/related sea being.
ENT_MELITE,Melite,,Greek,Nereid,Sea gods and sea nymphs,calm sea,nereid;sea,Greek world,Archaic-Classical/Roman reception,B,candidate_verified_name,Literary attestation in classical/mythographic tradition; cult evidence varies by entity.,0,FALSE,FALSE,Sea divinity or Nereid/related sea being.
ENT_ACHELOOS,Acheloos,,Greek,River god/Potamos,River gods,river; freshwater; local geography,potamos;freshwater;local cult potential,Greek world,Archaic-Classical/Roman reception,B,candidate_verified_name,Literary attestation in classical/mythographic tradition; cult evidence varies by entity.,4,FALSE,FALSE,Named river-god/Potamos; some rows may need place disambiguation.
ENT_ALPHEUS,Alpheus,,Greek,River god/Potamos,River gods,river; freshwater; local geography,potamos;freshwater;local cult potential,Greek world,Archaic-Classical/Roman reception,B,candidate_verified_name,Literary attestation in classical/mythographic tradition; cult evidence varies by entity.,4,FALSE,FALSE,Named river-god/Potamos; some rows may need place disambiguation.
ENT_PENEUS,Peneus,,Greek,River god/Potamos,River gods,river; freshwater; local geography,potamos;freshwater;local cult potential,Greek world,Archaic-Classical/Roman reception,B,candidate_verified_name,Literary attestation in classical/mythographic tradition; cult evidence varies by entity.,4,FALSE,FALSE,Named river-god/Potamos; some rows may need place disambiguation.
ENT_SCAMANDER,Scamander,,Greek,River god/Potamos,River gods,river; freshwater; local geography,potamos;freshwater;local cult potential,Greek world,Archaic-Classical/Roman reception,B,candidate_verified_name,Literary attestation in classical/mythographic tradition; cult evidence varies by entity.,4,FALSE,FALSE,Named river-god/Potamos; some rows may need place disambiguation.
ENT_SIMOEIS,Simoeis,,Greek,River god/Potamos,River gods,river; freshwater; local geography,potamos;freshwater;local cult potential,Greek world,Archaic-Classical/Roman reception,B,candidate_verified_name,Literary attestation in classical/mythographic tradition; cult evidence varies by entity.,4,FALSE,FALSE,Named river-god/Potamos; some rows may need place disambiguation.
ENT_CEPHISSUS,Cephissus,,Greek,River god/Potamos,River gods,river; freshwater; local geography,potamos;freshwater;local cult potential,Greek world,Archaic-Classical/Roman reception,B,candidate_verified_name,Literary attestation in classical/mythographic tradition; cult evidence varies by entity.,4,FALSE,FALSE,Named river-god/Potamos; some rows may need place disambiguation.
ENT_EUROTAS,Eurotas,,Greek,River god/Potamos,River gods,river; freshwater; local geography,potamos;freshwater;local cult potential,Greek world,Archaic-Classical/Roman reception,B,candidate_verified_name,Literary attestation in classical/mythographic tradition; cult evidence varies by entity.,4,FALSE,FALSE,Named river-god/Potamos; some rows may need place disambiguation.
ENT_INACHUS,Inachus,,Greek,River god/Potamos,River gods,river; freshwater; local geography,potamos;freshwater;local cult potential,Greek world,Archaic-Classical/Roman reception,B,candidate_verified_name,Literary attestation in classical/mythographic tradition; cult evidence varies by entity.,4,FALSE,FALSE,Named river-god/Potamos; some rows may need place disambiguation.
ENT_LADON,Ladon,,Greek,River god/Potamos,River gods,river; freshwater; local geography,potamos;freshwater;local cult potential,Greek world,Archaic-Classical/Roman reception,B,candidate_verified_name,Literary attestation in classical/mythographic tradition; cult evidence varies by entity.,4,FALSE,FALSE,Named river-god/Potamos; some rows may need place disambiguation.
ENT_ASOPUS,Asopus,,Greek,River god/Potamos,River gods,river; freshwater; local geography,potamos;freshwater;local cult potential,Greek world,Archaic-Classical/Roman reception,B,candidate_verified_name,Literary attestation in classical/mythographic tradition; cult evidence varies by entity.,4,FALSE,FALSE,Named river-god/Potamos; some rows may need place disambiguation.
ENT_SPERCHEIOS,Spercheios,,Greek,River god/Potamos,River gods,river; freshwater; local geography,potamos;freshwater;local cult potential,Greek world,Archaic-Classical/Roman reception,B,candidate_verified_name,Literary attestation in classical/mythographic tradition; cult evidence varies by entity.,4,FALSE,FALSE,Named river-god/Potamos; some rows may need place disambiguation.
ENT_HEBRUS,Hebrus,,Greek,River god/Potamos,River gods,river; freshwater; local geography,potamos;freshwater;local cult potential,Greek world,Archaic-Classical/Roman reception,B,candidate_verified_name,Literary attestation in classical/mythographic tradition; cult evidence varies by entity.,4,FALSE,FALSE,Named river-god/Potamos; some rows may need place disambiguation.
ENT_ERIDANUS,Eridanus,,Greek,River god/Potamos,River gods,river; freshwater; local geography,potamos;freshwater;local cult potential,Greek world,Archaic-Classical/Roman reception,B,candidate_verified_name,Literary attestation in classical/mythographic tradition; cult evidence varies by entity.,4,FALSE,FALSE,Named river-god/Potamos; some rows may need place disambiguation.
ENT_NILE,Nile,,Greek,River god/Potamos,River gods,river; freshwater; local geography,potamos;freshwater;local cult potential,Greek world,Archaic-Classical/Roman reception,B,candidate_verified_name,Literary attestation in classical/mythographic tradition; cult evidence varies by entity.,4,FALSE,FALSE,Named river-god/Potamos; some rows may need place disambiguation.
ENT_STRYMON,Strymon,,Greek,River god/Potamos,River gods,river; freshwater; local geography,potamos;freshwater;local cult potential,Greek world,Archaic-Classical/Roman reception,B,candidate_verified_name,Literary attestation in classical/mythographic tradition; cult evidence varies by entity.,4,FALSE,FALSE,Named river-god/Potamos; some rows may need place disambiguation.
ENT_AESAR,Aesar,,Greek,River god/Potamos,River gods,river; freshwater; local geography,potamos;freshwater;local cult potential,Greek world,Archaic-Classical/Roman reception,B,candidate_verified_name,Literary attestation in classical/mythographic tradition; cult evidence varies by entity.,4,FALSE,FALSE,Named river-god/Potamos; some rows may need place disambiguation.
ENT_ACHELOUS_MINOR,Achelous Minor,,Greek,River god/Potamos,River gods,river; freshwater; local geography,potamos;freshwater;local cult potential,Greek world,Archaic-Classical/Roman reception,B,candidate_verified_name,Literary attestation in classical/mythographic tradition; cult evidence varies by entity.,4,FALSE,FALSE,Named river-god/Potamos; some rows may need place disambiguation.
ENT_ACHERON_RIVER,Acheron River,,Greek,River god/Potamos,River gods,river; freshwater; local geography,potamos;freshwater;local cult potential,Greek world,Archaic-Classical/Roman reception,B,candidate_verified_name,Literary attestation in classical/mythographic tradition; cult evidence varies by entity.,4,FALSE,FALSE,Named river-god/Potamos; some rows may need place disambiguation.
ENT_AESEPUS,Aesepus,,Greek,River god/Potamos,River gods,river; freshwater; local geography,potamos;freshwater;local cult potential,Greek world,Archaic-Classical/Roman reception,B,candidate_verified_name,Literary attestation in classical/mythographic tradition; cult evidence varies by entity.,4,FALSE,FALSE,Named river-god/Potamos; some rows may need place disambiguation.
ENT_AXIUS,Axius,,Greek,River god/Potamos,River gods,river; freshwater; local geography,potamos;freshwater;local cult potential,Greek world,Archaic-Classical/Roman reception,B,candidate_verified_name,Literary attestation in classical/mythographic tradition; cult evidence varies by entity.,4,FALSE,FALSE,Named river-god/Potamos; some rows may need place disambiguation.
ENT_CAICUS,Caicus,,Greek,River god/Potamos,River gods,river; freshwater; local geography,potamos;freshwater;local cult potential,Greek world,Archaic-Classical/Roman reception,B,candidate_verified_name,Literary attestation in classical/mythographic tradition; cult evidence varies by entity.,4,FALSE,FALSE,Named river-god/Potamos; some rows may need place disambiguation.
ENT_CLADEUS,Cladeus,,Greek,River god/Potamos,River gods,river; freshwater; local geography,potamos;freshwater;local cult potential,Greek world,Archaic-Classical/Roman reception,B,candidate_verified_name,Literary attestation in classical/mythographic tradition; cult evidence varies by entity.,4,FALSE,FALSE,Named river-god/Potamos; some rows may need place disambiguation.
ENT_CYDNUS,Cydnus,,Greek,River god/Potamos,River gods,river; freshwater; local geography,potamos;freshwater;local cult potential,Greek world,Archaic-Classical/Roman reception,B,candidate_verified_name,Literary attestation in classical/mythographic tradition; cult evidence varies by entity.,4,FALSE,FALSE,Named river-god/Potamos; some rows may need place disambiguation.
ENT_EVENUS,Evenus,,Greek,River god/Potamos,River gods,river; freshwater; local geography,potamos;freshwater;local cult potential,Greek world,Archaic-Classical/Roman reception,B,candidate_verified_name,Literary attestation in classical/mythographic tradition; cult evidence varies by entity.,4,FALSE,FALSE,Named river-god/Potamos; some rows may need place disambiguation.
ENT_ERYMANTHUS,Erymanthus,,Greek,River god/Potamos,River gods,river; freshwater; local geography,potamos;freshwater;local cult potential,Greek world,Archaic-Classical/Roman reception,B,candidate_verified_name,Literary attestation in classical/mythographic tradition; cult evidence varies by entity.,4,FALSE,FALSE,Named river-god/Potamos; some rows may need place disambiguation.
ENT_GRANICUS,Granicus,,Greek,River god/Potamos,River gods,river; freshwater; local geography,potamos;freshwater;local cult potential,Greek world,Archaic-Classical/Roman reception,B,candidate_verified_name,Literary attestation in classical/mythographic tradition; cult evidence varies by entity.,4,FALSE,FALSE,Named river-god/Potamos; some rows may need place disambiguation.
ENT_ILISSUS,Ilissus,,Greek,River god/Potamos,River gods,river; freshwater; local geography,potamos;freshwater;local cult potential,Greek world,Archaic-Classical/Roman reception,B,candidate_verified_name,Literary attestation in classical/mythographic tradition; cult evidence varies by entity.,4,FALSE,FALSE,Named river-god/Potamos; some rows may need place disambiguation.
ENT_ISMENUS,Ismenus,,Greek,River god/Potamos,River gods,river; freshwater; local geography,potamos;freshwater;local cult potential,Greek world,Archaic-Classical/Roman reception,B,candidate_verified_name,Literary attestation in classical/mythographic tradition; cult evidence varies by entity.,4,FALSE,FALSE,Named river-god/Potamos; some rows may need place disambiguation.
ENT_MAEANDER,Maeander,,Greek,River god/Potamos,River gods,river; freshwater; local geography,potamos;freshwater;local cult potential,Greek world,Archaic-Classical/Roman reception,B,candidate_verified_name,Literary attestation in classical/mythographic tradition; cult evidence varies by entity.,4,FALSE,FALSE,Named river-god/Potamos; some rows may need place disambiguation.
ENT_MELES,Meles,,Greek,River god/Potamos,River gods,river; freshwater; local geography,potamos;freshwater;local cult potential,Greek world,Archaic-Classical/Roman reception,B,candidate_verified_name,Literary attestation in classical/mythographic tradition; cult evidence varies by entity.,4,FALSE,FALSE,Named river-god/Potamos; some rows may need place disambiguation.
ENT_NESSUS,Nessus,,Greek,River god/Potamos,River gods,river; freshwater; local geography,potamos;freshwater;local cult potential,Greek world,Archaic-Classical/Roman reception,B,candidate_verified_name,Literary attestation in classical/mythographic tradition; cult evidence varies by entity.,4,FALSE,FALSE,Named river-god/Potamos; some rows may need place disambiguation.
ENT_SANGARIUS,Sangarius,,Greek,River god/Potamos,River gods,river; freshwater; local geography,potamos;freshwater;local cult potential,Greek world,Archaic-Classical/Roman reception,B,candidate_verified_name,Literary attestation in classical/mythographic tradition; cult evidence varies by entity.,4,FALSE,FALSE,Named river-god/Potamos; some rows may need place disambiguation.
ENT_SATNIOEIS,Satnioeis,,Greek,River god/Potamos,River gods,river; freshwater; local geography,potamos;freshwater;local cult potential,Greek world,Archaic-Classical/Roman reception,B,candidate_verified_name,Literary attestation in classical/mythographic tradition; cult evidence varies by entity.,4,FALSE,FALSE,Named river-god/Potamos; some rows may need place disambiguation.
ENT_TITARESIUS,Titaresius,,Greek,River god/Potamos,River gods,river; freshwater; local geography,potamos;freshwater;local cult potential,Greek world,Archaic-Classical/Roman reception,B,candidate_verified_name,Literary attestation in classical/mythographic tradition; cult evidence varies by entity.,4,FALSE,FALSE,Named river-god/Potamos; some rows may need place disambiguation.
ENT_XANTHUS,Xanthus,,Greek,River god/Potamos,River gods,river; freshwater; local geography,potamos;freshwater;local cult potential,Greek world,Archaic-Classical/Roman reception,B,candidate_verified_name,Literary attestation in classical/mythographic tradition; cult evidence varies by entity.,4,FALSE,FALSE,Named river-god/Potamos; some rows may need place disambiguation.
ENT_THERMODON,Thermodon,,Greek,River god/Potamos,River gods,river; freshwater; local geography,potamos;freshwater;local cult potential,Greek world,Archaic-Classical/Roman reception,B,candidate_verified_name,Literary attestation in classical/mythographic tradition; cult evidence varies by entity.,4,FALSE,FALSE,Named river-god/Potamos; some rows may need place disambiguation.
ENT_PARTHENIUS,Parthenius,,Greek,River god/Potamos,River gods,river; freshwater; local geography,potamos;freshwater;local cult potential,Greek world,Archaic-Classical/Roman reception,B,candidate_verified_name,Literary attestation in classical/mythographic tradition; cult evidence varies by entity.,4,FALSE,FALSE,Named river-god/Potamos; some rows may need place disambiguation.
ENT_RHESUS_RIVER,Rhesus River,,Greek,River god/Potamos,River gods,river; freshwater; local geography,potamos;freshwater;local cult potential,Greek world,Archaic-Classical/Roman reception,B,candidate_verified_name,Literary attestation in classical/mythographic tradition; cult evidence varies by entity.,4,FALSE,FALSE,Named river-god/Potamos; some rows may need place disambiguation.
ENT_PHASIS,Phasis,,Greek,River god/Potamos,River gods,river; freshwater; local geography,potamos;freshwater;local cult potential,Greek world,Archaic-Classical/Roman reception,B,candidate_verified_name,Literary attestation in classical/mythographic tradition; cult evidence varies by entity.,4,FALSE,FALSE,Named river-god/Potamos; some rows may need place disambiguation.
ENT_AGANIPPE,Aganippe,,Greek,Naiad,Nymphs and nature spirits,spring; inspiration,naiad;spring,Greek world,Archaic-Classical/Roman reception,B,candidate_verified_name,Literary attestation in classical/mythographic tradition; cult evidence varies by entity.,5,FALSE,FALSE,"Nymph/nature-spirit entry; many are literary, local, or collective categories rather than universal cult deities."
ENT_AMALTHEIA,Amaltheia,,Greek,Nymph/goat nurse,Nymphs and nature spirits,nurse of Zeus; mount Ida,nymph;mountain,Greek world,Archaic-Classical/Roman reception,B,candidate_verified_name,Literary attestation in classical/mythographic tradition; cult evidence varies by entity.,5,FALSE,FALSE,"Nymph/nature-spirit entry; many are literary, local, or collective categories rather than universal cult deities."
ENT_AEGINA,Aegina,,Greek,Nymph,Nymphs and nature spirits,island/lineage; local heroine,nymph;place,Greek world,Archaic-Classical/Roman reception,B,candidate_verified_name,Literary attestation in classical/mythographic tradition; cult evidence varies by entity.,2,FALSE,FALSE,"Nymph/nature-spirit entry; many are literary, local, or collective categories rather than universal cult deities."
ENT_ARETHUSA,Arethusa,,Greek,Naiad,Nymphs and nature spirits,spring; freshwater,naiad;spring,Greek world,Archaic-Classical/Roman reception,B,candidate_verified_name,Literary attestation in classical/mythographic tradition; cult evidence varies by entity.,5,FALSE,FALSE,"Nymph/nature-spirit entry; many are literary, local, or collective categories rather than universal cult deities."
ENT_CYRENE,Cyrene,,Greek,Nymph,Nymphs and nature spirits,hunting; city foundation,nymph;wilds,Greek world,Archaic-Classical/Roman reception,B,candidate_verified_name,Literary attestation in classical/mythographic tradition; cult evidence varies by entity.,2,FALSE,FALSE,"Nymph/nature-spirit entry; many are literary, local, or collective categories rather than universal cult deities."
ENT_DAPHNE,Daphne,,Greek,Naiad/nymph,Nymphs and nature spirits,laurel; wilderness,nymph;tree,Greek world,Archaic-Classical/Roman reception,B,candidate_verified_name,Literary attestation in classical/mythographic tradition; cult evidence varies by entity.,5,FALSE,FALSE,"Nymph/nature-spirit entry; many are literary, local, or collective categories rather than universal cult deities."
ENT_ECHO,Echo,,Greek,Oread,Nymphs and nature spirits,mountains; sound,oread;mountain,Greek world,Archaic-Classical/Roman reception,B,candidate_verified_name,Literary attestation in classical/mythographic tradition; cult evidence varies by entity.,5,FALSE,FALSE,"Nymph/nature-spirit entry; many are literary, local, or collective categories rather than universal cult deities."
ENT_SYRINX,Syrinx,,Greek,Nymph,Nymphs and nature spirits,reeds; Pan myth,nymph;wetlands,Greek world,Archaic-Classical/Roman reception,B,candidate_verified_name,Literary attestation in classical/mythographic tradition; cult evidence varies by entity.,5,FALSE,FALSE,"Nymph/nature-spirit entry; many are literary, local, or collective categories rather than universal cult deities."
ENT_DIRCE,Dirce,,Greek,Nymph,Nymphs and nature spirits,spring; Thebes,nymph;spring,Greek world,Archaic-Classical/Roman reception,B,candidate_verified_name,Literary attestation in classical/mythographic tradition; cult evidence varies by entity.,5,FALSE,FALSE,"Nymph/nature-spirit entry; many are literary, local, or collective categories rather than universal cult deities."
ENT_SALMACIS,Salmacis,,Greek,Naiad,Nymphs and nature spirits,spring; transformation,naiad;spring,Greek world,Archaic-Classical/Roman reception,B,candidate_verified_name,Literary attestation in classical/mythographic tradition; cult evidence varies by entity.,5,FALSE,FALSE,"Nymph/nature-spirit entry; many are literary, local, or collective categories rather than universal cult deities."
ENT_CALYPSO,Calypso,,Greek,Nymph,Nymphs and nature spirits,island; concealment,nymph;island,Greek world,Archaic-Classical/Roman reception,B,candidate_verified_name,Literary attestation in classical/mythographic tradition; cult evidence varies by entity.,2,FALSE,FALSE,"Nymph/nature-spirit entry; many are literary, local, or collective categories rather than universal cult deities."
ENT_MAIA,Maia,,Greek,Pleiad nymph,Nymphs and nature spirits,mother of Hermes; mountain cave,pleiad;nymph;cave,Greek world,Archaic-Classical/Roman reception,B,candidate_verified_name,Literary attestation in classical/mythographic tradition; cult evidence varies by entity.,5,FALSE,FALSE,"Nymph/nature-spirit entry; many are literary, local, or collective categories rather than universal cult deities."
ENT_ELECTRA_OCEANID,Electra Oceanid,,Greek,Oceanid,Nymphs and nature spirits,cloud/water nymph,oceanid,Greek world,Archaic-Classical/Roman reception,B,candidate_verified_name,Literary attestation in classical/mythographic tradition; cult evidence varies by entity.,2,FALSE,FALSE,"Nymph/nature-spirit entry; many are literary, local, or collective categories rather than universal cult deities."
ENT_METIS,Metis,,Greek,Oceanid/Titaness,Nymphs and nature spirits,counsel; wisdom,oceanid;titaness,Greek world,Archaic-Classical/Roman reception,B,candidate_verified_name,Literary attestation in classical/mythographic tradition; cult evidence varies by entity.,2,FALSE,FALSE,"Nymph/nature-spirit entry; many are literary, local, or collective categories rather than universal cult deities."
ENT_EURYNOME_OCEANID,Eurynome Oceanid,,Greek,Oceanid,Nymphs and nature spirits,meadows/water nymph,oceanid,Greek world,Archaic-Classical/Roman reception,B,candidate_verified_name,Literary attestation in classical/mythographic tradition; cult evidence varies by entity.,2,FALSE,FALSE,"Nymph/nature-spirit entry; many are literary, local, or collective categories rather than universal cult deities."
ENT_CLYMENE_OCEANID,Clymene Oceanid,,Greek,Oceanid,Nymphs and nature spirits,water nymph,oceanid,Greek world,Archaic-Classical/Roman reception,B,candidate_verified_name,Literary attestation in classical/mythographic tradition; cult evidence varies by entity.,2,FALSE,FALSE,"Nymph/nature-spirit entry; many are literary, local, or collective categories rather than universal cult deities."
ENT_ASIA,Asia,,Greek,Oceanid,Nymphs and nature spirits,region/name; water nymph,oceanid,Greek world,Archaic-Classical/Roman reception,B,candidate_verified_name,Literary attestation in classical/mythographic tradition; cult evidence varies by entity.,2,FALSE,FALSE,"Nymph/nature-spirit entry; many are literary, local, or collective categories rather than universal cult deities."
ENT_PLEIONE,Pleione,,Greek,Oceanid,Nymphs and nature spirits,water nymph; mother of Pleiades,oceanid,Greek world,Archaic-Classical/Roman reception,B,candidate_verified_name,Literary attestation in classical/mythographic tradition; cult evidence varies by entity.,2,FALSE,FALSE,"Nymph/nature-spirit entry; many are literary, local, or collective categories rather than universal cult deities."
ENT_CALLIRRHOE,Callirrhoe,,Greek,Oceanid,Nymphs and nature spirits,beautiful-flowing water,oceanid,Greek world,Archaic-Classical/Roman reception,B,candidate_verified_name,Literary attestation in classical/mythographic tradition; cult evidence varies by entity.,2,FALSE,FALSE,"Nymph/nature-spirit entry; many are literary, local, or collective categories rather than universal cult deities."
ENT_PERSEIS,Perseis,,Greek,Oceanid,Nymphs and nature spirits,water nymph,oceanid,Greek world,Archaic-Classical/Roman reception,B,candidate_verified_name,Literary attestation in classical/mythographic tradition; cult evidence varies by entity.,2,FALSE,FALSE,"Nymph/nature-spirit entry; many are literary, local, or collective categories rather than universal cult deities."
ENT_IDYIA,Idyia,,Greek,Oceanid,Nymphs and nature spirits,knowledge; water nymph,oceanid,Greek world,Archaic-Classical/Roman reception,B,candidate_verified_name,Literary attestation in classical/mythographic tradition; cult evidence varies by entity.,2,FALSE,FALSE,"Nymph/nature-spirit entry; many are literary, local, or collective categories rather than universal cult deities."
ENT_AETHRA_OCEANID,Aethra Oceanid,,Greek,Oceanid,Nymphs and nature spirits,bright sky/water nymph,oceanid,Greek world,Archaic-Classical/Roman reception,B,candidate_verified_name,Literary attestation in classical/mythographic tradition; cult evidence varies by entity.,2,FALSE,FALSE,"Nymph/nature-spirit entry; many are literary, local, or collective categories rather than universal cult deities."
ENT_BEROE,Beroe,,Greek,Oceanid/nymph,Nymphs and nature spirits,city nymph,nymph;place,Greek world,Archaic-Classical/Roman reception,B,candidate_verified_name,Literary attestation in classical/mythographic tradition; cult evidence varies by entity.,2,FALSE,FALSE,"Nymph/nature-spirit entry; many are literary, local, or collective categories rather than universal cult deities."
ENT_EPHYRA,Ephyra,,Greek,Oceanid/nymph,Nymphs and nature spirits,place nymph,nymph;place,Greek world,Archaic-Classical/Roman reception,B,candidate_verified_name,Literary attestation in classical/mythographic tradition; cult evidence varies by entity.,2,FALSE,FALSE,"Nymph/nature-spirit entry; many are literary, local, or collective categories rather than universal cult deities."
ENT_MELIA,Melia,,Greek,Melian nymph,Nymphs and nature spirits,ash tree; mother of race/lineage,meliae;tree,Greek world,Archaic-Classical/Roman reception,B,candidate_verified_name,Literary attestation in classical/mythographic tradition; cult evidence varies by entity.,5,FALSE,FALSE,"Nymph/nature-spirit entry; many are literary, local, or collective categories rather than universal cult deities."
ENT_PEITHO_OCEANID,Peitho Oceanid,,Greek,Oceanid,Nymphs and nature spirits,persuasion; water nymph,oceanid,Greek world,Archaic-Classical/Roman reception,B,candidate_verified_name,Literary attestation in classical/mythographic tradition; cult evidence varies by entity.,2,FALSE,FALSE,"Nymph/nature-spirit entry; many are literary, local, or collective categories rather than universal cult deities."
ENT_TYCHE_OCEANID,Tyche Oceanid,,Greek,Oceanid/personification,Nymphs and nature spirits,fortune,oceanid;personification,Greek world,Archaic-Classical/Roman reception,B,candidate_verified_name,Literary attestation in classical/mythographic tradition; cult evidence varies by entity.,2,FALSE,FALSE,"Nymph/nature-spirit entry; many are literary, local, or collective categories rather than universal cult deities."
ENT_ADRASTEIA_NYMPH,Adrasteia Nymph,,Greek,Nymph,Nymphs and nature spirits,nurse of Zeus,nymph;cretan,Greek world,Archaic-Classical/Roman reception,B,candidate_verified_name,Literary attestation in classical/mythographic tradition; cult evidence varies by entity.,2,FALSE,FALSE,"Nymph/nature-spirit entry; many are literary, local, or collective categories rather than universal cult deities."
ENT_IDAIA,Idaia,,Greek,Nymph,Nymphs and nature spirits,Mount Ida,nymph;mountain,Greek world,Archaic-Classical/Roman reception,B,candidate_verified_name,Literary attestation in classical/mythographic tradition; cult evidence varies by entity.,5,FALSE,FALSE,"Nymph/nature-spirit entry; many are literary, local, or collective categories rather than universal cult deities."
ENT_NEDA,Neda,,Greek,Nymph,Nymphs and nature spirits,nurse of Zeus; river/spring,nymph;freshwater,Greek world,Archaic-Classical/Roman reception,B,candidate_verified_name,Literary attestation in classical/mythographic tradition; cult evidence varies by entity.,2,FALSE,FALSE,"Nymph/nature-spirit entry; many are literary, local, or collective categories rather than universal cult deities."
ENT_CYLLENE,Cyllene,,Greek,Oread,Nymphs and nature spirits,mountain nymph,oread;mountain,Greek world,Archaic-Classical/Roman reception,B,candidate_verified_name,Literary attestation in classical/mythographic tradition; cult evidence varies by entity.,5,FALSE,FALSE,"Nymph/nature-spirit entry; many are literary, local, or collective categories rather than universal cult deities."
ENT_CHELONE,Chelone,,Greek,Nymph?,Nymphs and nature spirits,tortoise myth,nymph;uncertain,Greek world,Archaic-Classical/Roman reception,B,candidate_verified_name,Literary attestation in classical/mythographic tradition; cult evidence varies by entity.,2,FALSE,FALSE,"Nymph/nature-spirit entry; many are literary, local, or collective categories rather than universal cult deities."
ENT_CORYCIA,Corycia,,Greek,Nymph,Nymphs and nature spirits,Corycian cave,nymph;cave,Greek world,Archaic-Classical/Roman reception,B,candidate_verified_name,Literary attestation in classical/mythographic tradition; cult evidence varies by entity.,5,FALSE,FALSE,"Nymph/nature-spirit entry; many are literary, local, or collective categories rather than universal cult deities."
ENT_CORYCIAN_NYMPHS,Corycian Nymphs,,Greek,Nymph collective,Nymphs and nature spirits,cave nymphs,nymph;collective;cave,Greek world,Archaic-Classical/Roman reception,C,candidate_verified_name,Literary attestation in classical/mythographic tradition; cult evidence varies by entity.,5,FALSE,FALSE,"Nymph/nature-spirit entry; many are literary, local, or collective categories rather than universal cult deities."
ENT_MUSES_HELICONIAN,Muses Heliconian,,Greek,Nymph/goddess collective,Nymphs and nature spirits,inspiration; Mount Helicon,muses;mountain,Greek world,Archaic-Classical/Roman reception,B,candidate_verified_name,Literary attestation in classical/mythographic tradition; cult evidence varies by entity.,5,FALSE,FALSE,"Nymph/nature-spirit entry; many are literary, local, or collective categories rather than universal cult deities."
ENT_HESPERIDES,Hesperides,,Greek,Nymph collective,Nymphs and nature spirits,garden; golden apples,nymph;collective;garden,Greek world,Archaic-Classical/Roman reception,C,candidate_verified_name,Literary attestation in classical/mythographic tradition; cult evidence varies by entity.,2,FALSE,FALSE,"Nymph/nature-spirit entry; many are literary, local, or collective categories rather than universal cult deities."
ENT_AEGLE_HESPERID,Aegle Hesperid,,Greek,Hesperid,Nymphs and nature spirits,evening/garden nymph,hesperid,Greek world,Archaic-Classical/Roman reception,B,candidate_verified_name,Literary attestation in classical/mythographic tradition; cult evidence varies by entity.,2,FALSE,FALSE,"Nymph/nature-spirit entry; many are literary, local, or collective categories rather than universal cult deities."
ENT_ERYTHEIA_HESPERID,Erytheia Hesperid,,Greek,Hesperid,Nymphs and nature spirits,evening/garden nymph,hesperid,Greek world,Archaic-Classical/Roman reception,B,candidate_verified_name,Literary attestation in classical/mythographic tradition; cult evidence varies by entity.,2,FALSE,FALSE,"Nymph/nature-spirit entry; many are literary, local, or collective categories rather than universal cult deities."
ENT_HESPERIA_HESPERID,Hesperia Hesperid,,Greek,Hesperid,Nymphs and nature spirits,evening/garden nymph,hesperid,Greek world,Archaic-Classical/Roman reception,B,candidate_verified_name,Literary attestation in classical/mythographic tradition; cult evidence varies by entity.,2,FALSE,FALSE,"Nymph/nature-spirit entry; many are literary, local, or collective categories rather than universal cult deities."
ENT_ARETHUSA_HESPERID,Arethusa Hesperid,,Greek,Hesperid,Nymphs and nature spirits,garden nymph,hesperid,Greek world,Archaic-Classical/Roman reception,B,candidate_verified_name,Literary attestation in classical/mythographic tradition; cult evidence varies by entity.,2,FALSE,FALSE,"Nymph/nature-spirit entry; many are literary, local, or collective categories rather than universal cult deities."
ENT_LAMPADES,Lampades,,Greek,Underworld nymph collective,Nymphs and nature spirits,torches; underworld,nymph;collective;chthonic,Greek world,Archaic-Classical/Roman reception,C,candidate_verified_name,Literary attestation in classical/mythographic tradition; cult evidence varies by entity.,2,TRUE,FALSE,"Nymph/nature-spirit entry; many are literary, local, or collective categories rather than universal cult deities."
ENT_ORPHNE,Orphne,,Greek,Underworld nymph,Nymphs and nature spirits,darkness; underworld,nymph;chthonic,Greek world,Archaic-Classical/Roman reception,B,candidate_verified_name,Literary attestation in classical/mythographic tradition; cult evidence varies by entity.,2,TRUE,FALSE,"Nymph/nature-spirit entry; many are literary, local, or collective categories rather than universal cult deities."
ENT_GORGYRA,Gorgyra,,Greek,Underworld nymph,Nymphs and nature spirits,underworld,nymph;chthonic,Greek world,Archaic-Classical/Roman reception,B,candidate_verified_name,Literary attestation in classical/mythographic tradition; cult evidence varies by entity.,2,TRUE,FALSE,"Nymph/nature-spirit entry; many are literary, local, or collective categories rather than universal cult deities."
ENT_LEIMAKIDES,Leimakides,,Greek,Nymph collective,Nymphs and nature spirits,meadows,nymph;collective;meadow,Greek world,Archaic-Classical/Roman reception,C,candidate_verified_name,Literary attestation in classical/mythographic tradition; cult evidence varies by entity.,5,FALSE,FALSE,"Nymph/nature-spirit entry; many are literary, local, or collective categories rather than universal cult deities."
ENT_LIMNADES,Limnades,,Greek,Nymph collective,Nymphs and nature spirits,lakes,nymph;collective;lake,Greek world,Archaic-Classical/Roman reception,C,candidate_verified_name,Literary attestation in classical/mythographic tradition; cult evidence varies by entity.,2,FALSE,FALSE,"Nymph/nature-spirit entry; many are literary, local, or collective categories rather than universal cult deities."
ENT_NAPAEAE,Napaeae,,Greek,Nymph collective,Nymphs and nature spirits,valleys,nymph;collective;valley,Greek world,Archaic-Classical/Roman reception,C,candidate_verified_name,Literary attestation in classical/mythographic tradition; cult evidence varies by entity.,5,FALSE,FALSE,"Nymph/nature-spirit entry; many are literary, local, or collective categories rather than universal cult deities."
ENT_OREADS,Oreads,,Greek,Nymph collective,Nymphs and nature spirits,mountains,nymph;collective;mountain,Greek world,Archaic-Classical/Roman reception,C,candidate_verified_name,Literary attestation in classical/mythographic tradition; cult evidence varies by entity.,5,FALSE,FALSE,"Nymph/nature-spirit entry; many are literary, local, or collective categories rather than universal cult deities."
ENT_DRYADS,Dryads,,Greek,Nymph collective,Nymphs and nature spirits,trees; forests,nymph;collective;tree,Greek world,Archaic-Classical/Roman reception,C,candidate_verified_name,Literary attestation in classical/mythographic tradition; cult evidence varies by entity.,5,FALSE,FALSE,"Nymph/nature-spirit entry; many are literary, local, or collective categories rather than universal cult deities."
ENT_HAMADRYADS,Hamadryads,,Greek,Nymph collective,Nymphs and nature spirits,oak trees; tree-bound life,nymph;collective;tree,Greek world,Archaic-Classical/Roman reception,C,candidate_verified_name,Literary attestation in classical/mythographic tradition; cult evidence varies by entity.,5,FALSE,FALSE,"Nymph/nature-spirit entry; many are literary, local, or collective categories rather than universal cult deities."
ENT_MELIAE,Meliae,,Greek,Nymph collective,Nymphs and nature spirits,ash trees,nymph;collective;tree,Greek world,Archaic-Classical/Roman reception,C,candidate_verified_name,Literary attestation in classical/mythographic tradition; cult evidence varies by entity.,5,FALSE,FALSE,"Nymph/nature-spirit entry; many are literary, local, or collective categories rather than universal cult deities."
ENT_NAIADS,Naiads,,Greek,Nymph collective,Nymphs and nature spirits,springs; fountains; freshwater,nymph;collective;freshwater,Greek world,Archaic-Classical/Roman reception,C,candidate_verified_name,Literary attestation in classical/mythographic tradition; cult evidence varies by entity.,2,FALSE,FALSE,"Nymph/nature-spirit entry; many are literary, local, or collective categories rather than universal cult deities."
ENT_NEREIDS,Nereids,,Greek,Nymph collective,Nymphs and nature spirits,sea nymphs,nymph;collective;sea,Greek world,Archaic-Classical/Roman reception,C,candidate_verified_name,Literary attestation in classical/mythographic tradition; cult evidence varies by entity.,2,FALSE,FALSE,"Nymph/nature-spirit entry; many are literary, local, or collective categories rather than universal cult deities."
ENT_OCEANIDS,Oceanids,,Greek,Nymph collective,Nymphs and nature spirits,freshwater; clouds; rain,nymph;collective;water,Greek world,Archaic-Classical/Roman reception,C,candidate_verified_name,Literary attestation in classical/mythographic tradition; cult evidence varies by entity.,2,FALSE,FALSE,"Nymph/nature-spirit entry; many are literary, local, or collective categories rather than universal cult deities."
ENT_NEPHELAE,Nephelae,,Greek,Nymph collective,Nymphs and nature spirits,clouds,nymph;collective;cloud,Greek world,Archaic-Classical/Roman reception,C,candidate_verified_name,Literary attestation in classical/mythographic tradition; cult evidence varies by entity.,2,FALSE,FALSE,"Nymph/nature-spirit entry; many are literary, local, or collective categories rather than universal cult deities."
ENT_AURAE,Aurae,,Greek,Nymph collective,Nymphs and nature spirits,breezes,nymph;collective;air,Greek world,Archaic-Classical/Roman reception,C,candidate_verified_name,Literary attestation in classical/mythographic tradition; cult evidence varies by entity.,2,FALSE,FALSE,"Nymph/nature-spirit entry; many are literary, local, or collective categories rather than universal cult deities."
ENT_MAENADS,Maenads,,Greek,Nymph/worshipper collective,Nymphs and nature spirits,Dionysian frenzy,dionysian;collective,Greek world,Archaic-Classical/Roman reception,C,candidate_verified_name,Literary attestation in classical/mythographic tradition; cult evidence varies by entity.,2,FALSE,FALSE,"Nymph/nature-spirit entry; many are literary, local, or collective categories rather than universal cult deities."
ENT_THYIADS,Thyiads,,Greek,Nymph/worshipper collective,Nymphs and nature spirits,Dionysian ecstasy,dionysian;collective,Greek world,Archaic-Classical/Roman reception,C,candidate_verified_name,Literary attestation in classical/mythographic tradition; cult evidence varies by entity.,2,FALSE,FALSE,"Nymph/nature-spirit entry; many are literary, local, or collective categories rather than universal cult deities."
ENT_CRENAIAE,Crenaiae,,Greek,Nymph collective,Nymphs and nature spirits,wells; fountains,nymph;collective;freshwater,Greek world,Archaic-Classical/Roman reception,C,candidate_verified_name,Literary attestation in classical/mythographic tradition; cult evidence varies by entity.,2,FALSE,FALSE,"Nymph/nature-spirit entry; many are literary, local, or collective categories rather than universal cult deities."
ENT_HELEIONOMAI,Heleionomai,,Greek,Nymph collective,Nymphs and nature spirits,marshes; wetlands,nymph;collective;wetland,Greek world,Archaic-Classical/Roman reception,C,candidate_verified_name,Literary attestation in classical/mythographic tradition; cult evidence varies by entity.,5,FALSE,FALSE,"Nymph/nature-spirit entry; many are literary, local, or collective categories rather than universal cult deities."
ENT_PEGAEAE,Pegaeae,,Greek,Nymph collective,Nymphs and nature spirits,springs,nymph;collective;freshwater,Greek world,Archaic-Classical/Roman reception,C,candidate_verified_name,Literary attestation in classical/mythographic tradition; cult evidence varies by entity.,2,FALSE,FALSE,"Nymph/nature-spirit entry; many are literary, local, or collective categories rather than universal cult deities."
ENT_POTAMEIDES,Potameides,,Greek,Nymph collective,Nymphs and nature spirits,rivers,nymph;collective;freshwater,Greek world,Archaic-Classical/Roman reception,C,candidate_verified_name,Literary attestation in classical/mythographic tradition; cult evidence varies by entity.,2,FALSE,FALSE,"Nymph/nature-spirit entry; many are literary, local, or collective categories rather than universal cult deities."
ENT_ARISTAEUS,Aristaeus,,Greek,Rustic god/deified mortal,Local/imported/rustic/mystery,beekeeping; cheese-making; olive-growing; hunting,rustic;craft;agriculture,Greek world,Archaic-Classical/Roman reception,A,candidate_verified_name,Literary attestation in classical/mythographic tradition; cult evidence varies by entity.,5,FALSE,FALSE,"Seed entity included for local, imported, rustic, mystery, or apotheosis comparanda."
ENT_PRIAPUS,Priapus,,Greek,Rustic fertility god,Local/imported/rustic/mystery,gardens; fertility; livestock,rustic;fertility,Greek world,Archaic-Classical/Roman reception,A,candidate_verified_name,Literary attestation in classical/mythographic tradition; cult evidence varies by entity.,5,FALSE,FALSE,"Seed entity included for local, imported, rustic, mystery, or apotheosis comparanda."
ENT_HERMAPHRODITUS,Hermaphroditus,,Greek,Deity/deified figure,Local/imported/rustic/mystery,sexual duality; union,apotheosis;liminal,Greek world,Archaic-Classical/Roman reception,B,candidate_verified_name,Literary attestation in classical/mythographic tradition; cult evidence varies by entity.,1,FALSE,FALSE,"Seed entity included for local, imported, rustic, mystery, or apotheosis comparanda."
ENT_ARIADNE,Ariadne,,Greek,Deified mortal/goddess,Local/imported/rustic/mystery,Dionysian consort; mystery reception,apotheosis;dionysian,Greek world,Archaic-Classical/Roman reception,A,candidate_verified_name,Literary attestation in classical/mythographic tradition; cult evidence varies by entity.,1,FALSE,FALSE,"Seed entity included for local, imported, rustic, mystery, or apotheosis comparanda."
ENT_PSYCHE,Psyche,,Greek,Deified mortal/goddess,Local/imported/rustic/mystery,soul; apotheosis,apotheosis;soul,Greek world,Archaic-Classical/Roman reception,B,candidate_verified_name,Literary attestation in classical/mythographic tradition; cult evidence varies by entity.,0,FALSE,FALSE,"Seed entity included for local, imported, rustic, mystery, or apotheosis comparanda."
ENT_GANYMEDE,Ganymede,,Greek,Deified mortal,Local/imported/rustic/mystery,cupbearer of gods,apotheosis,Greek world,Archaic-Classical/Roman reception,B,candidate_verified_name,Literary attestation in classical/mythographic tradition; cult evidence varies by entity.,0,FALSE,FALSE,"Seed entity included for local, imported, rustic, mystery, or apotheosis comparanda."
ENT_TITHONUS,Tithonus,,Greek,Immortalized mortal,Local/imported/rustic/mystery,dawn consort; immortality problem,apotheosis/immortalized,Greek world,Archaic-Classical/Roman reception,B,candidate_verified_name,Literary attestation in classical/mythographic tradition; cult evidence varies by entity.,0,FALSE,FALSE,"Seed entity included for local, imported, rustic, mystery, or apotheosis comparanda."
ENT_INO_LEUCOTHEA,Ino-Leucothea,,Greek,Sea goddess/deified mortal,Local/imported/rustic/mystery,sailor rescue; sea,apotheosis;sea,Greek world,Archaic-Classical/Roman reception,A,candidate_verified_name,Literary attestation in classical/mythographic tradition; cult evidence varies by entity.,0,FALSE,FALSE,"Seed entity included for local, imported, rustic, mystery, or apotheosis comparanda."
ENT_MELICERTES_PALAEMON,Melicertes-Palaemon,,Greek,Sea god/deified mortal,Local/imported/rustic/mystery,sailor protection; Isthmian cult,apotheosis;sea;hero cult,Greek world,Archaic-Classical/Roman reception,A,candidate_verified_name,Literary attestation in classical/mythographic tradition; cult evidence varies by entity.,0,FALSE,FALSE,"Seed entity included for local, imported, rustic, mystery, or apotheosis comparanda."
ENT_SABAZIOS,Sabazios,,Greek,Phrygian-Greek god,Local/imported/rustic/mystery,protection; initiation; fertility,imported;syncretic;serpent,Greek world,Archaic-Classical/Roman reception,A,candidate_verified_name,Literary attestation in classical/mythographic tradition; cult evidence varies by entity.,3,FALSE,TRUE,"Seed entity included for local, imported, rustic, mystery, or apotheosis comparanda."
ENT_M_N,Mên,,Greek,Anatolian lunar god,Local/imported/rustic/mystery,moon; oaths; healing,anatolian;local cult,Greek world,Archaic-Classical/Roman reception,A,candidate_verified_name,Literary attestation in classical/mythographic tradition; cult evidence varies by entity.,2,FALSE,FALSE,"Seed entity included for local, imported, rustic, mystery, or apotheosis comparanda."
ENT_CYBELE,Cybele,,Greek,Anatolian mother goddess,Local/imported/rustic/mystery,mountains; fertility; wild nature,imported;mother goddess;mountain,Greek world,Archaic-Classical/Roman reception,A,candidate_verified_name,Literary attestation in classical/mythographic tradition; cult evidence varies by entity.,5,FALSE,FALSE,"Seed entity included for local, imported, rustic, mystery, or apotheosis comparanda."
ENT_ATTIS,Attis,,Greek,Phrygian god/consort,Local/imported/rustic/mystery,vegetation; death and return,imported;vegetation,Greek world,Archaic-Classical/Roman reception,A,candidate_verified_name,Literary attestation in classical/mythographic tradition; cult evidence varies by entity.,4,FALSE,FALSE,"Seed entity included for local, imported, rustic, mystery, or apotheosis comparanda."
ENT_ADONIS,Adonis,,Greek,Vegetation deity,Local/imported/rustic/mystery,vegetation; lamentation rites,near eastern;vegetation,Greek world,Archaic-Classical/Roman reception,A,candidate_verified_name,Literary attestation in classical/mythographic tradition; cult evidence varies by entity.,4,FALSE,FALSE,"Seed entity included for local, imported, rustic, mystery, or apotheosis comparanda."
ENT_BENDIS,Bendis,,Greek,Thracian goddess,Local/imported/rustic/mystery,moon; hunt,imported;thracian,Greek world,Archaic-Classical/Roman reception,A,candidate_verified_name,Literary attestation in classical/mythographic tradition; cult evidence varies by entity.,2,FALSE,FALSE,"Seed entity included for local, imported, rustic, mystery, or apotheosis comparanda."
ENT_COTYS,Cotys,,Greek,Thracian goddess,Local/imported/rustic/mystery,ecstatic rites,imported;thracian,Greek world,Archaic-Classical/Roman reception,B,candidate_verified_name,Literary attestation in classical/mythographic tradition; cult evidence varies by entity.,1,FALSE,FALSE,"Seed entity included for local, imported, rustic, mystery, or apotheosis comparanda."
ENT_DIONE_341,Dione,,Greek,Oracle goddess,Local/imported/rustic/mystery,Dodona; mother traditions,oracle;local cult,Greek world,Archaic-Classical/Roman reception,A,candidate_verified_name,Literary attestation in classical/mythographic tradition; cult evidence varies by entity.,1,FALSE,FALSE,"Seed entity included for local, imported, rustic, mystery, or apotheosis comparanda."
ENT_THEMIS_AT_DELPHI,Themis at Delphi,,Greek,Goddess/cult aspect,Local/imported/rustic/mystery,oracle; divine law,oracle;cult aspect,Greek world,Archaic-Classical/Roman reception,A,candidate_verified_name,Literary attestation in classical/mythographic tradition; cult evidence varies by entity.,1,FALSE,FALSE,"Seed entity included for local, imported, rustic, mystery, or apotheosis comparanda."
ENT_PHOEBE_AT_DELPHI,Phoebe at Delphi,,Greek,Titaness/cult aspect,Local/imported/rustic/mystery,oracle; prophecy,oracle;cult aspect,Greek world,Archaic-Classical/Roman reception,B,candidate_verified_name,Literary attestation in classical/mythographic tradition; cult evidence varies by entity.,1,FALSE,FALSE,"Seed entity included for local, imported, rustic, mystery, or apotheosis comparanda."
ENT_KOUROTROPHOS,Kourotrophos,,Greek,Cult title/deity type,Local/imported/rustic/mystery,child nurture; protection,cult title;birth,Greek world,Archaic-Classical/Roman reception,D,candidate_verified_name,Literary attestation in classical/mythographic tradition; cult evidence varies by entity.,2,FALSE,FALSE,"Seed entity included for local, imported, rustic, mystery, or apotheosis comparanda."
ENT_KALLIGENEIA,Kalligeneia,,Greek,Cult figure/title,Local/imported/rustic/mystery,beautiful birth; Thesmophoria,cult title;birth,Greek world,Archaic-Classical/Roman reception,D,candidate_verified_name,Literary attestation in classical/mythographic tradition; cult evidence varies by entity.,2,FALSE,FALSE,"Seed entity included for local, imported, rustic, mystery, or apotheosis comparanda."
ENT_ANYTUS,Anytus,,Greek,Curete/guardian,Local/imported/rustic/mystery,guardian of Despoina,guardian;local cult,Greek world,Archaic-Classical/Roman reception,B,candidate_verified_name,Literary attestation in classical/mythographic tradition; cult evidence varies by entity.,3,FALSE,FALSE,"Seed entity included for local, imported, rustic, mystery, or apotheosis comparanda."
ENT_EUBOULEUS,Eubouleus,,Greek,Eleusinian figure,Local/imported/rustic/mystery,good counsel; underworld/mystery,eleusinian;chthonic,Greek world,Archaic-Classical/Roman reception,B,candidate_verified_name,Literary attestation in classical/mythographic tradition; cult evidence varies by entity.,4,TRUE,FALSE,"Seed entity included for local, imported, rustic, mystery, or apotheosis comparanda."
ENT_TRIPTOLEMUS,Triptolemus,,Greek,Eleusinian hero,Local/imported/rustic/mystery,agriculture; grain transmission,hero cult;agriculture,Greek world,Archaic-Classical/Roman reception,A,candidate_verified_name,Literary attestation in classical/mythographic tradition; cult evidence varies by entity.,5,FALSE,FALSE,"Seed entity included for local, imported, rustic, mystery, or apotheosis comparanda."
ENT_PLUTUS,Plutus,,Greek,God/personification,Local/imported/rustic/mystery,wealth; agrarian abundance,wealth;earth,Greek world,Archaic-Classical/Roman reception,A,candidate_verified_name,Literary attestation in classical/mythographic tradition; cult evidence varies by entity.,5,FALSE,FALSE,"Seed entity included for local, imported, rustic, mystery, or apotheosis comparanda."
ENT_HERACLES,Heracles,,Greek,Hero/deified mortal/cult figure,Heroes and apotheosed mortals,hero cult; local mythic memory,hero cult;apotheosis or local cult potential,Greek world,Archaic-Classical/Roman reception,A,candidate_verified_name,Literary attestation in classical/mythographic tradition; cult evidence varies by entity.,2,FALSE,FALSE,Hero or apotheosed mortal category; cult status must be checked per locality.
ENT_ORPHEUS,Orpheus,,Greek,Hero/deified mortal/cult figure,Heroes and apotheosed mortals,hero cult; local mythic memory,hero cult;apotheosis or local cult potential,Greek world,Archaic-Classical/Roman reception,B,candidate_verified_name,Literary attestation in classical/mythographic tradition; cult evidence varies by entity.,2,FALSE,FALSE,Hero or apotheosed mortal category; cult status must be checked per locality.
ENT_PERSEUS,Perseus,,Greek,Hero/deified mortal/cult figure,Heroes and apotheosed mortals,hero cult; local mythic memory,hero cult;apotheosis or local cult potential,Greek world,Archaic-Classical/Roman reception,B,candidate_verified_name,Literary attestation in classical/mythographic tradition; cult evidence varies by entity.,2,FALSE,FALSE,Hero or apotheosed mortal category; cult status must be checked per locality.
ENT_THESEUS,Theseus,,Greek,Hero/deified mortal/cult figure,Heroes and apotheosed mortals,hero cult; local mythic memory,hero cult;apotheosis or local cult potential,Greek world,Archaic-Classical/Roman reception,B,candidate_verified_name,Literary attestation in classical/mythographic tradition; cult evidence varies by entity.,2,FALSE,FALSE,Hero or apotheosed mortal category; cult status must be checked per locality.
ENT_BELLEROPHON,Bellerophon,,Greek,Hero/deified mortal/cult figure,Heroes and apotheosed mortals,hero cult; local mythic memory,hero cult;apotheosis or local cult potential,Greek world,Archaic-Classical/Roman reception,B,candidate_verified_name,Literary attestation in classical/mythographic tradition; cult evidence varies by entity.,2,FALSE,FALSE,Hero or apotheosed mortal category; cult status must be checked per locality.
ENT_CADMUS,Cadmus,,Greek,Hero/deified mortal/cult figure,Heroes and apotheosed mortals,hero cult; local mythic memory,hero cult;apotheosis or local cult potential,Greek world,Archaic-Classical/Roman reception,B,candidate_verified_name,Literary attestation in classical/mythographic tradition; cult evidence varies by entity.,2,FALSE,FALSE,Hero or apotheosed mortal category; cult status must be checked per locality.
ENT_MOPSUS,Mopsus,,Greek,Hero/deified mortal/cult figure,Heroes and apotheosed mortals,hero cult; local mythic memory,hero cult;apotheosis or local cult potential,Greek world,Archaic-Classical/Roman reception,B,candidate_verified_name,Literary attestation in classical/mythographic tradition; cult evidence varies by entity.,2,FALSE,FALSE,Hero or apotheosed mortal category; cult status must be checked per locality.
ENT_CASTOR,Castor,,Greek,Hero/deified mortal/cult figure,Heroes and apotheosed mortals,hero cult; local mythic memory,hero cult;apotheosis or local cult potential,Greek world,Archaic-Classical/Roman reception,A,candidate_verified_name,Literary attestation in classical/mythographic tradition; cult evidence varies by entity.,2,FALSE,FALSE,Hero or apotheosed mortal category; cult status must be checked per locality.
ENT_POLYDEUCES,Polydeuces,,Greek,Hero/deified mortal/cult figure,Heroes and apotheosed mortals,hero cult; local mythic memory,hero cult;apotheosis or local cult potential,Greek world,Archaic-Classical/Roman reception,A,candidate_verified_name,Literary attestation in classical/mythographic tradition; cult evidence varies by entity.,2,FALSE,FALSE,Hero or apotheosed mortal category; cult status must be checked per locality.
ENT_ACHILLES,Achilles,,Greek,Hero/deified mortal/cult figure,Heroes and apotheosed mortals,hero cult; local mythic memory,hero cult;apotheosis or local cult potential,Greek world,Archaic-Classical/Roman reception,A,candidate_verified_name,Literary attestation in classical/mythographic tradition; cult evidence varies by entity.,2,FALSE,FALSE,Hero or apotheosed mortal category; cult status must be checked per locality.
ENT_AJAX,Ajax,,Greek,Hero/deified mortal/cult figure,Heroes and apotheosed mortals,hero cult; local mythic memory,hero cult;apotheosis or local cult potential,Greek world,Archaic-Classical/Roman reception,B,candidate_verified_name,Literary attestation in classical/mythographic tradition; cult evidence varies by entity.,2,FALSE,FALSE,Hero or apotheosed mortal category; cult status must be checked per locality.
ENT_ODYSSEUS,Odysseus,,Greek,Hero/deified mortal/cult figure,Heroes and apotheosed mortals,hero cult; local mythic memory,hero cult;apotheosis or local cult potential,Greek world,Archaic-Classical/Roman reception,B,candidate_verified_name,Literary attestation in classical/mythographic tradition; cult evidence varies by entity.,2,FALSE,FALSE,Hero or apotheosed mortal category; cult status must be checked per locality.
ENT_MENELAUS,Menelaus,,Greek,Hero/deified mortal/cult figure,Heroes and apotheosed mortals,hero cult; local mythic memory,hero cult;apotheosis or local cult potential,Greek world,Archaic-Classical/Roman reception,B,candidate_verified_name,Literary attestation in classical/mythographic tradition; cult evidence varies by entity.,2,FALSE,FALSE,Hero or apotheosed mortal category; cult status must be checked per locality.
ENT_HELEN,Helen,,Greek,Hero/deified mortal/cult figure,Heroes and apotheosed mortals,hero cult; local mythic memory,hero cult;apotheosis or local cult potential,Greek world,Archaic-Classical/Roman reception,A,candidate_verified_name,Literary attestation in classical/mythographic tradition; cult evidence varies by entity.,2,FALSE,FALSE,Hero or apotheosed mortal category; cult status must be checked per locality.
ENT_IPHIGENIA,Iphigenia,,Greek,Hero/deified mortal/cult figure,Heroes and apotheosed mortals,hero cult; local mythic memory,hero cult;apotheosis or local cult potential,Greek world,Archaic-Classical/Roman reception,B,candidate_verified_name,Literary attestation in classical/mythographic tradition; cult evidence varies by entity.,2,FALSE,FALSE,Hero or apotheosed mortal category; cult status must be checked per locality.
ENT_ORESTES,Orestes,,Greek,Hero/deified mortal/cult figure,Heroes and apotheosed mortals,hero cult; local mythic memory,hero cult;apotheosis or local cult potential,Greek world,Archaic-Classical/Roman reception,B,candidate_verified_name,Literary attestation in classical/mythographic tradition; cult evidence varies by entity.,2,FALSE,FALSE,Hero or apotheosed mortal category; cult status must be checked per locality.
ENT_PYLADES,Pylades,,Greek,Hero/deified mortal/cult figure,Heroes and apotheosed mortals,hero cult; local mythic memory,hero cult;apotheosis or local cult potential,Greek world,Archaic-Classical/Roman reception,B,candidate_verified_name,Literary attestation in classical/mythographic tradition; cult evidence varies by entity.,2,FALSE,FALSE,Hero or apotheosed mortal category; cult status must be checked per locality.
ENT_DIOMEDES,Diomedes,,Greek,Hero/deified mortal/cult figure,Heroes and apotheosed mortals,hero cult; local mythic memory,hero cult;apotheosis or local cult potential,Greek world,Archaic-Classical/Roman reception,B,candidate_verified_name,Literary attestation in classical/mythographic tradition; cult evidence varies by entity.,2,FALSE,FALSE,Hero or apotheosed mortal category; cult status must be checked per locality.
ENT_HIPPOLYTUS,Hippolytus,,Greek,Hero/deified mortal/cult figure,Heroes and apotheosed mortals,hero cult; local mythic memory,hero cult;apotheosis or local cult potential,Greek world,Archaic-Classical/Roman reception,B,candidate_verified_name,Literary attestation in classical/mythographic tradition; cult evidence varies by entity.,2,FALSE,FALSE,Hero or apotheosed mortal category; cult status must be checked per locality.
ENT_HYACINTHUS,Hyacinthus,,Greek,Hero/deified mortal/cult figure,Heroes and apotheosed mortals,hero cult; local mythic memory,hero cult;apotheosis or local cult potential,Greek world,Archaic-Classical/Roman reception,A,candidate_verified_name,Literary attestation in classical/mythographic tradition; cult evidence varies by entity.,2,FALSE,FALSE,Hero or apotheosed mortal category; cult status must be checked per locality.
ENT_ADONIS_HERO,Adonis Hero,,Greek,Hero/deified mortal/cult figure,Heroes and apotheosed mortals,hero cult; local mythic memory,hero cult;apotheosis or local cult potential,Greek world,Archaic-Classical/Roman reception,B,candidate_verified_name,Literary attestation in classical/mythographic tradition; cult evidence varies by entity.,2,FALSE,FALSE,Hero or apotheosed mortal category; cult status must be checked per locality.
ENT_ERECHTHEUS,Erechtheus,,Greek,Hero/deified mortal/cult figure,Heroes and apotheosed mortals,hero cult; local mythic memory,hero cult;apotheosis or local cult potential,Greek world,Archaic-Classical/Roman reception,B,candidate_verified_name,Literary attestation in classical/mythographic tradition; cult evidence varies by entity.,2,FALSE,FALSE,Hero or apotheosed mortal category; cult status must be checked per locality.
ENT_CECROPS,Cecrops,,Greek,Hero/deified mortal/cult figure,Heroes and apotheosed mortals,hero cult; local mythic memory,hero cult;apotheosis or local cult potential,Greek world,Archaic-Classical/Roman reception,B,candidate_verified_name,Literary attestation in classical/mythographic tradition; cult evidence varies by entity.,2,FALSE,FALSE,Hero or apotheosed mortal category; cult status must be checked per locality.
ENT_ION,Ion,,Greek,Hero/deified mortal/cult figure,Heroes and apotheosed mortals,hero cult; local mythic memory,hero cult;apotheosis or local cult potential,Greek world,Archaic-Classical/Roman reception,B,candidate_verified_name,Literary attestation in classical/mythographic tradition; cult evidence varies by entity.,2,FALSE,FALSE,Hero or apotheosed mortal category; cult status must be checked per locality.
ENT_MINOS_HERO,Minos Hero,,Greek,Hero/deified mortal/cult figure,Heroes and apotheosed mortals,hero cult; local mythic memory,hero cult;apotheosis or local cult potential,Greek world,Archaic-Classical/Roman reception,B,candidate_verified_name,Literary attestation in classical/mythographic tradition; cult evidence varies by entity.,2,FALSE,FALSE,Hero or apotheosed mortal category; cult status must be checked per locality.
ENT_RHADAMANTHYS_HERO,Rhadamanthys Hero,,Greek,Hero/deified mortal/cult figure,Heroes and apotheosed mortals,hero cult; local mythic memory,hero cult;apotheosis or local cult potential,Greek world,Archaic-Classical/Roman reception,B,candidate_verified_name,Literary attestation in classical/mythographic tradition; cult evidence varies by entity.,2,FALSE,FALSE,Hero or apotheosed mortal category; cult status must be checked per locality.
ENT_AEACUS_HERO,Aeacus Hero,,Greek,Hero/deified mortal/cult figure,Heroes and apotheosed mortals,hero cult; local mythic memory,hero cult;apotheosis or local cult potential,Greek world,Archaic-Classical/Roman reception,B,candidate_verified_name,Literary attestation in classical/mythographic tradition; cult evidence varies by entity.,2,FALSE,FALSE,Hero or apotheosed mortal category; cult status must be checked per locality.
ENT_PELOPS,Pelops,,Greek,Hero/deified mortal/cult figure,Heroes and apotheosed mortals,hero cult; local mythic memory,hero cult;apotheosis or local cult potential,Greek world,Archaic-Classical/Roman reception,B,candidate_verified_name,Literary attestation in classical/mythographic tradition; cult evidence varies by entity.,2,FALSE,FALSE,Hero or apotheosed mortal category; cult status must be checked per locality.
ENT_OENOMAUS,Oenomaus,,Greek,Hero/deified mortal/cult figure,Heroes and apotheosed mortals,hero cult; local mythic memory,hero cult;apotheosis or local cult potential,Greek world,Archaic-Classical/Roman reception,B,candidate_verified_name,Literary attestation in classical/mythographic tradition; cult evidence varies by entity.,2,FALSE,FALSE,Hero or apotheosed mortal category; cult status must be checked per locality.
ENT_JASON,Jason,,Greek,Hero/deified mortal/cult figure,Heroes and apotheosed mortals,hero cult; local mythic memory,hero cult;apotheosis or local cult potential,Greek world,Archaic-Classical/Roman reception,B,candidate_verified_name,Literary attestation in classical/mythographic tradition; cult evidence varies by entity.,2,FALSE,FALSE,Hero or apotheosed mortal category; cult status must be checked per locality.
ENT_MEDEA,Medea,,Greek,Hero/deified mortal/cult figure,Heroes and apotheosed mortals,hero cult; local mythic memory,hero cult;apotheosis or local cult potential,Greek world,Archaic-Classical/Roman reception,B,candidate_verified_name,Literary attestation in classical/mythographic tradition; cult evidence varies by entity.,2,FALSE,FALSE,Hero or apotheosed mortal category; cult status must be checked per locality.
ENT_MELEAGER,Meleager,,Greek,Hero/deified mortal/cult figure,Heroes and apotheosed mortals,hero cult; local mythic memory,hero cult;apotheosis or local cult potential,Greek world,Archaic-Classical/Roman reception,B,candidate_verified_name,Literary attestation in classical/mythographic tradition; cult evidence varies by entity.,2,FALSE,FALSE,Hero or apotheosed mortal category; cult status must be checked per locality.
ENT_ATALANTA,Atalanta,,Greek,Hero/deified mortal/cult figure,Heroes and apotheosed mortals,hero cult; local mythic memory,hero cult;apotheosis or local cult potential,Greek world,Archaic-Classical/Roman reception,B,candidate_verified_name,Literary attestation in classical/mythographic tradition; cult evidence varies by entity.,2,FALSE,FALSE,Hero or apotheosed mortal category; cult status must be checked per locality.
ENT_PROTESILAUS,Protesilaus,,Greek,Hero/deified mortal/cult figure,Heroes and apotheosed mortals,hero cult; local mythic memory,hero cult;apotheosis or local cult potential,Greek world,Archaic-Classical/Roman reception,B,candidate_verified_name,Literary attestation in classical/mythographic tradition; cult evidence varies by entity.,2,FALSE,FALSE,Hero or apotheosed mortal category; cult status must be checked per locality.
ENT_HECTOR,Hector,,Greek,Hero/deified mortal/cult figure,Heroes and apotheosed mortals,hero cult; local mythic memory,hero cult;apotheosis or local cult potential,Greek world,Archaic-Classical/Roman reception,B,candidate_verified_name,Literary attestation in classical/mythographic tradition; cult evidence varies by entity.,2,FALSE,FALSE,Hero or apotheosed mortal category; cult status must be checked per locality.
ENT_MEMNON,Memnon,,Greek,Hero/deified mortal/cult figure,Heroes and apotheosed mortals,hero cult; local mythic memory,hero cult;apotheosis or local cult potential,Greek world,Archaic-Classical/Roman reception,B,candidate_verified_name,Literary attestation in classical/mythographic tradition; cult evidence varies by entity.,2,FALSE,FALSE,Hero or apotheosed mortal category; cult status must be checked per locality.
ENT_AENEAS_GREEK_RECEPTION,Aeneas Greek reception,,Greek,Hero/deified mortal/cult figure,Heroes and apotheosed mortals,hero cult; local mythic memory,hero cult;apotheosis or local cult potential,Greek world,Archaic-Classical/Roman reception,B,candidate_verified_name,Literary attestation in classical/mythographic tradition; cult evidence varies by entity.,2,FALSE,FALSE,Hero or apotheosed mortal category; cult status must be checked per locality.
ENT_ASCLEPIUS_HERO,Asclepius Hero,,Greek,Hero/deified mortal/cult figure,Heroes and apotheosed mortals,hero cult; local mythic memory,hero cult;apotheosis or local cult potential,Greek world,Archaic-Classical/Roman reception,A,candidate_verified_name,Literary attestation in classical/mythographic tradition; cult evidence varies by entity.,2,FALSE,FALSE,Hero or apotheosed mortal category; cult status must be checked per locality.
ENT_ARISTAEUS_HERO,Aristaeus Hero,,Greek,Hero/deified mortal/cult figure,Heroes and apotheosed mortals,hero cult; local mythic memory,hero cult;apotheosis or local cult potential,Greek world,Archaic-Classical/Roman reception,B,candidate_verified_name,Literary attestation in classical/mythographic tradition; cult evidence varies by entity.,2,FALSE,FALSE,Hero or apotheosed mortal category; cult status must be checked per locality.
