entity_id,system,score_name,score,confidence,rationale,source_id,review_status
ENT_CHAOS,classical_element,earth,0,low,Algorithmic seed score from v0.1 category/domains/tags; matched: none.,SRC_INTERNAL_HEURISTIC_V0_2,needs_review
ENT_CHAOS,classical_element,water,0,low,Algorithmic seed score from v0.1 category/domains/tags; matched: none.,SRC_INTERNAL_HEURISTIC_V0_2,needs_review
ENT_CHAOS,classical_element,fire,0,low,Algorithmic seed score from v0.1 category/domains/tags; matched: none.,SRC_INTERNAL_HEURISTIC_V0_2,needs_review
ENT_CHAOS,classical_element,air,0,low,Algorithmic seed score from v0.1 category/domains/tags; matched: none.,SRC_INTERNAL_HEURISTIC_V0_2,needs_review
ENT_CHAOS,classical_planet,moon,0,low,Algorithmic seed score from v0.1 category/domains/tags; matched: none.,SRC_INTERNAL_HEURISTIC_V0_2,needs_review
ENT_CHAOS,classical_planet,mercury,0,low,Algorithmic seed score from v0.1 category/domains/tags; matched: none.,SRC_INTERNAL_HEURISTIC_V0_2,needs_review
ENT_CHAOS,classical_planet,venus,0,low,Algorithmic seed score from v0.1 category/domains/tags; matched: none.,SRC_INTERNAL_HEURISTIC_V0_2,needs_review
ENT_CHAOS,classical_planet,sun,0,low,Algorithmic seed score from v0.1 category/domains/tags; matched: none.,SRC_INTERNAL_HEURISTIC_V0_2,needs_review
ENT_CHAOS,classical_planet,mars,0,low,Algorithmic seed score from v0.1 category/domains/tags; matched: none.,SRC_INTERNAL_HEURISTIC_V0_2,needs_review
ENT_CHAOS,classical_planet,jupiter,0,low,Algorithmic seed score from v0.1 category/domains/tags; matched: none.,SRC_INTERNAL_HEURISTIC_V0_2,needs_review
ENT_CHAOS,classical_planet,saturn,3,low,Algorithmic seed score from v0.1 category/domains/tags; matched: primordial.,SRC_INTERNAL_HEURISTIC_V0_2,needs_review
ENT_GAIA,classical_element,earth,5,medium,Algorithmic seed score from v0.1 category/domains/tags; matched: earth.,SRC_INTERNAL_HEURISTIC_V0_2,needs_review
ENT_GAIA,classical_element,water,0,low,Algorithmic seed score from v0.1 category/domains/tags; matched: none.,SRC_INTERNAL_HEURISTIC_V0_2,needs_review
ENT_GAIA,classical_element,fire,0,low,Algorithmic seed score from v0.1 category/domains/tags; matched: none.,SRC_INTERNAL_HEURISTIC_V0_2,needs_review
ENT_GAIA,classical_element,air,0,low,Algorithmic seed score from v0.1 category/domains/tags; matched: none.,SRC_INTERNAL_HEURISTIC_V0_2,needs_review
ENT_GAIA,classical_planet,moon,0,low,Algorithmic seed score from v0.1 category/domains/tags; matched: none.,SRC_INTERNAL_HEURISTIC_V0_2,needs_review
ENT_GAIA,classical_planet,mercury,0,low,Algorithmic seed score from v0.1 category/domains/tags; matched: none.,SRC_INTERNAL_HEURISTIC_V0_2,needs_review
ENT_GAIA,classical_planet,venus,0,low,Algorithmic seed score from v0.1 category/domains/tags; matched: none.,SRC_INTERNAL_HEURISTIC_V0_2,needs_review
ENT_GAIA,classical_planet,sun,0,low,Algorithmic seed score from v0.1 category/domains/tags; matched: none.,SRC_INTERNAL_HEURISTIC_V0_2,needs_review
ENT_GAIA,classical_planet,mars,0,low,Algorithmic seed score from v0.1 category/domains/tags; matched: none.,SRC_INTERNAL_HEURISTIC_V0_2,needs_review
ENT_GAIA,classical_planet,jupiter,0,low,Algorithmic seed score from v0.1 category/domains/tags; matched: none.,SRC_INTERNAL_HEURISTIC_V0_2,needs_review
ENT_GAIA,classical_planet,saturn,3,low,Algorithmic seed score from v0.1 category/domains/tags; matched: primordial.,SRC_INTERNAL_HEURISTIC_V0_2,needs_review
ENT_URANUS,classical_element,earth,0,low,Algorithmic seed score from v0.1 category/domains/tags; matched: none.,SRC_INTERNAL_HEURISTIC_V0_2,needs_review
ENT_URANUS,classical_element,water,0,low,Algorithmic seed score from v0.1 category/domains/tags; matched: none.,SRC_INTERNAL_HEURISTIC_V0_2,needs_review
ENT_URANUS,classical_element,fire,0,low,Algorithmic seed score from v0.1 category/domains/tags; matched: none.,SRC_INTERNAL_HEURISTIC_V0_2,needs_review
ENT_URANUS,classical_element,air,5,medium,Algorithmic seed score from v0.1 category/domains/tags; matched: sky.,SRC_INTERNAL_HEURISTIC_V0_2,needs_review
ENT_URANUS,classical_planet,moon,0,low,Algorithmic seed score from v0.1 category/domains/tags; matched: none.,SRC_INTERNAL_HEURISTIC_V0_2,needs_review
ENT_URANUS,classical_planet,mercury,0,low,Algorithmic seed score from v0.1 category/domains/tags; matched: none.,SRC_INTERNAL_HEURISTIC_V0_2,needs_review
ENT_URANUS,classical_planet,venus,0,low,Algorithmic seed score from v0.1 category/domains/tags; matched: none.,SRC_INTERNAL_HEURISTIC_V0_2,needs_review
ENT_URANUS,classical_planet,sun,0,low,Algorithmic seed score from v0.1 category/domains/tags; matched: none.,SRC_INTERNAL_HEURISTIC_V0_2,needs_review
ENT_URANUS,classical_planet,mars,0,low,Algorithmic seed score from v0.1 category/domains/tags; matched: none.,SRC_INTERNAL_HEURISTIC_V0_2,needs_review
ENT_URANUS,classical_planet,jupiter,3,low,Algorithmic seed score from v0.1 category/domains/tags; matched: sky.,SRC_INTERNAL_HEURISTIC_V0_2,needs_review
ENT_URANUS,classical_planet,saturn,3,low,Algorithmic seed score from v0.1 category/domains/tags; matched: primordial.,SRC_INTERNAL_HEURISTIC_V0_2,needs_review
ENT_PONTUS,classical_element,earth,0,low,Algorithmic seed score from v0.1 category/domains/tags; matched: none.,SRC_INTERNAL_HEURISTIC_V0_2,needs_review
ENT_PONTUS,classical_element,water,5,medium,Algorithmic seed score from v0.1 category/domains/tags; matched: sea.,SRC_INTERNAL_HEURISTIC_V0_2,needs_review
ENT_PONTUS,classical_element,fire,0,low,Algorithmic seed score from v0.1 category/domains/tags; matched: none.,SRC_INTERNAL_HEURISTIC_V0_2,needs_review
ENT_PONTUS,classical_element,air,0,low,Algorithmic seed score from v0.1 category/domains/tags; matched: none.,SRC_INTERNAL_HEURISTIC_V0_2,needs_review
ENT_PONTUS,classical_planet,moon,0,low,Algorithmic seed score from v0.1 category/domains/tags; matched: none.,SRC_INTERNAL_HEURISTIC_V0_2,needs_review
ENT_PONTUS,classical_planet,mercury,0,low,Algorithmic seed score from v0.1 category/domains/tags; matched: none.,SRC_INTERNAL_HEURISTIC_V0_2,needs_review
ENT_PONTUS,classical_planet,venus,0,low,Algorithmic seed score from v0.1 category/domains/tags; matched: none.,SRC_INTERNAL_HEURISTIC_V0_2,needs_review
ENT_PONTUS,classical_planet,sun,0,low,Algorithmic seed score from v0.1 category/domains/tags; matched: none.,SRC_INTERNAL_HEURISTIC_V0_2,needs_review
ENT_PONTUS,classical_planet,mars,0,low,Algorithmic seed score from v0.1 category/domains/tags; matched: none.,SRC_INTERNAL_HEURISTIC_V0_2,needs_review
ENT_PONTUS,classical_planet,jupiter,0,low,Algorithmic seed score from v0.1 category/domains/tags; matched: none.,SRC_INTERNAL_HEURISTIC_V0_2,needs_review
ENT_PONTUS,classical_planet,saturn,3,low,Algorithmic seed score from v0.1 category/domains/tags; matched: primordial.,SRC_INTERNAL_HEURISTIC_V0_2,needs_review
ENT_TARTARUS,classical_element,earth,5,medium,Algorithmic seed score from v0.1 category/domains/tags; matched: underworld.,SRC_INTERNAL_HEURISTIC_V0_2,needs_review
ENT_TARTARUS,classical_element,water,0,low,Algorithmic seed score from v0.1 category/domains/tags; matched: none.,SRC_INTERNAL_HEURISTIC_V0_2,needs_review
ENT_TARTARUS,classical_element,fire,0,low,Algorithmic seed score from v0.1 category/domains/tags; matched: none.,SRC_INTERNAL_HEURISTIC_V0_2,needs_review
ENT_TARTARUS,classical_element,air,0,low,Algorithmic seed score from v0.1 category/domains/tags; matched: none.,SRC_INTERNAL_HEURISTIC_V0_2,needs_review
ENT_TARTARUS,classical_planet,moon,2,low,Algorithmic seed score from v0.1 category/domains/tags; matched: underworld.,SRC_INTERNAL_HEURISTIC_V0_2,needs_review
ENT_TARTARUS,classical_planet,mercury,0,low,Algorithmic seed score from v0.1 category/domains/tags; matched: none.,SRC_INTERNAL_HEURISTIC_V0_2,needs_review
ENT_TARTARUS,classical_planet,venus,0,low,Algorithmic seed score from v0.1 category/domains/tags; matched: none.,SRC_INTERNAL_HEURISTIC_V0_2,needs_review
ENT_TARTARUS,classical_planet,sun,0,low,Algorithmic seed score from v0.1 category/domains/tags; matched: none.,SRC_INTERNAL_HEURISTIC_V0_2,needs_review
ENT_TARTARUS,classical_planet,mars,0,low,Algorithmic seed score from v0.1 category/domains/tags; matched: none.,SRC_INTERNAL_HEURISTIC_V0_2,needs_review
ENT_TARTARUS,classical_planet,jupiter,0,low,Algorithmic seed score from v0.1 category/domains/tags; matched: none.,SRC_INTERNAL_HEURISTIC_V0_2,needs_review
ENT_TARTARUS,classical_planet,saturn,4,medium,"Algorithmic seed score from v0.1 category/domains/tags; matched: underworld, primordial.",SRC_INTERNAL_HEURISTIC_V0_2,needs_review
ENT_EREBUS,classical_element,earth,5,medium,Algorithmic seed score from v0.1 category/domains/tags; matched: underworld.,SRC_INTERNAL_HEURISTIC_V0_2,needs_review
ENT_EREBUS,classical_element,water,0,low,Algorithmic seed score from v0.1 category/domains/tags; matched: none.,SRC_INTERNAL_HEURISTIC_V0_2,needs_review
ENT_EREBUS,classical_element,fire,0,low,Algorithmic seed score from v0.1 category/domains/tags; matched: none.,SRC_INTERNAL_HEURISTIC_V0_2,needs_review
ENT_EREBUS,classical_element,air,0,low,Algorithmic seed score from v0.1 category/domains/tags; matched: none.,SRC_INTERNAL_HEURISTIC_V0_2,needs_review
ENT_EREBUS,classical_planet,moon,2,low,Algorithmic seed score from v0.1 category/domains/tags; matched: underworld.,SRC_INTERNAL_HEURISTIC_V0_2,needs_review
ENT_EREBUS,classical_planet,mercury,0,low,Algorithmic seed score from v0.1 category/domains/tags; matched: none.,SRC_INTERNAL_HEURISTIC_V0_2,needs_review
ENT_EREBUS,classical_planet,venus,0,low,Algorithmic seed score from v0.1 category/domains/tags; matched: none.,SRC_INTERNAL_HEURISTIC_V0_2,needs_review
ENT_EREBUS,classical_planet,sun,0,low,Algorithmic seed score from v0.1 category/domains/tags; matched: none.,SRC_INTERNAL_HEURISTIC_V0_2,needs_review
ENT_EREBUS,classical_planet,mars,0,low,Algorithmic seed score from v0.1 category/domains/tags; matched: none.,SRC_INTERNAL_HEURISTIC_V0_2,needs_review
ENT_EREBUS,classical_planet,jupiter,0,low,Algorithmic seed score from v0.1 category/domains/tags; matched: none.,SRC_INTERNAL_HEURISTIC_V0_2,needs_review
ENT_EREBUS,classical_planet,saturn,4,medium,"Algorithmic seed score from v0.1 category/domains/tags; matched: underworld, primordial.",SRC_INTERNAL_HEURISTIC_V0_2,needs_review
ENT_NYX,classical_element,earth,5,medium,Algorithmic seed score from v0.1 category/domains/tags; matched: none.,SRC_INTERNAL_HEURISTIC_V0_2,needs_review
ENT_NYX,classical_element,water,0,low,Algorithmic seed score from v0.1 category/domains/tags; matched: none.,SRC_INTERNAL_HEURISTIC_V0_2,needs_review
ENT_NYX,classical_element,fire,0,low,Algorithmic seed score from v0.1 category/domains/tags; matched: none.,SRC_INTERNAL_HEURISTIC_V0_2,needs_review
ENT_NYX,classical_element,air,0,low,Algorithmic seed score from v0.1 category/domains/tags; matched: none.,SRC_INTERNAL_HEURISTIC_V0_2,needs_review
ENT_NYX,classical_planet,moon,4,medium,Algorithmic seed score from v0.1 category/domains/tags; matched: night.,SRC_INTERNAL_HEURISTIC_V0_2,needs_review
ENT_NYX,classical_planet,mercury,0,low,Algorithmic seed score from v0.1 category/domains/tags; matched: none.,SRC_INTERNAL_HEURISTIC_V0_2,needs_review
ENT_NYX,classical_planet,venus,0,low,Algorithmic seed score from v0.1 category/domains/tags; matched: none.,SRC_INTERNAL_HEURISTIC_V0_2,needs_review
ENT_NYX,classical_planet,sun,0,low,Algorithmic seed score from v0.1 category/domains/tags; matched: none.,SRC_INTERNAL_HEURISTIC_V0_2,needs_review
ENT_NYX,classical_planet,mars,0,low,Algorithmic seed score from v0.1 category/domains/tags; matched: none.,SRC_INTERNAL_HEURISTIC_V0_2,needs_review
ENT_NYX,classical_planet,jupiter,0,low,Algorithmic seed score from v0.1 category/domains/tags; matched: none.,SRC_INTERNAL_HEURISTIC_V0_2,needs_review
ENT_NYX,classical_planet,saturn,3,low,Algorithmic seed score from v0.1 category/domains/tags; matched: primordial.,SRC_INTERNAL_HEURISTIC_V0_2,needs_review
ENT_HEMERA,classical_element,earth,0,low,Algorithmic seed score from v0.1 category/domains/tags; matched: none.,SRC_INTERNAL_HEURISTIC_V0_2,needs_review
ENT_HEMERA,classical_element,water,0,low,Algorithmic seed score from v0.1 category/domains/tags; matched: none.,SRC_INTERNAL_HEURISTIC_V0_2,needs_review
ENT_HEMERA,classical_element,fire,0,low,Algorithmic seed score from v0.1 category/domains/tags; matched: none.,SRC_INTERNAL_HEURISTIC_V0_2,needs_review
ENT_HEMERA,classical_element,air,0,low,Algorithmic seed score from v0.1 category/domains/tags; matched: none.,SRC_INTERNAL_HEURISTIC_V0_2,needs_review
ENT_HEMERA,classical_planet,moon,0,low,Algorithmic seed score from v0.1 category/domains/tags; matched: none.,SRC_INTERNAL_HEURISTIC_V0_2,needs_review
ENT_HEMERA,classical_planet,mercury,0,low,Algorithmic seed score from v0.1 category/domains/tags; matched: none.,SRC_INTERNAL_HEURISTIC_V0_2,needs_review
ENT_HEMERA,classical_planet,venus,0,low,Algorithmic seed score from v0.1 category/domains/tags; matched: none.,SRC_INTERNAL_HEURISTIC_V0_2,needs_review
ENT_HEMERA,classical_planet,sun,0,low,Algorithmic seed score from v0.1 category/domains/tags; matched: none.,SRC_INTERNAL_HEURISTIC_V0_2,needs_review
ENT_HEMERA,classical_planet,mars,0,low,Algorithmic seed score from v0.1 category/domains/tags; matched: none.,SRC_INTERNAL_HEURISTIC_V0_2,needs_review
ENT_HEMERA,classical_planet,jupiter,0,low,Algorithmic seed score from v0.1 category/domains/tags; matched: none.,SRC_INTERNAL_HEURISTIC_V0_2,needs_review
ENT_HEMERA,classical_planet,saturn,3,low,Algorithmic seed score from v0.1 category/domains/tags; matched: primordial.,SRC_INTERNAL_HEURISTIC_V0_2,needs_review
ENT_AETHER,classical_element,earth,0,low,Algorithmic seed score from v0.1 category/domains/tags; matched: none.,SRC_INTERNAL_HEURISTIC_V0_2,needs_review
ENT_AETHER,classical_element,water,0,low,Algorithmic seed score from v0.1 category/domains/tags; matched: none.,SRC_INTERNAL_HEURISTIC_V0_2,needs_review
ENT_AETHER,classical_element,fire,0,low,Algorithmic seed score from v0.1 category/domains/tags; matched: none.,SRC_INTERNAL_HEURISTIC_V0_2,needs_review
ENT_AETHER,classical_element,air,5,medium,"Algorithmic seed score from v0.1 category/domains/tags; matched: air, upper air.",SRC_INTERNAL_HEURISTIC_V0_2,needs_review
ENT_AETHER,classical_planet,moon,0,low,Algorithmic seed score from v0.1 category/domains/tags; matched: none.,SRC_INTERNAL_HEURISTIC_V0_2,needs_review
ENT_AETHER,classical_planet,mercury,0,low,Algorithmic seed score from v0.1 category/domains/tags; matched: none.,SRC_INTERNAL_HEURISTIC_V0_2,needs_review
ENT_AETHER,classical_planet,venus,0,low,Algorithmic seed score from v0.1 category/domains/tags; matched: none.,SRC_INTERNAL_HEURISTIC_V0_2,needs_review
ENT_AETHER,classical_planet,sun,0,low,Algorithmic seed score from v0.1 category/domains/tags; matched: none.,SRC_INTERNAL_HEURISTIC_V0_2,needs_review
ENT_AETHER,classical_planet,mars,0,low,Algorithmic seed score from v0.1 category/domains/tags; matched: none.,SRC_INTERNAL_HEURISTIC_V0_2,needs_review
ENT_AETHER,classical_planet,jupiter,0,low,Algorithmic seed score from v0.1 category/domains/tags; matched: none.,SRC_INTERNAL_HEURISTIC_V0_2,needs_review
ENT_AETHER,classical_planet,saturn,3,low,Algorithmic seed score from v0.1 category/domains/tags; matched: primordial.,SRC_INTERNAL_HEURISTIC_V0_2,needs_review
ENT_EROS_PRIMORDIAL,classical_element,earth,0,low,Algorithmic seed score from v0.1 category/domains/tags; matched: none.,SRC_INTERNAL_HEURISTIC_V0_2,needs_review
ENT_EROS_PRIMORDIAL,classical_element,water,0,low,Algorithmic seed score from v0.1 category/domains/tags; matched: none.,SRC_INTERNAL_HEURISTIC_V0_2,needs_review
ENT_EROS_PRIMORDIAL,classical_element,fire,0,low,Algorithmic seed score from v0.1 category/domains/tags; matched: none.,SRC_INTERNAL_HEURISTIC_V0_2,needs_review
ENT_EROS_PRIMORDIAL,classical_element,air,0,low,Algorithmic seed score from v0.1 category/domains/tags; matched: none.,SRC_INTERNAL_HEURISTIC_V0_2,needs_review
ENT_EROS_PRIMORDIAL,classical_planet,moon,0,low,Algorithmic seed score from v0.1 category/domains/tags; matched: none.,SRC_INTERNAL_HEURISTIC_V0_2,needs_review
ENT_EROS_PRIMORDIAL,classical_planet,mercury,0,low,Algorithmic seed score from v0.1 category/domains/tags; matched: none.,SRC_INTERNAL_HEURISTIC_V0_2,needs_review
ENT_EROS_PRIMORDIAL,classical_planet,venus,0,low,Algorithmic seed score from v0.1 category/domains/tags; matched: none.,SRC_INTERNAL_HEURISTIC_V0_2,needs_review
ENT_EROS_PRIMORDIAL,classical_planet,sun,0,low,Algorithmic seed score from v0.1 category/domains/tags; matched: none.,SRC_INTERNAL_HEURISTIC_V0_2,needs_review
ENT_EROS_PRIMORDIAL,classical_planet,mars,0,low,Algorithmic seed score from v0.1 category/domains/tags; matched: none.,SRC_INTERNAL_HEURISTIC_V0_2,needs_review
ENT_EROS_PRIMORDIAL,classical_planet,jupiter,0,low,Algorithmic seed score from v0.1 category/domains/tags; matched: none.,SRC_INTERNAL_HEURISTIC_V0_2,needs_review
ENT_EROS_PRIMORDIAL,classical_planet,saturn,3,low,Algorithmic seed score from v0.1 category/domains/tags; matched: primordial.,SRC_INTERNAL_HEURISTIC_V0_2,needs_review
ENT_ANANKE,classical_element,earth,0,low,Algorithmic seed score from v0.1 category/domains/tags; matched: none.,SRC_INTERNAL_HEURISTIC_V0_2,needs_review
ENT_ANANKE,classical_element,water,0,low,Algorithmic seed score from v0.1 category/domains/tags; matched: none.,SRC_INTERNAL_HEURISTIC_V0_2,needs_review
ENT_ANANKE,classical_element,fire,0,low,Algorithmic seed score from v0.1 category/domains/tags; matched: none.,SRC_INTERNAL_HEURISTIC_V0_2,needs_review
ENT_ANANKE,classical_element,air,0,low,Algorithmic seed score from v0.1 category/domains/tags; matched: none.,SRC_INTERNAL_HEURISTIC_V0_2,needs_review
ENT_ANANKE,classical_planet,moon,0,low,Algorithmic seed score from v0.1 category/domains/tags; matched: none.,SRC_INTERNAL_HEURISTIC_V0_2,needs_review
ENT_ANANKE,classical_planet,mercury,0,low,Algorithmic seed score from v0.1 category/domains/tags; matched: none.,SRC_INTERNAL_HEURISTIC_V0_2,needs_review
ENT_ANANKE,classical_planet,venus,0,low,Algorithmic seed score from v0.1 category/domains/tags; matched: none.,SRC_INTERNAL_HEURISTIC_V0_2,needs_review
ENT_ANANKE,classical_planet,sun,0,low,Algorithmic seed score from v0.1 category/domains/tags; matched: none.,SRC_INTERNAL_HEURISTIC_V0_2,needs_review
ENT_ANANKE,classical_planet,mars,0,low,Algorithmic seed score from v0.1 category/domains/tags; matched: none.,SRC_INTERNAL_HEURISTIC_V0_2,needs_review
ENT_ANANKE,classical_planet,jupiter,0,low,Algorithmic seed score from v0.1 category/domains/tags; matched: none.,SRC_INTERNAL_HEURISTIC_V0_2,needs_review
ENT_ANANKE,classical_planet,saturn,4,medium,"Algorithmic seed score from v0.1 category/domains/tags; matched: necessity, fate, primordial.",SRC_INTERNAL_HEURISTIC_V0_2,needs_review
ENT_CHRONOS,classical_element,earth,0,low,Algorithmic seed score from v0.1 category/domains/tags; matched: none.,SRC_INTERNAL_HEURISTIC_V0_2,needs_review
ENT_CHRONOS,classical_element,water,0,low,Algorithmic seed score from v0.1 category/domains/tags; matched: none.,SRC_INTERNAL_HEURISTIC_V0_2,needs_review
ENT_CHRONOS,classical_element,fire,0,low,Algorithmic seed score from v0.1 category/domains/tags; matched: none.,SRC_INTERNAL_HEURISTIC_V0_2,needs_review
ENT_CHRONOS,classical_element,air,0,low,Algorithmic seed score from v0.1 category/domains/tags; matched: none.,SRC_INTERNAL_HEURISTIC_V0_2,needs_review
ENT_CHRONOS,classical_planet,moon,0,low,Algorithmic seed score from v0.1 category/domains/tags; matched: none.,SRC_INTERNAL_HEURISTIC_V0_2,needs_review
ENT_CHRONOS,classical_planet,mercury,0,low,Algorithmic seed score from v0.1 category/domains/tags; matched: none.,SRC_INTERNAL_HEURISTIC_V0_2,needs_review
ENT_CHRONOS,classical_planet,venus,0,low,Algorithmic seed score from v0.1 category/domains/tags; matched: none.,SRC_INTERNAL_HEURISTIC_V0_2,needs_review
ENT_CHRONOS,classical_planet,sun,0,low,Algorithmic seed score from v0.1 category/domains/tags; matched: none.,SRC_INTERNAL_HEURISTIC_V0_2,needs_review
ENT_CHRONOS,classical_planet,mars,0,low,Algorithmic seed score from v0.1 category/domains/tags; matched: none.,SRC_INTERNAL_HEURISTIC_V0_2,needs_review
ENT_CHRONOS,classical_planet,jupiter,0,low,Algorithmic seed score from v0.1 category/domains/tags; matched: none.,SRC_INTERNAL_HEURISTIC_V0_2,needs_review
ENT_CHRONOS,classical_planet,saturn,5,medium,"Algorithmic seed score from v0.1 category/domains/tags; matched: time, primordial.",SRC_INTERNAL_HEURISTIC_V0_2,needs_review
ENT_PHANES,classical_element,earth,0,low,Algorithmic seed score from v0.1 category/domains/tags; matched: none.,SRC_INTERNAL_HEURISTIC_V0_2,needs_review
ENT_PHANES,classical_element,water,0,low,Algorithmic seed score from v0.1 category/domains/tags; matched: none.,SRC_INTERNAL_HEURISTIC_V0_2,needs_review
ENT_PHANES,classical_element,fire,0,low,Algorithmic seed score from v0.1 category/domains/tags; matched: none.,SRC_INTERNAL_HEURISTIC_V0_2,needs_review
ENT_PHANES,classical_element,air,0,low,Algorithmic seed score from v0.1 category/domains/tags; matched: none.,SRC_INTERNAL_HEURISTIC_V0_2,needs_review
ENT_PHANES,classical_planet,moon,0,low,Algorithmic seed score from v0.1 category/domains/tags; matched: none.,SRC_INTERNAL_HEURISTIC_V0_2,needs_review
ENT_PHANES,classical_planet,mercury,0,low,Algorithmic seed score from v0.1 category/domains/tags; matched: none.,SRC_INTERNAL_HEURISTIC_V0_2,needs_review
ENT_PHANES,classical_planet,venus,0,low,Algorithmic seed score from v0.1 category/domains/tags; matched: none.,SRC_INTERNAL_HEURISTIC_V0_2,needs_review
ENT_PHANES,classical_planet,sun,0,low,Algorithmic seed score from v0.1 category/domains/tags; matched: none.,SRC_INTERNAL_HEURISTIC_V0_2,needs_review
ENT_PHANES,classical_planet,mars,0,low,Algorithmic seed score from v0.1 category/domains/tags; matched: none.,SRC_INTERNAL_HEURISTIC_V0_2,needs_review
ENT_PHANES,classical_planet,jupiter,0,low,Algorithmic seed score from v0.1 category/domains/tags; matched: none.,SRC_INTERNAL_HEURISTIC_V0_2,needs_review
ENT_PHANES,classical_planet,saturn,3,low,Algorithmic seed score from v0.1 category/domains/tags; matched: primordial.,SRC_INTERNAL_HEURISTIC_V0_2,needs_review
ENT_THESIS,classical_element,earth,0,low,Algorithmic seed score from v0.1 category/domains/tags; matched: none.,SRC_INTERNAL_HEURISTIC_V0_2,needs_review
ENT_THESIS,classical_element,water,0,low,Algorithmic seed score from v0.1 category/domains/tags; matched: none.,SRC_INTERNAL_HEURISTIC_V0_2,needs_review
ENT_THESIS,classical_element,fire,0,low,Algorithmic seed score from v0.1 category/domains/tags; matched: none.,SRC_INTERNAL_HEURISTIC_V0_2,needs_review
ENT_THESIS,classical_element,air,0,low,Algorithmic seed score from v0.1 category/domains/tags; matched: none.,SRC_INTERNAL_HEURISTIC_V0_2,needs_review
ENT_THESIS,classical_planet,moon,0,low,Algorithmic seed score from v0.1 category/domains/tags; matched: none.,SRC_INTERNAL_HEURISTIC_V0_2,needs_review
ENT_THESIS,classical_planet,mercury,0,low,Algorithmic seed score from v0.1 category/domains/tags; matched: none.,SRC_INTERNAL_HEURISTIC_V0_2,needs_review
ENT_THESIS,classical_planet,venus,0,low,Algorithmic seed score from v0.1 category/domains/tags; matched: none.,SRC_INTERNAL_HEURISTIC_V0_2,needs_review
ENT_THESIS,classical_planet,sun,0,low,Algorithmic seed score from v0.1 category/domains/tags; matched: none.,SRC_INTERNAL_HEURISTIC_V0_2,needs_review
ENT_THESIS,classical_planet,mars,0,low,Algorithmic seed score from v0.1 category/domains/tags; matched: none.,SRC_INTERNAL_HEURISTIC_V0_2,needs_review
ENT_THESIS,classical_planet,jupiter,0,low,Algorithmic seed score from v0.1 category/domains/tags; matched: none.,SRC_INTERNAL_HEURISTIC_V0_2,needs_review
ENT_THESIS,classical_planet,saturn,3,low,Algorithmic seed score from v0.1 category/domains/tags; matched: primordial.,SRC_INTERNAL_HEURISTIC_V0_2,needs_review
ENT_HYDROS,classical_element,earth,0,low,Algorithmic seed score from v0.1 category/domains/tags; matched: none.,SRC_INTERNAL_HEURISTIC_V0_2,needs_review
ENT_HYDROS,classical_element,water,5,medium,Algorithmic seed score from v0.1 category/domains/tags; matched: water.,SRC_INTERNAL_HEURISTIC_V0_2,needs_review
ENT_HYDROS,classical_element,fire,0,low,Algorithmic seed score from v0.1 category/domains/tags; matched: none.,SRC_INTERNAL_HEURISTIC_V0_2,needs_review
ENT_HYDROS,classical_element,air,0,low,Algorithmic seed score from v0.1 category/domains/tags; matched: none.,SRC_INTERNAL_HEURISTIC_V0_2,needs_review
ENT_HYDROS,classical_planet,moon,0,low,Algorithmic seed score from v0.1 category/domains/tags; matched: none.,SRC_INTERNAL_HEURISTIC_V0_2,needs_review
ENT_HYDROS,classical_planet,mercury,0,low,Algorithmic seed score from v0.1 category/domains/tags; matched: none.,SRC_INTERNAL_HEURISTIC_V0_2,needs_review
ENT_HYDROS,classical_planet,venus,0,low,Algorithmic seed score from v0.1 category/domains/tags; matched: none.,SRC_INTERNAL_HEURISTIC_V0_2,needs_review
ENT_HYDROS,classical_planet,sun,0,low,Algorithmic seed score from v0.1 category/domains/tags; matched: none.,SRC_INTERNAL_HEURISTIC_V0_2,needs_review
ENT_HYDROS,classical_planet,mars,0,low,Algorithmic seed score from v0.1 category/domains/tags; matched: none.,SRC_INTERNAL_HEURISTIC_V0_2,needs_review
ENT_HYDROS,classical_planet,jupiter,0,low,Algorithmic seed score from v0.1 category/domains/tags; matched: none.,SRC_INTERNAL_HEURISTIC_V0_2,needs_review
ENT_HYDROS,classical_planet,saturn,3,low,Algorithmic seed score from v0.1 category/domains/tags; matched: primordial.,SRC_INTERNAL_HEURISTIC_V0_2,needs_review
ENT_PHYSIS,classical_element,earth,4,medium,Algorithmic seed score from v0.1 category/domains/tags; matched: none.,SRC_INTERNAL_HEURISTIC_V0_2,needs_review
ENT_PHYSIS,classical_element,water,0,low,Algorithmic seed score from v0.1 category/domains/tags; matched: none.,SRC_INTERNAL_HEURISTIC_V0_2,needs_review
ENT_PHYSIS,classical_element,fire,0,low,Algorithmic seed score from v0.1 category/domains/tags; matched: none.,SRC_INTERNAL_HEURISTIC_V0_2,needs_review
ENT_PHYSIS,classical_element,air,0,low,Algorithmic seed score from v0.1 category/domains/tags; matched: none.,SRC_INTERNAL_HEURISTIC_V0_2,needs_review
ENT_PHYSIS,classical_planet,moon,0,low,Algorithmic seed score from v0.1 category/domains/tags; matched: none.,SRC_INTERNAL_HEURISTIC_V0_2,needs_review
ENT_PHYSIS,classical_planet,mercury,0,low,Algorithmic seed score from v0.1 category/domains/tags; matched: none.,SRC_INTERNAL_HEURISTIC_V0_2,needs_review
ENT_PHYSIS,classical_planet,venus,0,low,Algorithmic seed score from v0.1 category/domains/tags; matched: none.,SRC_INTERNAL_HEURISTIC_V0_2,needs_review
ENT_PHYSIS,classical_planet,sun,0,low,Algorithmic seed score from v0.1 category/domains/tags; matched: none.,SRC_INTERNAL_HEURISTIC_V0_2,needs_review
ENT_PHYSIS,classical_planet,mars,0,low,Algorithmic seed score from v0.1 category/domains/tags; matched: none.,SRC_INTERNAL_HEURISTIC_V0_2,needs_review
ENT_PHYSIS,classical_planet,jupiter,0,low,Algorithmic seed score from v0.1 category/domains/tags; matched: none.,SRC_INTERNAL_HEURISTIC_V0_2,needs_review
ENT_PHYSIS,classical_planet,saturn,3,low,Algorithmic seed score from v0.1 category/domains/tags; matched: primordial.,SRC_INTERNAL_HEURISTIC_V0_2,needs_review
ENT_OUREA,classical_element,earth,5,medium,Algorithmic seed score from v0.1 category/domains/tags; matched: mountain.,SRC_INTERNAL_HEURISTIC_V0_2,needs_review
ENT_OUREA,classical_element,water,0,low,Algorithmic seed score from v0.1 category/domains/tags; matched: none.,SRC_INTERNAL_HEURISTIC_V0_2,needs_review
ENT_OUREA,classical_element,fire,0,low,Algorithmic seed score from v0.1 category/domains/tags; matched: none.,SRC_INTERNAL_HEURISTIC_V0_2,needs_review
ENT_OUREA,classical_element,air,0,low,Algorithmic seed score from v0.1 category/domains/tags; matched: none.,SRC_INTERNAL_HEURISTIC_V0_2,needs_review
ENT_OUREA,classical_planet,moon,0,low,Algorithmic seed score from v0.1 category/domains/tags; matched: none.,SRC_INTERNAL_HEURISTIC_V0_2,needs_review
ENT_OUREA,classical_planet,mercury,0,low,Algorithmic seed score from v0.1 category/domains/tags; matched: none.,SRC_INTERNAL_HEURISTIC_V0_2,needs_review
ENT_OUREA,classical_planet,venus,0,low,Algorithmic seed score from v0.1 category/domains/tags; matched: none.,SRC_INTERNAL_HEURISTIC_V0_2,needs_review
ENT_OUREA,classical_planet,sun,0,low,Algorithmic seed score from v0.1 category/domains/tags; matched: none.,SRC_INTERNAL_HEURISTIC_V0_2,needs_review
ENT_OUREA,classical_planet,mars,0,low,Algorithmic seed score from v0.1 category/domains/tags; matched: none.,SRC_INTERNAL_HEURISTIC_V0_2,needs_review
ENT_OUREA,classical_planet,jupiter,0,low,Algorithmic seed score from v0.1 category/domains/tags; matched: none.,SRC_INTERNAL_HEURISTIC_V0_2,needs_review
ENT_OUREA,classical_planet,saturn,3,low,Algorithmic seed score from v0.1 category/domains/tags; matched: primordial.,SRC_INTERNAL_HEURISTIC_V0_2,needs_review
ENT_NESOI,classical_element,earth,4,medium,Algorithmic seed score from v0.1 category/domains/tags; matched: none.,SRC_INTERNAL_HEURISTIC_V0_2,needs_review
ENT_NESOI,classical_element,water,0,low,Algorithmic seed score from v0.1 category/domains/tags; matched: none.,SRC_INTERNAL_HEURISTIC_V0_2,needs_review
ENT_NESOI,classical_element,fire,0,low,Algorithmic seed score from v0.1 category/domains/tags; matched: none.,SRC_INTERNAL_HEURISTIC_V0_2,needs_review
ENT_NESOI,classical_element,air,0,low,Algorithmic seed score from v0.1 category/domains/tags; matched: none.,SRC_INTERNAL_HEURISTIC_V0_2,needs_review
ENT_NESOI,classical_planet,moon,0,low,Algorithmic seed score from v0.1 category/domains/tags; matched: none.,SRC_INTERNAL_HEURISTIC_V0_2,needs_review
ENT_NESOI,classical_planet,mercury,0,low,Algorithmic seed score from v0.1 category/domains/tags; matched: none.,SRC_INTERNAL_HEURISTIC_V0_2,needs_review
ENT_NESOI,classical_planet,venus,0,low,Algorithmic seed score from v0.1 category/domains/tags; matched: none.,SRC_INTERNAL_HEURISTIC_V0_2,needs_review
ENT_NESOI,classical_planet,sun,0,low,Algorithmic seed score from v0.1 category/domains/tags; matched: none.,SRC_INTERNAL_HEURISTIC_V0_2,needs_review
ENT_NESOI,classical_planet,mars,0,low,Algorithmic seed score from v0.1 category/domains/tags; matched: none.,SRC_INTERNAL_HEURISTIC_V0_2,needs_review
ENT_NESOI,classical_planet,jupiter,0,low,Algorithmic seed score from v0.1 category/domains/tags; matched: none.,SRC_INTERNAL_HEURISTIC_V0_2,needs_review
ENT_NESOI,classical_planet,saturn,3,low,Algorithmic seed score from v0.1 category/domains/tags; matched: primordial.,SRC_INTERNAL_HEURISTIC_V0_2,needs_review
ENT_THALASSA,classical_element,earth,0,low,Algorithmic seed score from v0.1 category/domains/tags; matched: none.,SRC_INTERNAL_HEURISTIC_V0_2,needs_review
ENT_THALASSA,classical_element,water,5,medium,Algorithmic seed score from v0.1 category/domains/tags; matched: sea.,SRC_INTERNAL_HEURISTIC_V0_2,needs_review
ENT_THALASSA,classical_element,fire,0,low,Algorithmic seed score from v0.1 category/domains/tags; matched: none.,SRC_INTERNAL_HEURISTIC_V0_2,needs_review
ENT_THALASSA,classical_element,air,0,low,Algorithmic seed score from v0.1 category/domains/tags; matched: none.,SRC_INTERNAL_HEURISTIC_V0_2,needs_review
ENT_THALASSA,classical_planet,moon,0,low,Algorithmic seed score from v0.1 category/domains/tags; matched: none.,SRC_INTERNAL_HEURISTIC_V0_2,needs_review
ENT_THALASSA,classical_planet,mercury,0,low,Algorithmic seed score from v0.1 category/domains/tags; matched: none.,SRC_INTERNAL_HEURISTIC_V0_2,needs_review
ENT_THALASSA,classical_planet,venus,0,low,Algorithmic seed score from v0.1 category/domains/tags; matched: none.,SRC_INTERNAL_HEURISTIC_V0_2,needs_review
ENT_THALASSA,classical_planet,sun,0,low,Algorithmic seed score from v0.1 category/domains/tags; matched: none.,SRC_INTERNAL_HEURISTIC_V0_2,needs_review
ENT_THALASSA,classical_planet,mars,0,low,Algorithmic seed score from v0.1 category/domains/tags; matched: none.,SRC_INTERNAL_HEURISTIC_V0_2,needs_review
ENT_THALASSA,classical_planet,jupiter,0,low,Algorithmic seed score from v0.1 category/domains/tags; matched: none.,SRC_INTERNAL_HEURISTIC_V0_2,needs_review
ENT_THALASSA,classical_planet,saturn,3,low,Algorithmic seed score from v0.1 category/domains/tags; matched: primordial.,SRC_INTERNAL_HEURISTIC_V0_2,needs_review
ENT_OPHION,classical_element,earth,2,low,Algorithmic seed score from v0.1 category/domains/tags; matched: none.,SRC_INTERNAL_HEURISTIC_V0_2,needs_review
ENT_OPHION,classical_element,water,0,low,Algorithmic seed score from v0.1 category/domains/tags; matched: none.,SRC_INTERNAL_HEURISTIC_V0_2,needs_review
ENT_OPHION,classical_element,fire,0,low,Algorithmic seed score from v0.1 category/domains/tags; matched: none.,SRC_INTERNAL_HEURISTIC_V0_2,needs_review
ENT_OPHION,classical_element,air,0,low,Algorithmic seed score from v0.1 category/domains/tags; matched: none.,SRC_INTERNAL_HEURISTIC_V0_2,needs_review
ENT_OPHION,classical_planet,moon,0,low,Algorithmic seed score from v0.1 category/domains/tags; matched: none.,SRC_INTERNAL_HEURISTIC_V0_2,needs_review
ENT_OPHION,classical_planet,mercury,0,low,Algorithmic seed score from v0.1 category/domains/tags; matched: none.,SRC_INTERNAL_HEURISTIC_V0_2,needs_review
ENT_OPHION,classical_planet,venus,0,low,Algorithmic seed score from v0.1 category/domains/tags; matched: none.,SRC_INTERNAL_HEURISTIC_V0_2,needs_review
ENT_OPHION,classical_planet,sun,0,low,Algorithmic seed score from v0.1 category/domains/tags; matched: none.,SRC_INTERNAL_HEURISTIC_V0_2,needs_review
ENT_OPHION,classical_planet,mars,0,low,Algorithmic seed score from v0.1 category/domains/tags; matched: none.,SRC_INTERNAL_HEURISTIC_V0_2,needs_review
ENT_OPHION,classical_planet,jupiter,0,low,Algorithmic seed score from v0.1 category/domains/tags; matched: none.,SRC_INTERNAL_HEURISTIC_V0_2,needs_review
ENT_OPHION,classical_planet,saturn,3,low,Algorithmic seed score from v0.1 category/domains/tags; matched: primordial.,SRC_INTERNAL_HEURISTIC_V0_2,needs_review
ENT_EURYNOME_PRIMORDIAL,classical_element,earth,0,low,Algorithmic seed score from v0.1 category/domains/tags; matched: none.,SRC_INTERNAL_HEURISTIC_V0_2,needs_review
ENT_EURYNOME_PRIMORDIAL,classical_element,water,5,medium,Algorithmic seed score from v0.1 category/domains/tags; matched: sea.,SRC_INTERNAL_HEURISTIC_V0_2,needs_review
ENT_EURYNOME_PRIMORDIAL,classical_element,fire,0,low,Algorithmic seed score from v0.1 category/domains/tags; matched: none.,SRC_INTERNAL_HEURISTIC_V0_2,needs_review
ENT_EURYNOME_PRIMORDIAL,classical_element,air,0,low,Algorithmic seed score from v0.1 category/domains/tags; matched: none.,SRC_INTERNAL_HEURISTIC_V0_2,needs_review
ENT_EURYNOME_PRIMORDIAL,classical_planet,moon,0,low,Algorithmic seed score from v0.1 category/domains/tags; matched: none.,SRC_INTERNAL_HEURISTIC_V0_2,needs_review
ENT_EURYNOME_PRIMORDIAL,classical_planet,mercury,0,low,Algorithmic seed score from v0.1 category/domains/tags; matched: none.,SRC_INTERNAL_HEURISTIC_V0_2,needs_review
ENT_EURYNOME_PRIMORDIAL,classical_planet,venus,0,low,Algorithmic seed score from v0.1 category/domains/tags; matched: none.,SRC_INTERNAL_HEURISTIC_V0_2,needs_review
ENT_EURYNOME_PRIMORDIAL,classical_planet,sun,0,low,Algorithmic seed score from v0.1 category/domains/tags; matched: none.,SRC_INTERNAL_HEURISTIC_V0_2,needs_review
ENT_EURYNOME_PRIMORDIAL,classical_planet,mars,0,low,Algorithmic seed score from v0.1 category/domains/tags; matched: none.,SRC_INTERNAL_HEURISTIC_V0_2,needs_review
ENT_EURYNOME_PRIMORDIAL,classical_planet,jupiter,0,low,Algorithmic seed score from v0.1 category/domains/tags; matched: none.,SRC_INTERNAL_HEURISTIC_V0_2,needs_review
ENT_EURYNOME_PRIMORDIAL,classical_planet,saturn,3,low,Algorithmic seed score from v0.1 category/domains/tags; matched: primordial.,SRC_INTERNAL_HEURISTIC_V0_2,needs_review
ENT_MOROS,classical_element,earth,5,medium,Algorithmic seed score from v0.1 category/domains/tags; matched: none.,SRC_INTERNAL_HEURISTIC_V0_2,needs_review
ENT_MOROS,classical_element,water,0,low,Algorithmic seed score from v0.1 category/domains/tags; matched: none.,SRC_INTERNAL_HEURISTIC_V0_2,needs_review
ENT_MOROS,classical_element,fire,0,low,Algorithmic seed score from v0.1 category/domains/tags; matched: none.,SRC_INTERNAL_HEURISTIC_V0_2,needs_review
ENT_MOROS,classical_element,air,0,low,Algorithmic seed score from v0.1 category/domains/tags; matched: none.,SRC_INTERNAL_HEURISTIC_V0_2,needs_review
ENT_MOROS,classical_planet,moon,0,low,Algorithmic seed score from v0.1 category/domains/tags; matched: none.,SRC_INTERNAL_HEURISTIC_V0_2,needs_review
ENT_MOROS,classical_planet,mercury,0,low,Algorithmic seed score from v0.1 category/domains/tags; matched: none.,SRC_INTERNAL_HEURISTIC_V0_2,needs_review
ENT_MOROS,classical_planet,venus,0,low,Algorithmic seed score from v0.1 category/domains/tags; matched: none.,SRC_INTERNAL_HEURISTIC_V0_2,needs_review
ENT_MOROS,classical_planet,sun,0,low,Algorithmic seed score from v0.1 category/domains/tags; matched: none.,SRC_INTERNAL_HEURISTIC_V0_2,needs_review
ENT_MOROS,classical_planet,mars,0,low,Algorithmic seed score from v0.1 category/domains/tags; matched: none.,SRC_INTERNAL_HEURISTIC_V0_2,needs_review
ENT_MOROS,classical_planet,jupiter,0,low,Algorithmic seed score from v0.1 category/domains/tags; matched: none.,SRC_INTERNAL_HEURISTIC_V0_2,needs_review
ENT_MOROS,classical_planet,saturn,4,medium,"Algorithmic seed score from v0.1 category/domains/tags; matched: fate, primordial.",SRC_INTERNAL_HEURISTIC_V0_2,needs_review
ENT_KER,classical_element,earth,5,medium,Algorithmic seed score from v0.1 category/domains/tags; matched: none.,SRC_INTERNAL_HEURISTIC_V0_2,needs_review
ENT_KER,classical_element,water,0,low,Algorithmic seed score from v0.1 category/domains/tags; matched: none.,SRC_INTERNAL_HEURISTIC_V0_2,needs_review
ENT_KER,classical_element,fire,0,low,Algorithmic seed score from v0.1 category/domains/tags; matched: none.,SRC_INTERNAL_HEURISTIC_V0_2,needs_review
ENT_KER,classical_element,air,0,low,Algorithmic seed score from v0.1 category/domains/tags; matched: none.,SRC_INTERNAL_HEURISTIC_V0_2,needs_review
ENT_KER,classical_planet,moon,0,low,Algorithmic seed score from v0.1 category/domains/tags; matched: none.,SRC_INTERNAL_HEURISTIC_V0_2,needs_review
ENT_KER,classical_planet,mercury,0,low,Algorithmic seed score from v0.1 category/domains/tags; matched: none.,SRC_INTERNAL_HEURISTIC_V0_2,needs_review
ENT_KER,classical_planet,venus,0,low,Algorithmic seed score from v0.1 category/domains/tags; matched: none.,SRC_INTERNAL_HEURISTIC_V0_2,needs_review
ENT_KER,classical_planet,sun,0,low,Algorithmic seed score from v0.1 category/domains/tags; matched: none.,SRC_INTERNAL_HEURISTIC_V0_2,needs_review
ENT_KER,classical_planet,mars,0,low,Algorithmic seed score from v0.1 category/domains/tags; matched: none.,SRC_INTERNAL_HEURISTIC_V0_2,needs_review
ENT_KER,classical_planet,jupiter,0,low,Algorithmic seed score from v0.1 category/domains/tags; matched: none.,SRC_INTERNAL_HEURISTIC_V0_2,needs_review
ENT_KER,classical_planet,saturn,4,medium,"Algorithmic seed score from v0.1 category/domains/tags; matched: death, primordial.",SRC_INTERNAL_HEURISTIC_V0_2,needs_review
ENT_MOIRAI,classical_element,earth,0,low,Algorithmic seed score from v0.1 category/domains/tags; matched: none.,SRC_INTERNAL_HEURISTIC_V0_2,needs_review
ENT_MOIRAI,classical_element,water,0,low,Algorithmic seed score from v0.1 category/domains/tags; matched: none.,SRC_INTERNAL_HEURISTIC_V0_2,needs_review
ENT_MOIRAI,classical_element,fire,0,low,Algorithmic seed score from v0.1 category/domains/tags; matched: none.,SRC_INTERNAL_HEURISTIC_V0_2,needs_review
ENT_MOIRAI,classical_element,air,0,low,Algorithmic seed score from v0.1 category/domains/tags; matched: none.,SRC_INTERNAL_HEURISTIC_V0_2,needs_review
ENT_MOIRAI,classical_planet,moon,0,low,Algorithmic seed score from v0.1 category/domains/tags; matched: none.,SRC_INTERNAL_HEURISTIC_V0_2,needs_review
ENT_MOIRAI,classical_planet,mercury,0,low,Algorithmic seed score from v0.1 category/domains/tags; matched: none.,SRC_INTERNAL_HEURISTIC_V0_2,needs_review
ENT_MOIRAI,classical_planet,venus,0,low,Algorithmic seed score from v0.1 category/domains/tags; matched: none.,SRC_INTERNAL_HEURISTIC_V0_2,needs_review
ENT_MOIRAI,classical_planet,sun,0,low,Algorithmic seed score from v0.1 category/domains/tags; matched: none.,SRC_INTERNAL_HEURISTIC_V0_2,needs_review
ENT_MOIRAI,classical_planet,mars,0,low,Algorithmic seed score from v0.1 category/domains/tags; matched: none.,SRC_INTERNAL_HEURISTIC_V0_2,needs_review
ENT_MOIRAI,classical_planet,jupiter,0,low,Algorithmic seed score from v0.1 category/domains/tags; matched: none.,SRC_INTERNAL_HEURISTIC_V0_2,needs_review
ENT_MOIRAI,classical_planet,saturn,4,medium,"Algorithmic seed score from v0.1 category/domains/tags; matched: fate, primordial.",SRC_INTERNAL_HEURISTIC_V0_2,needs_review
ENT_HESPERUS,classical_element,earth,0,low,Algorithmic seed score from v0.1 category/domains/tags; matched: none.,SRC_INTERNAL_HEURISTIC_V0_2,needs_review
ENT_HESPERUS,classical_element,water,0,low,Algorithmic seed score from v0.1 category/domains/tags; matched: none.,SRC_INTERNAL_HEURISTIC_V0_2,needs_review
ENT_HESPERUS,classical_element,fire,0,low,Algorithmic seed score from v0.1 category/domains/tags; matched: none.,SRC_INTERNAL_HEURISTIC_V0_2,needs_review
ENT_HESPERUS,classical_element,air,0,low,Algorithmic seed score from v0.1 category/domains/tags; matched: none.,SRC_INTERNAL_HEURISTIC_V0_2,needs_review
ENT_HESPERUS,classical_planet,moon,0,low,Algorithmic seed score from v0.1 category/domains/tags; matched: none.,SRC_INTERNAL_HEURISTIC_V0_2,needs_review
ENT_HESPERUS,classical_planet,mercury,0,low,Algorithmic seed score from v0.1 category/domains/tags; matched: none.,SRC_INTERNAL_HEURISTIC_V0_2,needs_review
ENT_HESPERUS,classical_planet,venus,0,low,Algorithmic seed score from v0.1 category/domains/tags; matched: none.,SRC_INTERNAL_HEURISTIC_V0_2,needs_review
ENT_HESPERUS,classical_planet,sun,0,low,Algorithmic seed score from v0.1 category/domains/tags; matched: none.,SRC_INTERNAL_HEURISTIC_V0_2,needs_review
ENT_HESPERUS,classical_planet,mars,0,low,Algorithmic seed score from v0.1 category/domains/tags; matched: none.,SRC_INTERNAL_HEURISTIC_V0_2,needs_review
ENT_HESPERUS,classical_planet,jupiter,0,low,Algorithmic seed score from v0.1 category/domains/tags; matched: none.,SRC_INTERNAL_HEURISTIC_V0_2,needs_review
ENT_HESPERUS,classical_planet,saturn,3,low,Algorithmic seed score from v0.1 category/domains/tags; matched: primordial.,SRC_INTERNAL_HEURISTIC_V0_2,needs_review
ENT_EOSPHORUS,classical_element,earth,0,low,Algorithmic seed score from v0.1 category/domains/tags; matched: none.,SRC_INTERNAL_HEURISTIC_V0_2,needs_review
ENT_EOSPHORUS,classical_element,water,0,low,Algorithmic seed score from v0.1 category/domains/tags; matched: none.,SRC_INTERNAL_HEURISTIC_V0_2,needs_review
ENT_EOSPHORUS,classical_element,fire,0,low,Algorithmic seed score from v0.1 category/domains/tags; matched: none.,SRC_INTERNAL_HEURISTIC_V0_2,needs_review
ENT_EOSPHORUS,classical_element,air,0,low,Algorithmic seed score from v0.1 category/domains/tags; matched: none.,SRC_INTERNAL_HEURISTIC_V0_2,needs_review
ENT_EOSPHORUS,classical_planet,moon,0,low,Algorithmic seed score from v0.1 category/domains/tags; matched: none.,SRC_INTERNAL_HEURISTIC_V0_2,needs_review
ENT_EOSPHORUS,classical_planet,mercury,0,low,Algorithmic seed score from v0.1 category/domains/tags; matched: none.,SRC_INTERNAL_HEURISTIC_V0_2,needs_review
ENT_EOSPHORUS,classical_planet,venus,0,low,Algorithmic seed score from v0.1 category/domains/tags; matched: none.,SRC_INTERNAL_HEURISTIC_V0_2,needs_review
ENT_EOSPHORUS,classical_planet,sun,0,low,Algorithmic seed score from v0.1 category/domains/tags; matched: none.,SRC_INTERNAL_HEURISTIC_V0_2,needs_review
ENT_EOSPHORUS,classical_planet,mars,0,low,Algorithmic seed score from v0.1 category/domains/tags; matched: none.,SRC_INTERNAL_HEURISTIC_V0_2,needs_review
ENT_EOSPHORUS,classical_planet,jupiter,0,low,Algorithmic seed score from v0.1 category/domains/tags; matched: none.,SRC_INTERNAL_HEURISTIC_V0_2,needs_review
ENT_EOSPHORUS,classical_planet,saturn,3,low,Algorithmic seed score from v0.1 category/domains/tags; matched: primordial.,SRC_INTERNAL_HEURISTIC_V0_2,needs_review
ENT_SELENE,classical_element,earth,0,low,Algorithmic seed score from v0.1 category/domains/tags; matched: none.,SRC_INTERNAL_HEURISTIC_V0_2,needs_review
ENT_SELENE,classical_element,water,0,low,Algorithmic seed score from v0.1 category/domains/tags; matched: none.,SRC_INTERNAL_HEURISTIC_V0_2,needs_review
ENT_SELENE,classical_element,fire,0,low,Algorithmic seed score from v0.1 category/domains/tags; matched: none.,SRC_INTERNAL_HEURISTIC_V0_2,needs_review
ENT_SELENE,classical_element,air,0,low,Algorithmic seed score from v0.1 category/domains/tags; matched: none.,SRC_INTERNAL_HEURISTIC_V0_2,needs_review
ENT_SELENE,classical_planet,moon,5,medium,Algorithmic seed score from v0.1 category/domains/tags; matched: moon.,SRC_INTERNAL_HEURISTIC_V0_2,needs_review
ENT_SELENE,classical_planet,mercury,0,low,Algorithmic seed score from v0.1 category/domains/tags; matched: none.,SRC_INTERNAL_HEURISTIC_V0_2,needs_review
ENT_SELENE,classical_planet,venus,0,low,Algorithmic seed score from v0.1 category/domains/tags; matched: none.,SRC_INTERNAL_HEURISTIC_V0_2,needs_review
ENT_SELENE,classical_planet,sun,0,low,Algorithmic seed score from v0.1 category/domains/tags; matched: none.,SRC_INTERNAL_HEURISTIC_V0_2,needs_review
ENT_SELENE,classical_planet,mars,0,low,Algorithmic seed score from v0.1 category/domains/tags; matched: none.,SRC_INTERNAL_HEURISTIC_V0_2,needs_review
ENT_SELENE,classical_planet,jupiter,0,low,Algorithmic seed score from v0.1 category/domains/tags; matched: none.,SRC_INTERNAL_HEURISTIC_V0_2,needs_review
ENT_SELENE,classical_planet,saturn,3,low,Algorithmic seed score from v0.1 category/domains/tags; matched: primordial.,SRC_INTERNAL_HEURISTIC_V0_2,needs_review
ENT_HELIOS,classical_element,earth,0,low,Algorithmic seed score from v0.1 category/domains/tags; matched: none.,SRC_INTERNAL_HEURISTIC_V0_2,needs_review
ENT_HELIOS,classical_element,water,0,low,Algorithmic seed score from v0.1 category/domains/tags; matched: none.,SRC_INTERNAL_HEURISTIC_V0_2,needs_review
ENT_HELIOS,classical_element,fire,5,medium,Algorithmic seed score from v0.1 category/domains/tags; matched: sun.,SRC_INTERNAL_HEURISTIC_V0_2,needs_review
ENT_HELIOS,classical_element,air,0,low,Algorithmic seed score from v0.1 category/domains/tags; matched: none.,SRC_INTERNAL_HEURISTIC_V0_2,needs_review
ENT_HELIOS,classical_planet,moon,0,low,Algorithmic seed score from v0.1 category/domains/tags; matched: none.,SRC_INTERNAL_HEURISTIC_V0_2,needs_review
ENT_HELIOS,classical_planet,mercury,0,low,Algorithmic seed score from v0.1 category/domains/tags; matched: none.,SRC_INTERNAL_HEURISTIC_V0_2,needs_review
ENT_HELIOS,classical_planet,venus,0,low,Algorithmic seed score from v0.1 category/domains/tags; matched: none.,SRC_INTERNAL_HEURISTIC_V0_2,needs_review
ENT_HELIOS,classical_planet,sun,5,medium,"Algorithmic seed score from v0.1 category/domains/tags; matched: helios, sun.",SRC_INTERNAL_HEURISTIC_V0_2,needs_review
ENT_HELIOS,classical_planet,mars,0,low,Algorithmic seed score from v0.1 category/domains/tags; matched: none.,SRC_INTERNAL_HEURISTIC_V0_2,needs_review
ENT_HELIOS,classical_planet,jupiter,0,low,Algorithmic seed score from v0.1 category/domains/tags; matched: none.,SRC_INTERNAL_HEURISTIC_V0_2,needs_review
ENT_HELIOS,classical_planet,saturn,3,low,Algorithmic seed score from v0.1 category/domains/tags; matched: primordial.,SRC_INTERNAL_HEURISTIC_V0_2,needs_review
ENT_EOS,classical_element,earth,0,low,Algorithmic seed score from v0.1 category/domains/tags; matched: none.,SRC_INTERNAL_HEURISTIC_V0_2,needs_review
ENT_EOS,classical_element,water,0,low,Algorithmic seed score from v0.1 category/domains/tags; matched: none.,SRC_INTERNAL_HEURISTIC_V0_2,needs_review
ENT_EOS,classical_element,fire,0,low,Algorithmic seed score from v0.1 category/domains/tags; matched: none.,SRC_INTERNAL_HEURISTIC_V0_2,needs_review
ENT_EOS,classical_element,air,0,low,Algorithmic seed score from v0.1 category/domains/tags; matched: none.,SRC_INTERNAL_HEURISTIC_V0_2,needs_review
ENT_EOS,classical_planet,moon,0,low,Algorithmic seed score from v0.1 category/domains/tags; matched: none.,SRC_INTERNAL_HEURISTIC_V0_2,needs_review
ENT_EOS,classical_planet,mercury,0,low,Algorithmic seed score from v0.1 category/domains/tags; matched: none.,SRC_INTERNAL_HEURISTIC_V0_2,needs_review
ENT_EOS,classical_planet,venus,0,low,Algorithmic seed score from v0.1 category/domains/tags; matched: none.,SRC_INTERNAL_HEURISTIC_V0_2,needs_review
ENT_EOS,classical_planet,sun,0,low,Algorithmic seed score from v0.1 category/domains/tags; matched: none.,SRC_INTERNAL_HEURISTIC_V0_2,needs_review
ENT_EOS,classical_planet,mars,0,low,Algorithmic seed score from v0.1 category/domains/tags; matched: none.,SRC_INTERNAL_HEURISTIC_V0_2,needs_review
ENT_EOS,classical_planet,jupiter,0,low,Algorithmic seed score from v0.1 category/domains/tags; matched: none.,SRC_INTERNAL_HEURISTIC_V0_2,needs_review
ENT_EOS,classical_planet,saturn,3,low,Algorithmic seed score from v0.1 category/domains/tags; matched: primordial.,SRC_INTERNAL_HEURISTIC_V0_2,needs_review
ENT_CRONUS,classical_element,earth,1,low,Algorithmic seed score from v0.1 category/domains/tags; matched: none.,SRC_INTERNAL_HEURISTIC_V0_2,needs_review
ENT_CRONUS,classical_element,water,0,low,Algorithmic seed score from v0.1 category/domains/tags; matched: none.,SRC_INTERNAL_HEURISTIC_V0_2,needs_review
ENT_CRONUS,classical_element,fire,0,low,Algorithmic seed score from v0.1 category/domains/tags; matched: none.,SRC_INTERNAL_HEURISTIC_V0_2,needs_review
ENT_CRONUS,classical_element,air,0,low,Algorithmic seed score from v0.1 category/domains/tags; matched: none.,SRC_INTERNAL_HEURISTIC_V0_2,needs_review
ENT_CRONUS,classical_planet,moon,0,low,Algorithmic seed score from v0.1 category/domains/tags; matched: none.,SRC_INTERNAL_HEURISTIC_V0_2,needs_review
ENT_CRONUS,classical_planet,mercury,0,low,Algorithmic seed score from v0.1 category/domains/tags; matched: none.,SRC_INTERNAL_HEURISTIC_V0_2,needs_review
ENT_CRONUS,classical_planet,venus,0,low,Algorithmic seed score from v0.1 category/domains/tags; matched: none.,SRC_INTERNAL_HEURISTIC_V0_2,needs_review
ENT_CRONUS,classical_planet,sun,0,low,Algorithmic seed score from v0.1 category/domains/tags; matched: none.,SRC_INTERNAL_HEURISTIC_V0_2,needs_review
ENT_CRONUS,classical_planet,mars,0,low,Algorithmic seed score from v0.1 category/domains/tags; matched: none.,SRC_INTERNAL_HEURISTIC_V0_2,needs_review
ENT_CRONUS,classical_planet,jupiter,5,medium,"Algorithmic seed score from v0.1 category/domains/tags; matched: king, kingship.",SRC_INTERNAL_HEURISTIC_V0_2,needs_review
ENT_CRONUS,classical_planet,saturn,5,medium,"Algorithmic seed score from v0.1 category/domains/tags; matched: cronus, time.",SRC_INTERNAL_HEURISTIC_V0_2,needs_review
ENT_RHEA,classical_element,earth,4,medium,Algorithmic seed score from v0.1 category/domains/tags; matched: mountain.,SRC_INTERNAL_HEURISTIC_V0_2,needs_review
ENT_RHEA,classical_element,water,0,low,Algorithmic seed score from v0.1 category/domains/tags; matched: none.,SRC_INTERNAL_HEURISTIC_V0_2,needs_review
ENT_RHEA,classical_element,fire,0,low,Algorithmic seed score from v0.1 category/domains/tags; matched: none.,SRC_INTERNAL_HEURISTIC_V0_2,needs_review
ENT_RHEA,classical_element,air,0,low,Algorithmic seed score from v0.1 category/domains/tags; matched: none.,SRC_INTERNAL_HEURISTIC_V0_2,needs_review
ENT_RHEA,classical_planet,moon,0,low,Algorithmic seed score from v0.1 category/domains/tags; matched: none.,SRC_INTERNAL_HEURISTIC_V0_2,needs_review
ENT_RHEA,classical_planet,mercury,0,low,Algorithmic seed score from v0.1 category/domains/tags; matched: none.,SRC_INTERNAL_HEURISTIC_V0_2,needs_review
ENT_RHEA,classical_planet,venus,0,low,Algorithmic seed score from v0.1 category/domains/tags; matched: none.,SRC_INTERNAL_HEURISTIC_V0_2,needs_review
ENT_RHEA,classical_planet,sun,0,low,Algorithmic seed score from v0.1 category/domains/tags; matched: none.,SRC_INTERNAL_HEURISTIC_V0_2,needs_review
ENT_RHEA,classical_planet,mars,0,low,Algorithmic seed score from v0.1 category/domains/tags; matched: none.,SRC_INTERNAL_HEURISTIC_V0_2,needs_review
ENT_RHEA,classical_planet,jupiter,0,low,Algorithmic seed score from v0.1 category/domains/tags; matched: none.,SRC_INTERNAL_HEURISTIC_V0_2,needs_review
ENT_RHEA,classical_planet,saturn,0,low,Algorithmic seed score from v0.1 category/domains/tags; matched: none.,SRC_INTERNAL_HEURISTIC_V0_2,needs_review
ENT_OCEANUS,classical_element,earth,1,low,Algorithmic seed score from v0.1 category/domains/tags; matched: river.,SRC_INTERNAL_HEURISTIC_V0_2,needs_review
ENT_OCEANUS,classical_element,water,5,medium,"Algorithmic seed score from v0.1 category/domains/tags; matched: river, water, ocean.",SRC_INTERNAL_HEURISTIC_V0_2,needs_review
ENT_OCEANUS,classical_element,fire,0,low,Algorithmic seed score from v0.1 category/domains/tags; matched: none.,SRC_INTERNAL_HEURISTIC_V0_2,needs_review
ENT_OCEANUS,classical_element,air,0,low,Algorithmic seed score from v0.1 category/domains/tags; matched: none.,SRC_INTERNAL_HEURISTIC_V0_2,needs_review
ENT_OCEANUS,classical_planet,moon,0,low,Algorithmic seed score from v0.1 category/domains/tags; matched: none.,SRC_INTERNAL_HEURISTIC_V0_2,needs_review
ENT_OCEANUS,classical_planet,mercury,0,low,Algorithmic seed score from v0.1 category/domains/tags; matched: none.,SRC_INTERNAL_HEURISTIC_V0_2,needs_review
ENT_OCEANUS,classical_planet,venus,0,low,Algorithmic seed score from v0.1 category/domains/tags; matched: none.,SRC_INTERNAL_HEURISTIC_V0_2,needs_review
ENT_OCEANUS,classical_planet,sun,0,low,Algorithmic seed score from v0.1 category/domains/tags; matched: none.,SRC_INTERNAL_HEURISTIC_V0_2,needs_review
ENT_OCEANUS,classical_planet,mars,0,low,Algorithmic seed score from v0.1 category/domains/tags; matched: none.,SRC_INTERNAL_HEURISTIC_V0_2,needs_review
ENT_OCEANUS,classical_planet,jupiter,0,low,Algorithmic seed score from v0.1 category/domains/tags; matched: none.,SRC_INTERNAL_HEURISTIC_V0_2,needs_review
ENT_OCEANUS,classical_planet,saturn,0,low,Algorithmic seed score from v0.1 category/domains/tags; matched: none.,SRC_INTERNAL_HEURISTIC_V0_2,needs_review
ENT_TETHYS,classical_element,earth,1,low,Algorithmic seed score from v0.1 category/domains/tags; matched: none.,SRC_INTERNAL_HEURISTIC_V0_2,needs_review
ENT_TETHYS,classical_element,water,5,medium,Algorithmic seed score from v0.1 category/domains/tags; matched: water.,SRC_INTERNAL_HEURISTIC_V0_2,needs_review
ENT_TETHYS,classical_element,fire,0,low,Algorithmic seed score from v0.1 category/domains/tags; matched: none.,SRC_INTERNAL_HEURISTIC_V0_2,needs_review
ENT_TETHYS,classical_element,air,0,low,Algorithmic seed score from v0.1 category/domains/tags; matched: none.,SRC_INTERNAL_HEURISTIC_V0_2,needs_review
ENT_TETHYS,classical_planet,moon,0,low,Algorithmic seed score from v0.1 category/domains/tags; matched: none.,SRC_INTERNAL_HEURISTIC_V0_2,needs_review
ENT_TETHYS,classical_planet,mercury,0,low,Algorithmic seed score from v0.1 category/domains/tags; matched: none.,SRC_INTERNAL_HEURISTIC_V0_2,needs_review
ENT_TETHYS,classical_planet,venus,0,low,Algorithmic seed score from v0.1 category/domains/tags; matched: none.,SRC_INTERNAL_HEURISTIC_V0_2,needs_review
ENT_TETHYS,classical_planet,sun,0,low,Algorithmic seed score from v0.1 category/domains/tags; matched: none.,SRC_INTERNAL_HEURISTIC_V0_2,needs_review
ENT_TETHYS,classical_planet,mars,0,low,Algorithmic seed score from v0.1 category/domains/tags; matched: none.,SRC_INTERNAL_HEURISTIC_V0_2,needs_review
ENT_TETHYS,classical_planet,jupiter,0,low,Algorithmic seed score from v0.1 category/domains/tags; matched: none.,SRC_INTERNAL_HEURISTIC_V0_2,needs_review
ENT_TETHYS,classical_planet,saturn,0,low,Algorithmic seed score from v0.1 category/domains/tags; matched: none.,SRC_INTERNAL_HEURISTIC_V0_2,needs_review
ENT_HYPERION,classical_element,earth,1,low,Algorithmic seed score from v0.1 category/domains/tags; matched: none.,SRC_INTERNAL_HEURISTIC_V0_2,needs_review
ENT_HYPERION,classical_element,water,0,low,Algorithmic seed score from v0.1 category/domains/tags; matched: none.,SRC_INTERNAL_HEURISTIC_V0_2,needs_review
ENT_HYPERION,classical_element,fire,5,medium,Algorithmic seed score from v0.1 category/domains/tags; matched: sun.,SRC_INTERNAL_HEURISTIC_V0_2,needs_review
ENT_HYPERION,classical_element,air,0,low,Algorithmic seed score from v0.1 category/domains/tags; matched: none.,SRC_INTERNAL_HEURISTIC_V0_2,needs_review
ENT_HYPERION,classical_planet,moon,0,low,Algorithmic seed score from v0.1 category/domains/tags; matched: none.,SRC_INTERNAL_HEURISTIC_V0_2,needs_review
ENT_HYPERION,classical_planet,mercury,0,low,Algorithmic seed score from v0.1 category/domains/tags; matched: none.,SRC_INTERNAL_HEURISTIC_V0_2,needs_review
ENT_HYPERION,classical_planet,venus,0,low,Algorithmic seed score from v0.1 category/domains/tags; matched: none.,SRC_INTERNAL_HEURISTIC_V0_2,needs_review
ENT_HYPERION,classical_planet,sun,5,medium,"Algorithmic seed score from v0.1 category/domains/tags; matched: sun, light.",SRC_INTERNAL_HEURISTIC_V0_2,needs_review
ENT_HYPERION,classical_planet,mars,0,low,Algorithmic seed score from v0.1 category/domains/tags; matched: none.,SRC_INTERNAL_HEURISTIC_V0_2,needs_review
ENT_HYPERION,classical_planet,jupiter,0,low,Algorithmic seed score from v0.1 category/domains/tags; matched: none.,SRC_INTERNAL_HEURISTIC_V0_2,needs_review
ENT_HYPERION,classical_planet,saturn,0,low,Algorithmic seed score from v0.1 category/domains/tags; matched: none.,SRC_INTERNAL_HEURISTIC_V0_2,needs_review
ENT_THEIA,classical_element,earth,1,low,Algorithmic seed score from v0.1 category/domains/tags; matched: none.,SRC_INTERNAL_HEURISTIC_V0_2,needs_review
ENT_THEIA,classical_element,water,0,low,Algorithmic seed score from v0.1 category/domains/tags; matched: none.,SRC_INTERNAL_HEURISTIC_V0_2,needs_review
ENT_THEIA,classical_element,fire,0,low,Algorithmic seed score from v0.1 category/domains/tags; matched: none.,SRC_INTERNAL_HEURISTIC_V0_2,needs_review
ENT_THEIA,classical_element,air,0,low,Algorithmic seed score from v0.1 category/domains/tags; matched: none.,SRC_INTERNAL_HEURISTIC_V0_2,needs_review
ENT_THEIA,classical_planet,moon,0,low,Algorithmic seed score from v0.1 category/domains/tags; matched: none.,SRC_INTERNAL_HEURISTIC_V0_2,needs_review
ENT_THEIA,classical_planet,mercury,0,low,Algorithmic seed score from v0.1 category/domains/tags; matched: none.,SRC_INTERNAL_HEURISTIC_V0_2,needs_review
ENT_THEIA,classical_planet,venus,0,low,Algorithmic seed score from v0.1 category/domains/tags; matched: none.,SRC_INTERNAL_HEURISTIC_V0_2,needs_review
ENT_THEIA,classical_planet,sun,4,medium,Algorithmic seed score from v0.1 category/domains/tags; matched: light.,SRC_INTERNAL_HEURISTIC_V0_2,needs_review
ENT_THEIA,classical_planet,mars,0,low,Algorithmic seed score from v0.1 category/domains/tags; matched: none.,SRC_INTERNAL_HEURISTIC_V0_2,needs_review
ENT_THEIA,classical_planet,jupiter,0,low,Algorithmic seed score from v0.1 category/domains/tags; matched: none.,SRC_INTERNAL_HEURISTIC_V0_2,needs_review
ENT_THEIA,classical_planet,saturn,0,low,Algorithmic seed score from v0.1 category/domains/tags; matched: none.,SRC_INTERNAL_HEURISTIC_V0_2,needs_review
ENT_COEUS,classical_element,earth,1,low,Algorithmic seed score from v0.1 category/domains/tags; matched: none.,SRC_INTERNAL_HEURISTIC_V0_2,needs_review
ENT_COEUS,classical_element,water,0,low,Algorithmic seed score from v0.1 category/domains/tags; matched: none.,SRC_INTERNAL_HEURISTIC_V0_2,needs_review
ENT_COEUS,classical_element,fire,0,low,Algorithmic seed score from v0.1 category/domains/tags; matched: none.,SRC_INTERNAL_HEURISTIC_V0_2,needs_review
ENT_COEUS,classical_element,air,0,low,Algorithmic seed score from v0.1 category/domains/tags; matched: none.,SRC_INTERNAL_HEURISTIC_V0_2,needs_review
ENT_COEUS,classical_planet,moon,0,low,Algorithmic seed score from v0.1 category/domains/tags; matched: none.,SRC_INTERNAL_HEURISTIC_V0_2,needs_review
ENT_COEUS,classical_planet,mercury,0,low,Algorithmic seed score from v0.1 category/domains/tags; matched: none.,SRC_INTERNAL_HEURISTIC_V0_2,needs_review
ENT_COEUS,classical_planet,venus,0,low,Algorithmic seed score from v0.1 category/domains/tags; matched: none.,SRC_INTERNAL_HEURISTIC_V0_2,needs_review
ENT_COEUS,classical_planet,sun,0,low,Algorithmic seed score from v0.1 category/domains/tags; matched: none.,SRC_INTERNAL_HEURISTIC_V0_2,needs_review
ENT_COEUS,classical_planet,mars,0,low,Algorithmic seed score from v0.1 category/domains/tags; matched: none.,SRC_INTERNAL_HEURISTIC_V0_2,needs_review
ENT_COEUS,classical_planet,jupiter,0,low,Algorithmic seed score from v0.1 category/domains/tags; matched: none.,SRC_INTERNAL_HEURISTIC_V0_2,needs_review
ENT_COEUS,classical_planet,saturn,0,low,Algorithmic seed score from v0.1 category/domains/tags; matched: none.,SRC_INTERNAL_HEURISTIC_V0_2,needs_review
ENT_PHOEBE,classical_element,earth,1,low,Algorithmic seed score from v0.1 category/domains/tags; matched: none.,SRC_INTERNAL_HEURISTIC_V0_2,needs_review
ENT_PHOEBE,classical_element,water,0,low,Algorithmic seed score from v0.1 category/domains/tags; matched: none.,SRC_INTERNAL_HEURISTIC_V0_2,needs_review
ENT_PHOEBE,classical_element,fire,0,low,Algorithmic seed score from v0.1 category/domains/tags; matched: none.,SRC_INTERNAL_HEURISTIC_V0_2,needs_review
ENT_PHOEBE,classical_element,air,2,low,Algorithmic seed score from v0.1 category/domains/tags; matched: prophecy.,SRC_INTERNAL_HEURISTIC_V0_2,needs_review
ENT_PHOEBE,classical_planet,moon,0,low,Algorithmic seed score from v0.1 category/domains/tags; matched: none.,SRC_INTERNAL_HEURISTIC_V0_2,needs_review
ENT_PHOEBE,classical_planet,mercury,3,low,Algorithmic seed score from v0.1 category/domains/tags; matched: prophecy.,SRC_INTERNAL_HEURISTIC_V0_2,needs_review
ENT_PHOEBE,classical_planet,venus,0,low,Algorithmic seed score from v0.1 category/domains/tags; matched: none.,SRC_INTERNAL_HEURISTIC_V0_2,needs_review
ENT_PHOEBE,classical_planet,sun,3,low,Algorithmic seed score from v0.1 category/domains/tags; matched: prophecy.,SRC_INTERNAL_HEURISTIC_V0_2,needs_review
ENT_PHOEBE,classical_planet,mars,0,low,Algorithmic seed score from v0.1 category/domains/tags; matched: none.,SRC_INTERNAL_HEURISTIC_V0_2,needs_review
ENT_PHOEBE,classical_planet,jupiter,0,low,Algorithmic seed score from v0.1 category/domains/tags; matched: none.,SRC_INTERNAL_HEURISTIC_V0_2,needs_review
ENT_PHOEBE,classical_planet,saturn,0,low,Algorithmic seed score from v0.1 category/domains/tags; matched: none.,SRC_INTERNAL_HEURISTIC_V0_2,needs_review
ENT_CRIUS,classical_element,earth,1,low,Algorithmic seed score from v0.1 category/domains/tags; matched: none.,SRC_INTERNAL_HEURISTIC_V0_2,needs_review
ENT_CRIUS,classical_element,water,0,low,Algorithmic seed score from v0.1 category/domains/tags; matched: none.,SRC_INTERNAL_HEURISTIC_V0_2,needs_review
ENT_CRIUS,classical_element,fire,0,low,Algorithmic seed score from v0.1 category/domains/tags; matched: none.,SRC_INTERNAL_HEURISTIC_V0_2,needs_review
ENT_CRIUS,classical_element,air,0,low,Algorithmic seed score from v0.1 category/domains/tags; matched: none.,SRC_INTERNAL_HEURISTIC_V0_2,needs_review
ENT_CRIUS,classical_planet,moon,0,low,Algorithmic seed score from v0.1 category/domains/tags; matched: none.,SRC_INTERNAL_HEURISTIC_V0_2,needs_review
ENT_CRIUS,classical_planet,mercury,0,low,Algorithmic seed score from v0.1 category/domains/tags; matched: none.,SRC_INTERNAL_HEURISTIC_V0_2,needs_review
ENT_CRIUS,classical_planet,venus,0,low,Algorithmic seed score from v0.1 category/domains/tags; matched: none.,SRC_INTERNAL_HEURISTIC_V0_2,needs_review
ENT_CRIUS,classical_planet,sun,0,low,Algorithmic seed score from v0.1 category/domains/tags; matched: none.,SRC_INTERNAL_HEURISTIC_V0_2,needs_review
ENT_CRIUS,classical_planet,mars,0,low,Algorithmic seed score from v0.1 category/domains/tags; matched: none.,SRC_INTERNAL_HEURISTIC_V0_2,needs_review
ENT_CRIUS,classical_planet,jupiter,0,low,Algorithmic seed score from v0.1 category/domains/tags; matched: none.,SRC_INTERNAL_HEURISTIC_V0_2,needs_review
ENT_CRIUS,classical_planet,saturn,0,low,Algorithmic seed score from v0.1 category/domains/tags; matched: none.,SRC_INTERNAL_HEURISTIC_V0_2,needs_review
ENT_EURYBIA,classical_element,earth,1,low,Algorithmic seed score from v0.1 category/domains/tags; matched: none.,SRC_INTERNAL_HEURISTIC_V0_2,needs_review
ENT_EURYBIA,classical_element,water,5,medium,Algorithmic seed score from v0.1 category/domains/tags; matched: sea.,SRC_INTERNAL_HEURISTIC_V0_2,needs_review
ENT_EURYBIA,classical_element,fire,0,low,Algorithmic seed score from v0.1 category/domains/tags; matched: none.,SRC_INTERNAL_HEURISTIC_V0_2,needs_review
ENT_EURYBIA,classical_element,air,0,low,Algorithmic seed score from v0.1 category/domains/tags; matched: none.,SRC_INTERNAL_HEURISTIC_V0_2,needs_review
ENT_EURYBIA,classical_planet,moon,0,low,Algorithmic seed score from v0.1 category/domains/tags; matched: none.,SRC_INTERNAL_HEURISTIC_V0_2,needs_review
ENT_EURYBIA,classical_planet,mercury,0,low,Algorithmic seed score from v0.1 category/domains/tags; matched: none.,SRC_INTERNAL_HEURISTIC_V0_2,needs_review
ENT_EURYBIA,classical_planet,venus,0,low,Algorithmic seed score from v0.1 category/domains/tags; matched: none.,SRC_INTERNAL_HEURISTIC_V0_2,needs_review
ENT_EURYBIA,classical_planet,sun,0,low,Algorithmic seed score from v0.1 category/domains/tags; matched: none.,SRC_INTERNAL_HEURISTIC_V0_2,needs_review
ENT_EURYBIA,classical_planet,mars,0,low,Algorithmic seed score from v0.1 category/domains/tags; matched: none.,SRC_INTERNAL_HEURISTIC_V0_2,needs_review
ENT_EURYBIA,classical_planet,jupiter,0,low,Algorithmic seed score from v0.1 category/domains/tags; matched: none.,SRC_INTERNAL_HEURISTIC_V0_2,needs_review
ENT_EURYBIA,classical_planet,saturn,0,low,Algorithmic seed score from v0.1 category/domains/tags; matched: none.,SRC_INTERNAL_HEURISTIC_V0_2,needs_review
ENT_IAPETUS,classical_element,earth,1,low,Algorithmic seed score from v0.1 category/domains/tags; matched: none.,SRC_INTERNAL_HEURISTIC_V0_2,needs_review
ENT_IAPETUS,classical_element,water,0,low,Algorithmic seed score from v0.1 category/domains/tags; matched: none.,SRC_INTERNAL_HEURISTIC_V0_2,needs_review
ENT_IAPETUS,classical_element,fire,0,low,Algorithmic seed score from v0.1 category/domains/tags; matched: none.,SRC_INTERNAL_HEURISTIC_V0_2,needs_review
ENT_IAPETUS,classical_element,air,0,low,Algorithmic seed score from v0.1 category/domains/tags; matched: none.,SRC_INTERNAL_HEURISTIC_V0_2,needs_review
ENT_IAPETUS,classical_planet,moon,0,low,Algorithmic seed score from v0.1 category/domains/tags; matched: none.,SRC_INTERNAL_HEURISTIC_V0_2,needs_review
ENT_IAPETUS,classical_planet,mercury,0,low,Algorithmic seed score from v0.1 category/domains/tags; matched: none.,SRC_INTERNAL_HEURISTIC_V0_2,needs_review
ENT_IAPETUS,classical_planet,venus,0,low,Algorithmic seed score from v0.1 category/domains/tags; matched: none.,SRC_INTERNAL_HEURISTIC_V0_2,needs_review
ENT_IAPETUS,classical_planet,sun,0,low,Algorithmic seed score from v0.1 category/domains/tags; matched: none.,SRC_INTERNAL_HEURISTIC_V0_2,needs_review
ENT_IAPETUS,classical_planet,mars,0,low,Algorithmic seed score from v0.1 category/domains/tags; matched: none.,SRC_INTERNAL_HEURISTIC_V0_2,needs_review
ENT_IAPETUS,classical_planet,jupiter,0,low,Algorithmic seed score from v0.1 category/domains/tags; matched: none.,SRC_INTERNAL_HEURISTIC_V0_2,needs_review
ENT_IAPETUS,classical_planet,saturn,0,low,Algorithmic seed score from v0.1 category/domains/tags; matched: none.,SRC_INTERNAL_HEURISTIC_V0_2,needs_review
ENT_CLYMENE_TITANESS,classical_element,earth,1,low,Algorithmic seed score from v0.1 category/domains/tags; matched: none.,SRC_INTERNAL_HEURISTIC_V0_2,needs_review
ENT_CLYMENE_TITANESS,classical_element,water,0,low,Algorithmic seed score from v0.1 category/domains/tags; matched: none.,SRC_INTERNAL_HEURISTIC_V0_2,needs_review
ENT_CLYMENE_TITANESS,classical_element,fire,0,low,Algorithmic seed score from v0.1 category/domains/tags; matched: none.,SRC_INTERNAL_HEURISTIC_V0_2,needs_review
ENT_CLYMENE_TITANESS,classical_element,air,0,low,Algorithmic seed score from v0.1 category/domains/tags; matched: none.,SRC_INTERNAL_HEURISTIC_V0_2,needs_review
ENT_CLYMENE_TITANESS,classical_planet,moon,0,low,Algorithmic seed score from v0.1 category/domains/tags; matched: none.,SRC_INTERNAL_HEURISTIC_V0_2,needs_review
ENT_CLYMENE_TITANESS,classical_planet,mercury,0,low,Algorithmic seed score from v0.1 category/domains/tags; matched: none.,SRC_INTERNAL_HEURISTIC_V0_2,needs_review
ENT_CLYMENE_TITANESS,classical_planet,venus,0,low,Algorithmic seed score from v0.1 category/domains/tags; matched: none.,SRC_INTERNAL_HEURISTIC_V0_2,needs_review
ENT_CLYMENE_TITANESS,classical_planet,sun,0,low,Algorithmic seed score from v0.1 category/domains/tags; matched: none.,SRC_INTERNAL_HEURISTIC_V0_2,needs_review
ENT_CLYMENE_TITANESS,classical_planet,mars,0,low,Algorithmic seed score from v0.1 category/domains/tags; matched: none.,SRC_INTERNAL_HEURISTIC_V0_2,needs_review
ENT_CLYMENE_TITANESS,classical_planet,jupiter,0,low,Algorithmic seed score from v0.1 category/domains/tags; matched: none.,SRC_INTERNAL_HEURISTIC_V0_2,needs_review
ENT_CLYMENE_TITANESS,classical_planet,saturn,0,low,Algorithmic seed score from v0.1 category/domains/tags; matched: none.,SRC_INTERNAL_HEURISTIC_V0_2,needs_review
ENT_MNEMOSYNE,classical_element,earth,1,low,Algorithmic seed score from v0.1 category/domains/tags; matched: none.,SRC_INTERNAL_HEURISTIC_V0_2,needs_review
ENT_MNEMOSYNE,classical_element,water,0,low,Algorithmic seed score from v0.1 category/domains/tags; matched: none.,SRC_INTERNAL_HEURISTIC_V0_2,needs_review
ENT_MNEMOSYNE,classical_element,fire,0,low,Algorithmic seed score from v0.1 category/domains/tags; matched: none.,SRC_INTERNAL_HEURISTIC_V0_2,needs_review
ENT_MNEMOSYNE,classical_element,air,0,low,Algorithmic seed score from v0.1 category/domains/tags; matched: none.,SRC_INTERNAL_HEURISTIC_V0_2,needs_review
ENT_MNEMOSYNE,classical_planet,moon,0,low,Algorithmic seed score from v0.1 category/domains/tags; matched: none.,SRC_INTERNAL_HEURISTIC_V0_2,needs_review
ENT_MNEMOSYNE,classical_planet,mercury,0,low,Algorithmic seed score from v0.1 category/domains/tags; matched: none.,SRC_INTERNAL_HEURISTIC_V0_2,needs_review
ENT_MNEMOSYNE,classical_planet,venus,0,low,Algorithmic seed score from v0.1 category/domains/tags; matched: none.,SRC_INTERNAL_HEURISTIC_V0_2,needs_review
ENT_MNEMOSYNE,classical_planet,sun,0,low,Algorithmic seed score from v0.1 category/domains/tags; matched: none.,SRC_INTERNAL_HEURISTIC_V0_2,needs_review
ENT_MNEMOSYNE,classical_planet,mars,0,low,Algorithmic seed score from v0.1 category/domains/tags; matched: none.,SRC_INTERNAL_HEURISTIC_V0_2,needs_review
ENT_MNEMOSYNE,classical_planet,jupiter,0,low,Algorithmic seed score from v0.1 category/domains/tags; matched: none.,SRC_INTERNAL_HEURISTIC_V0_2,needs_review
ENT_MNEMOSYNE,classical_planet,saturn,0,low,Algorithmic seed score from v0.1 category/domains/tags; matched: none.,SRC_INTERNAL_HEURISTIC_V0_2,needs_review
ENT_THEMIS,classical_element,earth,1,low,Algorithmic seed score from v0.1 category/domains/tags; matched: none.,SRC_INTERNAL_HEURISTIC_V0_2,needs_review
ENT_THEMIS,classical_element,water,0,low,Algorithmic seed score from v0.1 category/domains/tags; matched: none.,SRC_INTERNAL_HEURISTIC_V0_2,needs_review
ENT_THEMIS,classical_element,fire,0,low,Algorithmic seed score from v0.1 category/domains/tags; matched: none.,SRC_INTERNAL_HEURISTIC_V0_2,needs_review
ENT_THEMIS,classical_element,air,0,low,Algorithmic seed score from v0.1 category/domains/tags; matched: none.,SRC_INTERNAL_HEURISTIC_V0_2,needs_review
ENT_THEMIS,classical_planet,moon,0,low,Algorithmic seed score from v0.1 category/domains/tags; matched: none.,SRC_INTERNAL_HEURISTIC_V0_2,needs_review
ENT_THEMIS,classical_planet,mercury,0,low,Algorithmic seed score from v0.1 category/domains/tags; matched: none.,SRC_INTERNAL_HEURISTIC_V0_2,needs_review
ENT_THEMIS,classical_planet,venus,0,low,Algorithmic seed score from v0.1 category/domains/tags; matched: none.,SRC_INTERNAL_HEURISTIC_V0_2,needs_review
ENT_THEMIS,classical_planet,sun,0,low,Algorithmic seed score from v0.1 category/domains/tags; matched: none.,SRC_INTERNAL_HEURISTIC_V0_2,needs_review
ENT_THEMIS,classical_planet,mars,0,low,Algorithmic seed score from v0.1 category/domains/tags; matched: none.,SRC_INTERNAL_HEURISTIC_V0_2,needs_review
ENT_THEMIS,classical_planet,jupiter,4,medium,"Algorithmic seed score from v0.1 category/domains/tags; matched: justice, law.",SRC_INTERNAL_HEURISTIC_V0_2,needs_review
ENT_THEMIS,classical_planet,saturn,0,low,Algorithmic seed score from v0.1 category/domains/tags; matched: none.,SRC_INTERNAL_HEURISTIC_V0_2,needs_review
ENT_ASTERIA,classical_element,earth,1,low,Algorithmic seed score from v0.1 category/domains/tags; matched: none.,SRC_INTERNAL_HEURISTIC_V0_2,needs_review
ENT_ASTERIA,classical_element,water,0,low,Algorithmic seed score from v0.1 category/domains/tags; matched: none.,SRC_INTERNAL_HEURISTIC_V0_2,needs_review
ENT_ASTERIA,classical_element,fire,0,low,Algorithmic seed score from v0.1 category/domains/tags; matched: none.,SRC_INTERNAL_HEURISTIC_V0_2,needs_review
ENT_ASTERIA,classical_element,air,2,low,Algorithmic seed score from v0.1 category/domains/tags; matched: prophecy.,SRC_INTERNAL_HEURISTIC_V0_2,needs_review
ENT_ASTERIA,classical_planet,moon,4,medium,Algorithmic seed score from v0.1 category/domains/tags; matched: night.,SRC_INTERNAL_HEURISTIC_V0_2,needs_review
ENT_ASTERIA,classical_planet,mercury,3,low,Algorithmic seed score from v0.1 category/domains/tags; matched: prophecy.,SRC_INTERNAL_HEURISTIC_V0_2,needs_review
ENT_ASTERIA,classical_planet,venus,0,low,Algorithmic seed score from v0.1 category/domains/tags; matched: none.,SRC_INTERNAL_HEURISTIC_V0_2,needs_review
ENT_ASTERIA,classical_planet,sun,3,low,Algorithmic seed score from v0.1 category/domains/tags; matched: prophecy.,SRC_INTERNAL_HEURISTIC_V0_2,needs_review
ENT_ASTERIA,classical_planet,mars,0,low,Algorithmic seed score from v0.1 category/domains/tags; matched: none.,SRC_INTERNAL_HEURISTIC_V0_2,needs_review
ENT_ASTERIA,classical_planet,jupiter,0,low,Algorithmic seed score from v0.1 category/domains/tags; matched: none.,SRC_INTERNAL_HEURISTIC_V0_2,needs_review
ENT_ASTERIA,classical_planet,saturn,0,low,Algorithmic seed score from v0.1 category/domains/tags; matched: none.,SRC_INTERNAL_HEURISTIC_V0_2,needs_review
ENT_LETO,classical_element,earth,1,low,Algorithmic seed score from v0.1 category/domains/tags; matched: none.,SRC_INTERNAL_HEURISTIC_V0_2,needs_review
ENT_LETO,classical_element,water,0,low,Algorithmic seed score from v0.1 category/domains/tags; matched: none.,SRC_INTERNAL_HEURISTIC_V0_2,needs_review
ENT_LETO,classical_element,fire,0,low,Algorithmic seed score from v0.1 category/domains/tags; matched: none.,SRC_INTERNAL_HEURISTIC_V0_2,needs_review
ENT_LETO,classical_element,air,0,low,Algorithmic seed score from v0.1 category/domains/tags; matched: none.,SRC_INTERNAL_HEURISTIC_V0_2,needs_review
ENT_LETO,classical_planet,moon,0,low,Algorithmic seed score from v0.1 category/domains/tags; matched: none.,SRC_INTERNAL_HEURISTIC_V0_2,needs_review
ENT_LETO,classical_planet,mercury,0,low,Algorithmic seed score from v0.1 category/domains/tags; matched: none.,SRC_INTERNAL_HEURISTIC_V0_2,needs_review
ENT_LETO,classical_planet,venus,0,low,Algorithmic seed score from v0.1 category/domains/tags; matched: none.,SRC_INTERNAL_HEURISTIC_V0_2,needs_review
ENT_LETO,classical_planet,sun,4,medium,Algorithmic seed score from v0.1 category/domains/tags; matched: apollo.,SRC_INTERNAL_HEURISTIC_V0_2,needs_review
ENT_LETO,classical_planet,mars,0,low,Algorithmic seed score from v0.1 category/domains/tags; matched: none.,SRC_INTERNAL_HEURISTIC_V0_2,needs_review
ENT_LETO,classical_planet,jupiter,0,low,Algorithmic seed score from v0.1 category/domains/tags; matched: none.,SRC_INTERNAL_HEURISTIC_V0_2,needs_review
ENT_LETO,classical_planet,saturn,0,low,Algorithmic seed score from v0.1 category/domains/tags; matched: none.,SRC_INTERNAL_HEURISTIC_V0_2,needs_review
ENT_ATLAS,classical_element,earth,1,low,Algorithmic seed score from v0.1 category/domains/tags; matched: none.,SRC_INTERNAL_HEURISTIC_V0_2,needs_review
ENT_ATLAS,classical_element,water,0,low,Algorithmic seed score from v0.1 category/domains/tags; matched: none.,SRC_INTERNAL_HEURISTIC_V0_2,needs_review
ENT_ATLAS,classical_element,fire,0,low,Algorithmic seed score from v0.1 category/domains/tags; matched: none.,SRC_INTERNAL_HEURISTIC_V0_2,needs_review
ENT_ATLAS,classical_element,air,5,medium,Algorithmic seed score from v0.1 category/domains/tags; matched: sky.,SRC_INTERNAL_HEURISTIC_V0_2,needs_review
ENT_ATLAS,classical_planet,moon,0,low,Algorithmic seed score from v0.1 category/domains/tags; matched: none.,SRC_INTERNAL_HEURISTIC_V0_2,needs_review
ENT_ATLAS,classical_planet,mercury,0,low,Algorithmic seed score from v0.1 category/domains/tags; matched: none.,SRC_INTERNAL_HEURISTIC_V0_2,needs_review
ENT_ATLAS,classical_planet,venus,0,low,Algorithmic seed score from v0.1 category/domains/tags; matched: none.,SRC_INTERNAL_HEURISTIC_V0_2,needs_review
ENT_ATLAS,classical_planet,sun,0,low,Algorithmic seed score from v0.1 category/domains/tags; matched: none.,SRC_INTERNAL_HEURISTIC_V0_2,needs_review
ENT_ATLAS,classical_planet,mars,0,low,Algorithmic seed score from v0.1 category/domains/tags; matched: none.,SRC_INTERNAL_HEURISTIC_V0_2,needs_review
ENT_ATLAS,classical_planet,jupiter,3,low,Algorithmic seed score from v0.1 category/domains/tags; matched: sky.,SRC_INTERNAL_HEURISTIC_V0_2,needs_review
ENT_ATLAS,classical_planet,saturn,0,low,Algorithmic seed score from v0.1 category/domains/tags; matched: none.,SRC_INTERNAL_HEURISTIC_V0_2,needs_review
ENT_PROMETHEUS,classical_element,earth,1,low,Algorithmic seed score from v0.1 category/domains/tags; matched: none.,SRC_INTERNAL_HEURISTIC_V0_2,needs_review
ENT_PROMETHEUS,classical_element,water,0,low,Algorithmic seed score from v0.1 category/domains/tags; matched: none.,SRC_INTERNAL_HEURISTIC_V0_2,needs_review
ENT_PROMETHEUS,classical_element,fire,5,medium,Algorithmic seed score from v0.1 category/domains/tags; matched: fire.,SRC_INTERNAL_HEURISTIC_V0_2,needs_review
ENT_PROMETHEUS,classical_element,air,0,low,Algorithmic seed score from v0.1 category/domains/tags; matched: none.,SRC_INTERNAL_HEURISTIC_V0_2,needs_review
ENT_PROMETHEUS,classical_planet,moon,0,low,Algorithmic seed score from v0.1 category/domains/tags; matched: none.,SRC_INTERNAL_HEURISTIC_V0_2,needs_review
ENT_PROMETHEUS,classical_planet,mercury,0,low,Algorithmic seed score from v0.1 category/domains/tags; matched: none.,SRC_INTERNAL_HEURISTIC_V0_2,needs_review
ENT_PROMETHEUS,classical_planet,venus,0,low,Algorithmic seed score from v0.1 category/domains/tags; matched: none.,SRC_INTERNAL_HEURISTIC_V0_2,needs_review
ENT_PROMETHEUS,classical_planet,sun,0,low,Algorithmic seed score from v0.1 category/domains/tags; matched: none.,SRC_INTERNAL_HEURISTIC_V0_2,needs_review
ENT_PROMETHEUS,classical_planet,mars,0,low,Algorithmic seed score from v0.1 category/domains/tags; matched: none.,SRC_INTERNAL_HEURISTIC_V0_2,needs_review
ENT_PROMETHEUS,classical_planet,jupiter,0,low,Algorithmic seed score from v0.1 category/domains/tags; matched: none.,SRC_INTERNAL_HEURISTIC_V0_2,needs_review
ENT_PROMETHEUS,classical_planet,saturn,0,low,Algorithmic seed score from v0.1 category/domains/tags; matched: none.,SRC_INTERNAL_HEURISTIC_V0_2,needs_review
ENT_EPIMETHEUS,classical_element,earth,1,low,Algorithmic seed score from v0.1 category/domains/tags; matched: none.,SRC_INTERNAL_HEURISTIC_V0_2,needs_review
ENT_EPIMETHEUS,classical_element,water,0,low,Algorithmic seed score from v0.1 category/domains/tags; matched: none.,SRC_INTERNAL_HEURISTIC_V0_2,needs_review
ENT_EPIMETHEUS,classical_element,fire,0,low,Algorithmic seed score from v0.1 category/domains/tags; matched: none.,SRC_INTERNAL_HEURISTIC_V0_2,needs_review
ENT_EPIMETHEUS,classical_element,air,0,low,Algorithmic seed score from v0.1 category/domains/tags; matched: none.,SRC_INTERNAL_HEURISTIC_V0_2,needs_review
ENT_EPIMETHEUS,classical_planet,moon,0,low,Algorithmic seed score from v0.1 category/domains/tags; matched: none.,SRC_INTERNAL_HEURISTIC_V0_2,needs_review
ENT_EPIMETHEUS,classical_planet,mercury,0,low,Algorithmic seed score from v0.1 category/domains/tags; matched: none.,SRC_INTERNAL_HEURISTIC_V0_2,needs_review
ENT_EPIMETHEUS,classical_planet,venus,0,low,Algorithmic seed score from v0.1 category/domains/tags; matched: none.,SRC_INTERNAL_HEURISTIC_V0_2,needs_review
ENT_EPIMETHEUS,classical_planet,sun,0,low,Algorithmic seed score from v0.1 category/domains/tags; matched: none.,SRC_INTERNAL_HEURISTIC_V0_2,needs_review
ENT_EPIMETHEUS,classical_planet,mars,0,low,Algorithmic seed score from v0.1 category/domains/tags; matched: none.,SRC_INTERNAL_HEURISTIC_V0_2,needs_review
ENT_EPIMETHEUS,classical_planet,jupiter,0,low,Algorithmic seed score from v0.1 category/domains/tags; matched: none.,SRC_INTERNAL_HEURISTIC_V0_2,needs_review
ENT_EPIMETHEUS,classical_planet,saturn,0,low,Algorithmic seed score from v0.1 category/domains/tags; matched: none.,SRC_INTERNAL_HEURISTIC_V0_2,needs_review
ENT_MENOETIUS,classical_element,earth,1,low,Algorithmic seed score from v0.1 category/domains/tags; matched: none.,SRC_INTERNAL_HEURISTIC_V0_2,needs_review
ENT_MENOETIUS,classical_element,water,0,low,Algorithmic seed score from v0.1 category/domains/tags; matched: none.,SRC_INTERNAL_HEURISTIC_V0_2,needs_review
ENT_MENOETIUS,classical_element,fire,0,low,Algorithmic seed score from v0.1 category/domains/tags; matched: none.,SRC_INTERNAL_HEURISTIC_V0_2,needs_review
ENT_MENOETIUS,classical_element,air,0,low,Algorithmic seed score from v0.1 category/domains/tags; matched: none.,SRC_INTERNAL_HEURISTIC_V0_2,needs_review
ENT_MENOETIUS,classical_planet,moon,0,low,Algorithmic seed score from v0.1 category/domains/tags; matched: none.,SRC_INTERNAL_HEURISTIC_V0_2,needs_review
ENT_MENOETIUS,classical_planet,mercury,0,low,Algorithmic seed score from v0.1 category/domains/tags; matched: none.,SRC_INTERNAL_HEURISTIC_V0_2,needs_review
ENT_MENOETIUS,classical_planet,venus,0,low,Algorithmic seed score from v0.1 category/domains/tags; matched: none.,SRC_INTERNAL_HEURISTIC_V0_2,needs_review
ENT_MENOETIUS,classical_planet,sun,0,low,Algorithmic seed score from v0.1 category/domains/tags; matched: none.,SRC_INTERNAL_HEURISTIC_V0_2,needs_review
ENT_MENOETIUS,classical_planet,mars,0,low,Algorithmic seed score from v0.1 category/domains/tags; matched: none.,SRC_INTERNAL_HEURISTIC_V0_2,needs_review
ENT_MENOETIUS,classical_planet,jupiter,0,low,Algorithmic seed score from v0.1 category/domains/tags; matched: none.,SRC_INTERNAL_HEURISTIC_V0_2,needs_review
ENT_MENOETIUS,classical_planet,saturn,0,low,Algorithmic seed score from v0.1 category/domains/tags; matched: none.,SRC_INTERNAL_HEURISTIC_V0_2,needs_review
ENT_PERSES_TITAN,classical_element,earth,1,low,Algorithmic seed score from v0.1 category/domains/tags; matched: none.,SRC_INTERNAL_HEURISTIC_V0_2,needs_review
ENT_PERSES_TITAN,classical_element,water,0,low,Algorithmic seed score from v0.1 category/domains/tags; matched: none.,SRC_INTERNAL_HEURISTIC_V0_2,needs_review
ENT_PERSES_TITAN,classical_element,fire,0,low,Algorithmic seed score from v0.1 category/domains/tags; matched: none.,SRC_INTERNAL_HEURISTIC_V0_2,needs_review
ENT_PERSES_TITAN,classical_element,air,0,low,Algorithmic seed score from v0.1 category/domains/tags; matched: none.,SRC_INTERNAL_HEURISTIC_V0_2,needs_review
ENT_PERSES_TITAN,classical_planet,moon,0,low,Algorithmic seed score from v0.1 category/domains/tags; matched: none.,SRC_INTERNAL_HEURISTIC_V0_2,needs_review
ENT_PERSES_TITAN,classical_planet,mercury,0,low,Algorithmic seed score from v0.1 category/domains/tags; matched: none.,SRC_INTERNAL_HEURISTIC_V0_2,needs_review
ENT_PERSES_TITAN,classical_planet,venus,0,low,Algorithmic seed score from v0.1 category/domains/tags; matched: none.,SRC_INTERNAL_HEURISTIC_V0_2,needs_review
ENT_PERSES_TITAN,classical_planet,sun,0,low,Algorithmic seed score from v0.1 category/domains/tags; matched: none.,SRC_INTERNAL_HEURISTIC_V0_2,needs_review
ENT_PERSES_TITAN,classical_planet,mars,0,low,Algorithmic seed score from v0.1 category/domains/tags; matched: none.,SRC_INTERNAL_HEURISTIC_V0_2,needs_review
ENT_PERSES_TITAN,classical_planet,jupiter,0,low,Algorithmic seed score from v0.1 category/domains/tags; matched: none.,SRC_INTERNAL_HEURISTIC_V0_2,needs_review
ENT_PERSES_TITAN,classical_planet,saturn,0,low,Algorithmic seed score from v0.1 category/domains/tags; matched: none.,SRC_INTERNAL_HEURISTIC_V0_2,needs_review
ENT_PALLAS_TITAN,classical_element,earth,1,low,Algorithmic seed score from v0.1 category/domains/tags; matched: none.,SRC_INTERNAL_HEURISTIC_V0_2,needs_review
ENT_PALLAS_TITAN,classical_element,water,0,low,Algorithmic seed score from v0.1 category/domains/tags; matched: none.,SRC_INTERNAL_HEURISTIC_V0_2,needs_review
ENT_PALLAS_TITAN,classical_element,fire,3,low,Algorithmic seed score from v0.1 category/domains/tags; matched: war.,SRC_INTERNAL_HEURISTIC_V0_2,needs_review
ENT_PALLAS_TITAN,classical_element,air,0,low,Algorithmic seed score from v0.1 category/domains/tags; matched: none.,SRC_INTERNAL_HEURISTIC_V0_2,needs_review
ENT_PALLAS_TITAN,classical_planet,moon,0,low,Algorithmic seed score from v0.1 category/domains/tags; matched: none.,SRC_INTERNAL_HEURISTIC_V0_2,needs_review
ENT_PALLAS_TITAN,classical_planet,mercury,0,low,Algorithmic seed score from v0.1 category/domains/tags; matched: none.,SRC_INTERNAL_HEURISTIC_V0_2,needs_review
ENT_PALLAS_TITAN,classical_planet,venus,0,low,Algorithmic seed score from v0.1 category/domains/tags; matched: none.,SRC_INTERNAL_HEURISTIC_V0_2,needs_review
ENT_PALLAS_TITAN,classical_planet,sun,0,low,Algorithmic seed score from v0.1 category/domains/tags; matched: none.,SRC_INTERNAL_HEURISTIC_V0_2,needs_review
ENT_PALLAS_TITAN,classical_planet,mars,5,medium,Algorithmic seed score from v0.1 category/domains/tags; matched: war.,SRC_INTERNAL_HEURISTIC_V0_2,needs_review
ENT_PALLAS_TITAN,classical_planet,jupiter,0,low,Algorithmic seed score from v0.1 category/domains/tags; matched: none.,SRC_INTERNAL_HEURISTIC_V0_2,needs_review
ENT_PALLAS_TITAN,classical_planet,saturn,0,low,Algorithmic seed score from v0.1 category/domains/tags; matched: none.,SRC_INTERNAL_HEURISTIC_V0_2,needs_review
ENT_ASTRAEUS,classical_element,earth,1,low,Algorithmic seed score from v0.1 category/domains/tags; matched: none.,SRC_INTERNAL_HEURISTIC_V0_2,needs_review
ENT_ASTRAEUS,classical_element,water,0,low,Algorithmic seed score from v0.1 category/domains/tags; matched: none.,SRC_INTERNAL_HEURISTIC_V0_2,needs_review
ENT_ASTRAEUS,classical_element,fire,0,low,Algorithmic seed score from v0.1 category/domains/tags; matched: none.,SRC_INTERNAL_HEURISTIC_V0_2,needs_review
ENT_ASTRAEUS,classical_element,air,5,medium,Algorithmic seed score from v0.1 category/domains/tags; matched: wind.,SRC_INTERNAL_HEURISTIC_V0_2,needs_review
ENT_ASTRAEUS,classical_planet,moon,0,low,Algorithmic seed score from v0.1 category/domains/tags; matched: none.,SRC_INTERNAL_HEURISTIC_V0_2,needs_review
ENT_ASTRAEUS,classical_planet,mercury,0,low,Algorithmic seed score from v0.1 category/domains/tags; matched: none.,SRC_INTERNAL_HEURISTIC_V0_2,needs_review
ENT_ASTRAEUS,classical_planet,venus,0,low,Algorithmic seed score from v0.1 category/domains/tags; matched: none.,SRC_INTERNAL_HEURISTIC_V0_2,needs_review
ENT_ASTRAEUS,classical_planet,sun,0,low,Algorithmic seed score from v0.1 category/domains/tags; matched: none.,SRC_INTERNAL_HEURISTIC_V0_2,needs_review
ENT_ASTRAEUS,classical_planet,mars,0,low,Algorithmic seed score from v0.1 category/domains/tags; matched: none.,SRC_INTERNAL_HEURISTIC_V0_2,needs_review
ENT_ASTRAEUS,classical_planet,jupiter,0,low,Algorithmic seed score from v0.1 category/domains/tags; matched: none.,SRC_INTERNAL_HEURISTIC_V0_2,needs_review
ENT_ASTRAEUS,classical_planet,saturn,0,low,Algorithmic seed score from v0.1 category/domains/tags; matched: none.,SRC_INTERNAL_HEURISTIC_V0_2,needs_review
ENT_DIONE,classical_element,earth,1,low,Algorithmic seed score from v0.1 category/domains/tags; matched: none.,SRC_INTERNAL_HEURISTIC_V0_2,needs_review
ENT_DIONE,classical_element,water,0,low,Algorithmic seed score from v0.1 category/domains/tags; matched: none.,SRC_INTERNAL_HEURISTIC_V0_2,needs_review
ENT_DIONE,classical_element,fire,0,low,Algorithmic seed score from v0.1 category/domains/tags; matched: none.,SRC_INTERNAL_HEURISTIC_V0_2,needs_review
ENT_DIONE,classical_element,air,0,low,Algorithmic seed score from v0.1 category/domains/tags; matched: none.,SRC_INTERNAL_HEURISTIC_V0_2,needs_review
ENT_DIONE,classical_planet,moon,0,low,Algorithmic seed score from v0.1 category/domains/tags; matched: none.,SRC_INTERNAL_HEURISTIC_V0_2,needs_review
ENT_DIONE,classical_planet,mercury,0,low,Algorithmic seed score from v0.1 category/domains/tags; matched: none.,SRC_INTERNAL_HEURISTIC_V0_2,needs_review
ENT_DIONE,classical_planet,venus,5,medium,Algorithmic seed score from v0.1 category/domains/tags; matched: aphrodite.,SRC_INTERNAL_HEURISTIC_V0_2,needs_review
ENT_DIONE,classical_planet,sun,0,low,Algorithmic seed score from v0.1 category/domains/tags; matched: none.,SRC_INTERNAL_HEURISTIC_V0_2,needs_review
ENT_DIONE,classical_planet,mars,0,low,Algorithmic seed score from v0.1 category/domains/tags; matched: none.,SRC_INTERNAL_HEURISTIC_V0_2,needs_review
ENT_DIONE,classical_planet,jupiter,0,low,Algorithmic seed score from v0.1 category/domains/tags; matched: none.,SRC_INTERNAL_HEURISTIC_V0_2,needs_review
ENT_DIONE,classical_planet,saturn,0,low,Algorithmic seed score from v0.1 category/domains/tags; matched: none.,SRC_INTERNAL_HEURISTIC_V0_2,needs_review
ENT_ZEUS,classical_element,earth,0,low,Algorithmic seed score from v0.1 category/domains/tags; matched: none.,SRC_INTERNAL_HEURISTIC_V0_2,needs_review
ENT_ZEUS,classical_element,water,0,low,Algorithmic seed score from v0.1 category/domains/tags; matched: none.,SRC_INTERNAL_HEURISTIC_V0_2,needs_review
ENT_ZEUS,classical_element,fire,0,low,Algorithmic seed score from v0.1 category/domains/tags; matched: none.,SRC_INTERNAL_HEURISTIC_V0_2,needs_review
ENT_ZEUS,classical_element,air,5,medium,Algorithmic seed score from v0.1 category/domains/tags; matched: sky.,SRC_INTERNAL_HEURISTIC_V0_2,needs_review
ENT_ZEUS,classical_planet,moon,0,low,Algorithmic seed score from v0.1 category/domains/tags; matched: none.,SRC_INTERNAL_HEURISTIC_V0_2,needs_review
ENT_ZEUS,classical_planet,mercury,0,low,Algorithmic seed score from v0.1 category/domains/tags; matched: none.,SRC_INTERNAL_HEURISTIC_V0_2,needs_review
ENT_ZEUS,classical_planet,venus,0,low,Algorithmic seed score from v0.1 category/domains/tags; matched: none.,SRC_INTERNAL_HEURISTIC_V0_2,needs_review
ENT_ZEUS,classical_planet,sun,0,low,Algorithmic seed score from v0.1 category/domains/tags; matched: none.,SRC_INTERNAL_HEURISTIC_V0_2,needs_review
ENT_ZEUS,classical_planet,mars,0,low,Algorithmic seed score from v0.1 category/domains/tags; matched: none.,SRC_INTERNAL_HEURISTIC_V0_2,needs_review
ENT_ZEUS,classical_planet,jupiter,5,medium,"Algorithmic seed score from v0.1 category/domains/tags; matched: zeus, king, kingship, law, sky.",SRC_INTERNAL_HEURISTIC_V0_2,needs_review
ENT_ZEUS,classical_planet,saturn,0,low,Algorithmic seed score from v0.1 category/domains/tags; matched: none.,SRC_INTERNAL_HEURISTIC_V0_2,needs_review
ENT_HERA,classical_element,earth,0,low,Algorithmic seed score from v0.1 category/domains/tags; matched: none.,SRC_INTERNAL_HEURISTIC_V0_2,needs_review
ENT_HERA,classical_element,water,0,low,Algorithmic seed score from v0.1 category/domains/tags; matched: none.,SRC_INTERNAL_HEURISTIC_V0_2,needs_review
ENT_HERA,classical_element,fire,0,low,Algorithmic seed score from v0.1 category/domains/tags; matched: none.,SRC_INTERNAL_HEURISTIC_V0_2,needs_review
ENT_HERA,classical_element,air,0,low,Algorithmic seed score from v0.1 category/domains/tags; matched: none.,SRC_INTERNAL_HEURISTIC_V0_2,needs_review
ENT_HERA,classical_planet,moon,0,low,Algorithmic seed score from v0.1 category/domains/tags; matched: none.,SRC_INTERNAL_HEURISTIC_V0_2,needs_review
ENT_HERA,classical_planet,mercury,0,low,Algorithmic seed score from v0.1 category/domains/tags; matched: none.,SRC_INTERNAL_HEURISTIC_V0_2,needs_review
ENT_HERA,classical_planet,venus,3,low,Algorithmic seed score from v0.1 category/domains/tags; matched: marriage.,SRC_INTERNAL_HEURISTIC_V0_2,needs_review
ENT_HERA,classical_planet,sun,0,low,Algorithmic seed score from v0.1 category/domains/tags; matched: none.,SRC_INTERNAL_HEURISTIC_V0_2,needs_review
ENT_HERA,classical_planet,mars,0,low,Algorithmic seed score from v0.1 category/domains/tags; matched: none.,SRC_INTERNAL_HEURISTIC_V0_2,needs_review
ENT_HERA,classical_planet,jupiter,0,low,Algorithmic seed score from v0.1 category/domains/tags; matched: none.,SRC_INTERNAL_HEURISTIC_V0_2,needs_review
ENT_HERA,classical_planet,saturn,0,low,Algorithmic seed score from v0.1 category/domains/tags; matched: none.,SRC_INTERNAL_HEURISTIC_V0_2,needs_review
ENT_POSEIDON,classical_element,earth,5,medium,Algorithmic seed score from v0.1 category/domains/tags; matched: earth.,SRC_INTERNAL_HEURISTIC_V0_2,needs_review
ENT_POSEIDON,classical_element,water,5,medium,Algorithmic seed score from v0.1 category/domains/tags; matched: sea.,SRC_INTERNAL_HEURISTIC_V0_2,needs_review
ENT_POSEIDON,classical_element,fire,0,low,Algorithmic seed score from v0.1 category/domains/tags; matched: none.,SRC_INTERNAL_HEURISTIC_V0_2,needs_review
ENT_POSEIDON,classical_element,air,0,low,Algorithmic seed score from v0.1 category/domains/tags; matched: none.,SRC_INTERNAL_HEURISTIC_V0_2,needs_review
ENT_POSEIDON,classical_planet,moon,0,low,Algorithmic seed score from v0.1 category/domains/tags; matched: none.,SRC_INTERNAL_HEURISTIC_V0_2,needs_review
ENT_POSEIDON,classical_planet,mercury,0,low,Algorithmic seed score from v0.1 category/domains/tags; matched: none.,SRC_INTERNAL_HEURISTIC_V0_2,needs_review
ENT_POSEIDON,classical_planet,venus,0,low,Algorithmic seed score from v0.1 category/domains/tags; matched: none.,SRC_INTERNAL_HEURISTIC_V0_2,needs_review
ENT_POSEIDON,classical_planet,sun,0,low,Algorithmic seed score from v0.1 category/domains/tags; matched: none.,SRC_INTERNAL_HEURISTIC_V0_2,needs_review
ENT_POSEIDON,classical_planet,mars,0,low,Algorithmic seed score from v0.1 category/domains/tags; matched: none.,SRC_INTERNAL_HEURISTIC_V0_2,needs_review
ENT_POSEIDON,classical_planet,jupiter,0,low,Algorithmic seed score from v0.1 category/domains/tags; matched: none.,SRC_INTERNAL_HEURISTIC_V0_2,needs_review
ENT_POSEIDON,classical_planet,saturn,0,low,Algorithmic seed score from v0.1 category/domains/tags; matched: none.,SRC_INTERNAL_HEURISTIC_V0_2,needs_review
ENT_DEMETER,classical_element,earth,5,medium,"Algorithmic seed score from v0.1 category/domains/tags; matched: earth, agriculture, grain.",SRC_INTERNAL_HEURISTIC_V0_2,needs_review
ENT_DEMETER,classical_element,water,3,low,Algorithmic seed score from v0.1 category/domains/tags; matched: rain.,SRC_INTERNAL_HEURISTIC_V0_2,needs_review
ENT_DEMETER,classical_element,fire,0,low,Algorithmic seed score from v0.1 category/domains/tags; matched: none.,SRC_INTERNAL_HEURISTIC_V0_2,needs_review
ENT_DEMETER,classical_element,air,0,low,Algorithmic seed score from v0.1 category/domains/tags; matched: none.,SRC_INTERNAL_HEURISTIC_V0_2,needs_review
ENT_DEMETER,classical_planet,moon,0,low,Algorithmic seed score from v0.1 category/domains/tags; matched: none.,SRC_INTERNAL_HEURISTIC_V0_2,needs_review
ENT_DEMETER,classical_planet,mercury,0,low,Algorithmic seed score from v0.1 category/domains/tags; matched: none.,SRC_INTERNAL_HEURISTIC_V0_2,needs_review
ENT_DEMETER,classical_planet,venus,0,low,Algorithmic seed score from v0.1 category/domains/tags; matched: none.,SRC_INTERNAL_HEURISTIC_V0_2,needs_review
ENT_DEMETER,classical_planet,sun,0,low,Algorithmic seed score from v0.1 category/domains/tags; matched: none.,SRC_INTERNAL_HEURISTIC_V0_2,needs_review
ENT_DEMETER,classical_planet,mars,0,low,Algorithmic seed score from v0.1 category/domains/tags; matched: none.,SRC_INTERNAL_HEURISTIC_V0_2,needs_review
ENT_DEMETER,classical_planet,jupiter,0,low,Algorithmic seed score from v0.1 category/domains/tags; matched: none.,SRC_INTERNAL_HEURISTIC_V0_2,needs_review
ENT_DEMETER,classical_planet,saturn,3,low,Algorithmic seed score from v0.1 category/domains/tags; matched: agriculture.,SRC_INTERNAL_HEURISTIC_V0_2,needs_review
ENT_PERSEPHONE,classical_element,earth,5,medium,"Algorithmic seed score from v0.1 category/domains/tags; matched: chthonic, underworld.",SRC_INTERNAL_HEURISTIC_V0_2,needs_review
ENT_PERSEPHONE,classical_element,water,0,low,Algorithmic seed score from v0.1 category/domains/tags; matched: none.,SRC_INTERNAL_HEURISTIC_V0_2,needs_review
ENT_PERSEPHONE,classical_element,fire,0,low,Algorithmic seed score from v0.1 category/domains/tags; matched: none.,SRC_INTERNAL_HEURISTIC_V0_2,needs_review
ENT_PERSEPHONE,classical_element,air,0,low,Algorithmic seed score from v0.1 category/domains/tags; matched: none.,SRC_INTERNAL_HEURISTIC_V0_2,needs_review
ENT_PERSEPHONE,classical_planet,moon,2,low,Algorithmic seed score from v0.1 category/domains/tags; matched: underworld.,SRC_INTERNAL_HEURISTIC_V0_2,needs_review
ENT_PERSEPHONE,classical_planet,mercury,0,low,Algorithmic seed score from v0.1 category/domains/tags; matched: none.,SRC_INTERNAL_HEURISTIC_V0_2,needs_review
ENT_PERSEPHONE,classical_planet,venus,0,low,Algorithmic seed score from v0.1 category/domains/tags; matched: none.,SRC_INTERNAL_HEURISTIC_V0_2,needs_review
ENT_PERSEPHONE,classical_planet,sun,0,low,Algorithmic seed score from v0.1 category/domains/tags; matched: none.,SRC_INTERNAL_HEURISTIC_V0_2,needs_review
ENT_PERSEPHONE,classical_planet,mars,0,low,Algorithmic seed score from v0.1 category/domains/tags; matched: none.,SRC_INTERNAL_HEURISTIC_V0_2,needs_review
ENT_PERSEPHONE,classical_planet,jupiter,0,low,Algorithmic seed score from v0.1 category/domains/tags; matched: none.,SRC_INTERNAL_HEURISTIC_V0_2,needs_review
ENT_PERSEPHONE,classical_planet,saturn,4,medium,Algorithmic seed score from v0.1 category/domains/tags; matched: underworld.,SRC_INTERNAL_HEURISTIC_V0_2,needs_review
ENT_HADES,classical_element,earth,5,medium,"Algorithmic seed score from v0.1 category/domains/tags; matched: chthonic, underworld.",SRC_INTERNAL_HEURISTIC_V0_2,needs_review
ENT_HADES,classical_element,water,0,low,Algorithmic seed score from v0.1 category/domains/tags; matched: none.,SRC_INTERNAL_HEURISTIC_V0_2,needs_review
ENT_HADES,classical_element,fire,0,low,Algorithmic seed score from v0.1 category/domains/tags; matched: none.,SRC_INTERNAL_HEURISTIC_V0_2,needs_review
ENT_HADES,classical_element,air,0,low,Algorithmic seed score from v0.1 category/domains/tags; matched: none.,SRC_INTERNAL_HEURISTIC_V0_2,needs_review
ENT_HADES,classical_planet,moon,2,low,Algorithmic seed score from v0.1 category/domains/tags; matched: underworld.,SRC_INTERNAL_HEURISTIC_V0_2,needs_review
ENT_HADES,classical_planet,mercury,0,low,Algorithmic seed score from v0.1 category/domains/tags; matched: none.,SRC_INTERNAL_HEURISTIC_V0_2,needs_review
ENT_HADES,classical_planet,venus,0,low,Algorithmic seed score from v0.1 category/domains/tags; matched: none.,SRC_INTERNAL_HEURISTIC_V0_2,needs_review
ENT_HADES,classical_planet,sun,0,low,Algorithmic seed score from v0.1 category/domains/tags; matched: none.,SRC_INTERNAL_HEURISTIC_V0_2,needs_review
ENT_HADES,classical_planet,mars,0,low,Algorithmic seed score from v0.1 category/domains/tags; matched: none.,SRC_INTERNAL_HEURISTIC_V0_2,needs_review
ENT_HADES,classical_planet,jupiter,0,low,Algorithmic seed score from v0.1 category/domains/tags; matched: none.,SRC_INTERNAL_HEURISTIC_V0_2,needs_review
ENT_HADES,classical_planet,saturn,4,medium,Algorithmic seed score from v0.1 category/domains/tags; matched: underworld.,SRC_INTERNAL_HEURISTIC_V0_2,needs_review
ENT_PLOUTON,classical_element,earth,5,medium,"Algorithmic seed score from v0.1 category/domains/tags; matched: chthonic, underworld, wealth, fertility.",SRC_INTERNAL_HEURISTIC_V0_2,needs_review
ENT_PLOUTON,classical_element,water,0,low,Algorithmic seed score from v0.1 category/domains/tags; matched: none.,SRC_INTERNAL_HEURISTIC_V0_2,needs_review
ENT_PLOUTON,classical_element,fire,0,low,Algorithmic seed score from v0.1 category/domains/tags; matched: none.,SRC_INTERNAL_HEURISTIC_V0_2,needs_review
ENT_PLOUTON,classical_element,air,0,low,Algorithmic seed score from v0.1 category/domains/tags; matched: none.,SRC_INTERNAL_HEURISTIC_V0_2,needs_review
ENT_PLOUTON,classical_planet,moon,2,low,Algorithmic seed score from v0.1 category/domains/tags; matched: underworld.,SRC_INTERNAL_HEURISTIC_V0_2,needs_review
ENT_PLOUTON,classical_planet,mercury,0,low,Algorithmic seed score from v0.1 category/domains/tags; matched: none.,SRC_INTERNAL_HEURISTIC_V0_2,needs_review
ENT_PLOUTON,classical_planet,venus,4,medium,Algorithmic seed score from v0.1 category/domains/tags; matched: fertility.,SRC_INTERNAL_HEURISTIC_V0_2,needs_review
ENT_PLOUTON,classical_planet,sun,0,low,Algorithmic seed score from v0.1 category/domains/tags; matched: none.,SRC_INTERNAL_HEURISTIC_V0_2,needs_review
ENT_PLOUTON,classical_planet,mars,0,low,Algorithmic seed score from v0.1 category/domains/tags; matched: none.,SRC_INTERNAL_HEURISTIC_V0_2,needs_review
ENT_PLOUTON,classical_planet,jupiter,0,low,Algorithmic seed score from v0.1 category/domains/tags; matched: none.,SRC_INTERNAL_HEURISTIC_V0_2,needs_review
ENT_PLOUTON,classical_planet,saturn,4,medium,Algorithmic seed score from v0.1 category/domains/tags; matched: underworld.,SRC_INTERNAL_HEURISTIC_V0_2,needs_review
ENT_ATHENA,classical_element,earth,0,low,Algorithmic seed score from v0.1 category/domains/tags; matched: none.,SRC_INTERNAL_HEURISTIC_V0_2,needs_review
ENT_ATHENA,classical_element,water,0,low,Algorithmic seed score from v0.1 category/domains/tags; matched: none.,SRC_INTERNAL_HEURISTIC_V0_2,needs_review
ENT_ATHENA,classical_element,fire,3,low,Algorithmic seed score from v0.1 category/domains/tags; matched: war.,SRC_INTERNAL_HEURISTIC_V0_2,needs_review
ENT_ATHENA,classical_element,air,0,low,Algorithmic seed score from v0.1 category/domains/tags; matched: none.,SRC_INTERNAL_HEURISTIC_V0_2,needs_review
ENT_ATHENA,classical_planet,moon,0,low,Algorithmic seed score from v0.1 category/domains/tags; matched: none.,SRC_INTERNAL_HEURISTIC_V0_2,needs_review
ENT_ATHENA,classical_planet,mercury,0,low,Algorithmic seed score from v0.1 category/domains/tags; matched: none.,SRC_INTERNAL_HEURISTIC_V0_2,needs_review
ENT_ATHENA,classical_planet,venus,0,low,Algorithmic seed score from v0.1 category/domains/tags; matched: none.,SRC_INTERNAL_HEURISTIC_V0_2,needs_review
ENT_ATHENA,classical_planet,sun,0,low,Algorithmic seed score from v0.1 category/domains/tags; matched: none.,SRC_INTERNAL_HEURISTIC_V0_2,needs_review
ENT_ATHENA,classical_planet,mars,5,medium,Algorithmic seed score from v0.1 category/domains/tags; matched: war.,SRC_INTERNAL_HEURISTIC_V0_2,needs_review
ENT_ATHENA,classical_planet,jupiter,0,low,Algorithmic seed score from v0.1 category/domains/tags; matched: none.,SRC_INTERNAL_HEURISTIC_V0_2,needs_review
ENT_ATHENA,classical_planet,saturn,0,low,Algorithmic seed score from v0.1 category/domains/tags; matched: none.,SRC_INTERNAL_HEURISTIC_V0_2,needs_review
ENT_APOLLO,classical_element,earth,0,low,Algorithmic seed score from v0.1 category/domains/tags; matched: none.,SRC_INTERNAL_HEURISTIC_V0_2,needs_review
ENT_APOLLO,classical_element,water,0,low,Algorithmic seed score from v0.1 category/domains/tags; matched: none.,SRC_INTERNAL_HEURISTIC_V0_2,needs_review
ENT_APOLLO,classical_element,fire,0,low,Algorithmic seed score from v0.1 category/domains/tags; matched: none.,SRC_INTERNAL_HEURISTIC_V0_2,needs_review
ENT_APOLLO,classical_element,air,2,low,Algorithmic seed score from v0.1 category/domains/tags; matched: prophecy.,SRC_INTERNAL_HEURISTIC_V0_2,needs_review
ENT_APOLLO,classical_planet,moon,0,low,Algorithmic seed score from v0.1 category/domains/tags; matched: none.,SRC_INTERNAL_HEURISTIC_V0_2,needs_review
ENT_APOLLO,classical_planet,mercury,3,low,Algorithmic seed score from v0.1 category/domains/tags; matched: prophecy.,SRC_INTERNAL_HEURISTIC_V0_2,needs_review
ENT_APOLLO,classical_planet,venus,0,low,Algorithmic seed score from v0.1 category/domains/tags; matched: none.,SRC_INTERNAL_HEURISTIC_V0_2,needs_review
ENT_APOLLO,classical_planet,sun,4,medium,"Algorithmic seed score from v0.1 category/domains/tags; matched: apollo, prophecy, healing.",SRC_INTERNAL_HEURISTIC_V0_2,needs_review
ENT_APOLLO,classical_planet,mars,0,low,Algorithmic seed score from v0.1 category/domains/tags; matched: none.,SRC_INTERNAL_HEURISTIC_V0_2,needs_review
ENT_APOLLO,classical_planet,jupiter,0,low,Algorithmic seed score from v0.1 category/domains/tags; matched: none.,SRC_INTERNAL_HEURISTIC_V0_2,needs_review
ENT_APOLLO,classical_planet,saturn,0,low,Algorithmic seed score from v0.1 category/domains/tags; matched: none.,SRC_INTERNAL_HEURISTIC_V0_2,needs_review
ENT_ARTEMIS,classical_element,earth,3,low,Algorithmic seed score from v0.1 category/domains/tags; matched: none.,SRC_INTERNAL_HEURISTIC_V0_2,needs_review
ENT_ARTEMIS,classical_element,water,0,low,Algorithmic seed score from v0.1 category/domains/tags; matched: none.,SRC_INTERNAL_HEURISTIC_V0_2,needs_review
ENT_ARTEMIS,classical_element,fire,0,low,Algorithmic seed score from v0.1 category/domains/tags; matched: none.,SRC_INTERNAL_HEURISTIC_V0_2,needs_review
ENT_ARTEMIS,classical_element,air,0,low,Algorithmic seed score from v0.1 category/domains/tags; matched: none.,SRC_INTERNAL_HEURISTIC_V0_2,needs_review
ENT_ARTEMIS,classical_planet,moon,4,medium,Algorithmic seed score from v0.1 category/domains/tags; matched: hunt.,SRC_INTERNAL_HEURISTIC_V0_2,needs_review
ENT_ARTEMIS,classical_planet,mercury,0,low,Algorithmic seed score from v0.1 category/domains/tags; matched: none.,SRC_INTERNAL_HEURISTIC_V0_2,needs_review
ENT_ARTEMIS,classical_planet,venus,0,low,Algorithmic seed score from v0.1 category/domains/tags; matched: none.,SRC_INTERNAL_HEURISTIC_V0_2,needs_review
ENT_ARTEMIS,classical_planet,sun,0,low,Algorithmic seed score from v0.1 category/domains/tags; matched: none.,SRC_INTERNAL_HEURISTIC_V0_2,needs_review
ENT_ARTEMIS,classical_planet,mars,0,low,Algorithmic seed score from v0.1 category/domains/tags; matched: none.,SRC_INTERNAL_HEURISTIC_V0_2,needs_review
ENT_ARTEMIS,classical_planet,jupiter,0,low,Algorithmic seed score from v0.1 category/domains/tags; matched: none.,SRC_INTERNAL_HEURISTIC_V0_2,needs_review
ENT_ARTEMIS,classical_planet,saturn,0,low,Algorithmic seed score from v0.1 category/domains/tags; matched: none.,SRC_INTERNAL_HEURISTIC_V0_2,needs_review
ENT_ARES,classical_element,earth,0,low,Algorithmic seed score from v0.1 category/domains/tags; matched: none.,SRC_INTERNAL_HEURISTIC_V0_2,needs_review
ENT_ARES,classical_element,water,0,low,Algorithmic seed score from v0.1 category/domains/tags; matched: none.,SRC_INTERNAL_HEURISTIC_V0_2,needs_review
ENT_ARES,classical_element,fire,3,low,Algorithmic seed score from v0.1 category/domains/tags; matched: war.,SRC_INTERNAL_HEURISTIC_V0_2,needs_review
ENT_ARES,classical_element,air,0,low,Algorithmic seed score from v0.1 category/domains/tags; matched: none.,SRC_INTERNAL_HEURISTIC_V0_2,needs_review
ENT_ARES,classical_planet,moon,0,low,Algorithmic seed score from v0.1 category/domains/tags; matched: none.,SRC_INTERNAL_HEURISTIC_V0_2,needs_review
ENT_ARES,classical_planet,mercury,0,low,Algorithmic seed score from v0.1 category/domains/tags; matched: none.,SRC_INTERNAL_HEURISTIC_V0_2,needs_review
ENT_ARES,classical_planet,venus,0,low,Algorithmic seed score from v0.1 category/domains/tags; matched: none.,SRC_INTERNAL_HEURISTIC_V0_2,needs_review
ENT_ARES,classical_planet,sun,0,low,Algorithmic seed score from v0.1 category/domains/tags; matched: none.,SRC_INTERNAL_HEURISTIC_V0_2,needs_review
ENT_ARES,classical_planet,mars,5,medium,"Algorithmic seed score from v0.1 category/domains/tags; matched: ares, war, battle.",SRC_INTERNAL_HEURISTIC_V0_2,needs_review
ENT_ARES,classical_planet,jupiter,0,low,Algorithmic seed score from v0.1 category/domains/tags; matched: none.,SRC_INTERNAL_HEURISTIC_V0_2,needs_review
ENT_ARES,classical_planet,saturn,0,low,Algorithmic seed score from v0.1 category/domains/tags; matched: none.,SRC_INTERNAL_HEURISTIC_V0_2,needs_review
ENT_APHRODITE,classical_element,earth,3,low,Algorithmic seed score from v0.1 category/domains/tags; matched: fertility.,SRC_INTERNAL_HEURISTIC_V0_2,needs_review
ENT_APHRODITE,classical_element,water,0,low,Algorithmic seed score from v0.1 category/domains/tags; matched: none.,SRC_INTERNAL_HEURISTIC_V0_2,needs_review
ENT_APHRODITE,classical_element,fire,0,low,Algorithmic seed score from v0.1 category/domains/tags; matched: none.,SRC_INTERNAL_HEURISTIC_V0_2,needs_review
ENT_APHRODITE,classical_element,air,0,low,Algorithmic seed score from v0.1 category/domains/tags; matched: none.,SRC_INTERNAL_HEURISTIC_V0_2,needs_review
ENT_APHRODITE,classical_planet,moon,0,low,Algorithmic seed score from v0.1 category/domains/tags; matched: none.,SRC_INTERNAL_HEURISTIC_V0_2,needs_review
ENT_APHRODITE,classical_planet,mercury,0,low,Algorithmic seed score from v0.1 category/domains/tags; matched: none.,SRC_INTERNAL_HEURISTIC_V0_2,needs_review
ENT_APHRODITE,classical_planet,venus,5,medium,"Algorithmic seed score from v0.1 category/domains/tags; matched: aphrodite, love, beauty, fertility.",SRC_INTERNAL_HEURISTIC_V0_2,needs_review
ENT_APHRODITE,classical_planet,sun,0,low,Algorithmic seed score from v0.1 category/domains/tags; matched: none.,SRC_INTERNAL_HEURISTIC_V0_2,needs_review
ENT_APHRODITE,classical_planet,mars,0,low,Algorithmic seed score from v0.1 category/domains/tags; matched: none.,SRC_INTERNAL_HEURISTIC_V0_2,needs_review
ENT_APHRODITE,classical_planet,jupiter,0,low,Algorithmic seed score from v0.1 category/domains/tags; matched: none.,SRC_INTERNAL_HEURISTIC_V0_2,needs_review
ENT_APHRODITE,classical_planet,saturn,0,low,Algorithmic seed score from v0.1 category/domains/tags; matched: none.,SRC_INTERNAL_HEURISTIC_V0_2,needs_review
ENT_HEPHAESTUS,classical_element,earth,4,medium,Algorithmic seed score from v0.1 category/domains/tags; matched: none.,SRC_INTERNAL_HEURISTIC_V0_2,needs_review
ENT_HEPHAESTUS,classical_element,water,0,low,Algorithmic seed score from v0.1 category/domains/tags; matched: none.,SRC_INTERNAL_HEURISTIC_V0_2,needs_review
ENT_HEPHAESTUS,classical_element,fire,5,medium,"Algorithmic seed score from v0.1 category/domains/tags; matched: fire, smith.",SRC_INTERNAL_HEURISTIC_V0_2,needs_review
ENT_HEPHAESTUS,classical_element,air,0,low,Algorithmic seed score from v0.1 category/domains/tags; matched: none.,SRC_INTERNAL_HEURISTIC_V0_2,needs_review
ENT_HEPHAESTUS,classical_planet,moon,0,low,Algorithmic seed score from v0.1 category/domains/tags; matched: none.,SRC_INTERNAL_HEURISTIC_V0_2,needs_review
ENT_HEPHAESTUS,classical_planet,mercury,0,low,Algorithmic seed score from v0.1 category/domains/tags; matched: none.,SRC_INTERNAL_HEURISTIC_V0_2,needs_review
ENT_HEPHAESTUS,classical_planet,venus,0,low,Algorithmic seed score from v0.1 category/domains/tags; matched: none.,SRC_INTERNAL_HEURISTIC_V0_2,needs_review
ENT_HEPHAESTUS,classical_planet,sun,0,low,Algorithmic seed score from v0.1 category/domains/tags; matched: none.,SRC_INTERNAL_HEURISTIC_V0_2,needs_review
ENT_HEPHAESTUS,classical_planet,mars,0,low,Algorithmic seed score from v0.1 category/domains/tags; matched: none.,SRC_INTERNAL_HEURISTIC_V0_2,needs_review
ENT_HEPHAESTUS,classical_planet,jupiter,0,low,Algorithmic seed score from v0.1 category/domains/tags; matched: none.,SRC_INTERNAL_HEURISTIC_V0_2,needs_review
ENT_HEPHAESTUS,classical_planet,saturn,0,low,Algorithmic seed score from v0.1 category/domains/tags; matched: none.,SRC_INTERNAL_HEURISTIC_V0_2,needs_review
ENT_HERMES,classical_element,earth,5,medium,Algorithmic seed score from v0.1 category/domains/tags; matched: none.,SRC_INTERNAL_HEURISTIC_V0_2,needs_review
ENT_HERMES,classical_element,water,0,low,Algorithmic seed score from v0.1 category/domains/tags; matched: none.,SRC_INTERNAL_HEURISTIC_V0_2,needs_review
ENT_HERMES,classical_element,fire,0,low,Algorithmic seed score from v0.1 category/domains/tags; matched: none.,SRC_INTERNAL_HEURISTIC_V0_2,needs_review
ENT_HERMES,classical_element,air,0,low,Algorithmic seed score from v0.1 category/domains/tags; matched: none.,SRC_INTERNAL_HEURISTIC_V0_2,needs_review
ENT_HERMES,classical_planet,moon,0,low,Algorithmic seed score from v0.1 category/domains/tags; matched: none.,SRC_INTERNAL_HEURISTIC_V0_2,needs_review
ENT_HERMES,classical_planet,mercury,5,medium,"Algorithmic seed score from v0.1 category/domains/tags; matched: hermes, travel, commerce.",SRC_INTERNAL_HEURISTIC_V0_2,needs_review
ENT_HERMES,classical_planet,venus,0,low,Algorithmic seed score from v0.1 category/domains/tags; matched: none.,SRC_INTERNAL_HEURISTIC_V0_2,needs_review
ENT_HERMES,classical_planet,sun,0,low,Algorithmic seed score from v0.1 category/domains/tags; matched: none.,SRC_INTERNAL_HEURISTIC_V0_2,needs_review
ENT_HERMES,classical_planet,mars,0,low,Algorithmic seed score from v0.1 category/domains/tags; matched: none.,SRC_INTERNAL_HEURISTIC_V0_2,needs_review
ENT_HERMES,classical_planet,jupiter,0,low,Algorithmic seed score from v0.1 category/domains/tags; matched: none.,SRC_INTERNAL_HEURISTIC_V0_2,needs_review
ENT_HERMES,classical_planet,saturn,0,low,Algorithmic seed score from v0.1 category/domains/tags; matched: none.,SRC_INTERNAL_HEURISTIC_V0_2,needs_review
ENT_DIONYSUS,classical_element,earth,3,low,Algorithmic seed score from v0.1 category/domains/tags; matched: none.,SRC_INTERNAL_HEURISTIC_V0_2,needs_review
ENT_DIONYSUS,classical_element,water,0,low,Algorithmic seed score from v0.1 category/domains/tags; matched: none.,SRC_INTERNAL_HEURISTIC_V0_2,needs_review
ENT_DIONYSUS,classical_element,fire,0,low,Algorithmic seed score from v0.1 category/domains/tags; matched: none.,SRC_INTERNAL_HEURISTIC_V0_2,needs_review
ENT_DIONYSUS,classical_element,air,0,low,Algorithmic seed score from v0.1 category/domains/tags; matched: none.,SRC_INTERNAL_HEURISTIC_V0_2,needs_review
ENT_DIONYSUS,classical_planet,moon,0,low,Algorithmic seed score from v0.1 category/domains/tags; matched: none.,SRC_INTERNAL_HEURISTIC_V0_2,needs_review
ENT_DIONYSUS,classical_planet,mercury,0,low,Algorithmic seed score from v0.1 category/domains/tags; matched: none.,SRC_INTERNAL_HEURISTIC_V0_2,needs_review
ENT_DIONYSUS,classical_planet,venus,0,low,Algorithmic seed score from v0.1 category/domains/tags; matched: none.,SRC_INTERNAL_HEURISTIC_V0_2,needs_review
ENT_DIONYSUS,classical_planet,sun,0,low,Algorithmic seed score from v0.1 category/domains/tags; matched: none.,SRC_INTERNAL_HEURISTIC_V0_2,needs_review
ENT_DIONYSUS,classical_planet,mars,0,low,Algorithmic seed score from v0.1 category/domains/tags; matched: none.,SRC_INTERNAL_HEURISTIC_V0_2,needs_review
ENT_DIONYSUS,classical_planet,jupiter,0,low,Algorithmic seed score from v0.1 category/domains/tags; matched: none.,SRC_INTERNAL_HEURISTIC_V0_2,needs_review
ENT_DIONYSUS,classical_planet,saturn,0,low,Algorithmic seed score from v0.1 category/domains/tags; matched: none.,SRC_INTERNAL_HEURISTIC_V0_2,needs_review
ENT_HESTIA,classical_element,earth,5,medium,Algorithmic seed score from v0.1 category/domains/tags; matched: earth.,SRC_INTERNAL_HEURISTIC_V0_2,needs_review
ENT_HESTIA,classical_element,water,0,low,Algorithmic seed score from v0.1 category/domains/tags; matched: none.,SRC_INTERNAL_HEURISTIC_V0_2,needs_review
ENT_HESTIA,classical_element,fire,5,medium,"Algorithmic seed score from v0.1 category/domains/tags; matched: fire, hearth.",SRC_INTERNAL_HEURISTIC_V0_2,needs_review
ENT_HESTIA,classical_element,air,0,low,Algorithmic seed score from v0.1 category/domains/tags; matched: none.,SRC_INTERNAL_HEURISTIC_V0_2,needs_review
ENT_HESTIA,classical_planet,moon,0,low,Algorithmic seed score from v0.1 category/domains/tags; matched: none.,SRC_INTERNAL_HEURISTIC_V0_2,needs_review
ENT_HESTIA,classical_planet,mercury,0,low,Algorithmic seed score from v0.1 category/domains/tags; matched: none.,SRC_INTERNAL_HEURISTIC_V0_2,needs_review
ENT_HESTIA,classical_planet,venus,0,low,Algorithmic seed score from v0.1 category/domains/tags; matched: none.,SRC_INTERNAL_HEURISTIC_V0_2,needs_review
ENT_HESTIA,classical_planet,sun,0,low,Algorithmic seed score from v0.1 category/domains/tags; matched: none.,SRC_INTERNAL_HEURISTIC_V0_2,needs_review
ENT_HESTIA,classical_planet,mars,0,low,Algorithmic seed score from v0.1 category/domains/tags; matched: none.,SRC_INTERNAL_HEURISTIC_V0_2,needs_review
ENT_HESTIA,classical_planet,jupiter,0,low,Algorithmic seed score from v0.1 category/domains/tags; matched: none.,SRC_INTERNAL_HEURISTIC_V0_2,needs_review
ENT_HESTIA,classical_planet,saturn,0,low,Algorithmic seed score from v0.1 category/domains/tags; matched: none.,SRC_INTERNAL_HEURISTIC_V0_2,needs_review
ENT_PAN,classical_element,earth,5,medium,"Algorithmic seed score from v0.1 category/domains/tags; matched: mountain, rustic.",SRC_INTERNAL_HEURISTIC_V0_2,needs_review
ENT_PAN,classical_element,water,0,low,Algorithmic seed score from v0.1 category/domains/tags; matched: none.,SRC_INTERNAL_HEURISTIC_V0_2,needs_review
ENT_PAN,classical_element,fire,0,low,Algorithmic seed score from v0.1 category/domains/tags; matched: none.,SRC_INTERNAL_HEURISTIC_V0_2,needs_review
ENT_PAN,classical_element,air,0,low,Algorithmic seed score from v0.1 category/domains/tags; matched: none.,SRC_INTERNAL_HEURISTIC_V0_2,needs_review
ENT_PAN,classical_planet,moon,0,low,Algorithmic seed score from v0.1 category/domains/tags; matched: none.,SRC_INTERNAL_HEURISTIC_V0_2,needs_review
ENT_PAN,classical_planet,mercury,0,low,Algorithmic seed score from v0.1 category/domains/tags; matched: none.,SRC_INTERNAL_HEURISTIC_V0_2,needs_review
ENT_PAN,classical_planet,venus,0,low,Algorithmic seed score from v0.1 category/domains/tags; matched: none.,SRC_INTERNAL_HEURISTIC_V0_2,needs_review
ENT_PAN,classical_planet,sun,0,low,Algorithmic seed score from v0.1 category/domains/tags; matched: none.,SRC_INTERNAL_HEURISTIC_V0_2,needs_review
ENT_PAN,classical_planet,mars,0,low,Algorithmic seed score from v0.1 category/domains/tags; matched: none.,SRC_INTERNAL_HEURISTIC_V0_2,needs_review
ENT_PAN,classical_planet,jupiter,0,low,Algorithmic seed score from v0.1 category/domains/tags; matched: none.,SRC_INTERNAL_HEURISTIC_V0_2,needs_review
ENT_PAN,classical_planet,saturn,0,low,Algorithmic seed score from v0.1 category/domains/tags; matched: none.,SRC_INTERNAL_HEURISTIC_V0_2,needs_review
ENT_HECATE,classical_element,earth,5,medium,"Algorithmic seed score from v0.1 category/domains/tags; matched: chthonic, underworld.",SRC_INTERNAL_HEURISTIC_V0_2,needs_review
ENT_HECATE,classical_element,water,0,low,Algorithmic seed score from v0.1 category/domains/tags; matched: none.,SRC_INTERNAL_HEURISTIC_V0_2,needs_review
ENT_HECATE,classical_element,fire,0,low,Algorithmic seed score from v0.1 category/domains/tags; matched: none.,SRC_INTERNAL_HEURISTIC_V0_2,needs_review
ENT_HECATE,classical_element,air,0,low,Algorithmic seed score from v0.1 category/domains/tags; matched: none.,SRC_INTERNAL_HEURISTIC_V0_2,needs_review
ENT_HECATE,classical_planet,moon,4,medium,"Algorithmic seed score from v0.1 category/domains/tags; matched: magic, underworld.",SRC_INTERNAL_HEURISTIC_V0_2,needs_review
ENT_HECATE,classical_planet,mercury,0,low,Algorithmic seed score from v0.1 category/domains/tags; matched: none.,SRC_INTERNAL_HEURISTIC_V0_2,needs_review
ENT_HECATE,classical_planet,venus,0,low,Algorithmic seed score from v0.1 category/domains/tags; matched: none.,SRC_INTERNAL_HEURISTIC_V0_2,needs_review
ENT_HECATE,classical_planet,sun,0,low,Algorithmic seed score from v0.1 category/domains/tags; matched: none.,SRC_INTERNAL_HEURISTIC_V0_2,needs_review
ENT_HECATE,classical_planet,mars,0,low,Algorithmic seed score from v0.1 category/domains/tags; matched: none.,SRC_INTERNAL_HEURISTIC_V0_2,needs_review
ENT_HECATE,classical_planet,jupiter,0,low,Algorithmic seed score from v0.1 category/domains/tags; matched: none.,SRC_INTERNAL_HEURISTIC_V0_2,needs_review
ENT_HECATE,classical_planet,saturn,4,medium,Algorithmic seed score from v0.1 category/domains/tags; matched: underworld.,SRC_INTERNAL_HEURISTIC_V0_2,needs_review
ENT_ASCLEPIUS,classical_element,earth,1,low,Algorithmic seed score from v0.1 category/domains/tags; matched: none.,SRC_INTERNAL_HEURISTIC_V0_2,needs_review
ENT_ASCLEPIUS,classical_element,water,0,low,Algorithmic seed score from v0.1 category/domains/tags; matched: none.,SRC_INTERNAL_HEURISTIC_V0_2,needs_review
ENT_ASCLEPIUS,classical_element,fire,0,low,Algorithmic seed score from v0.1 category/domains/tags; matched: none.,SRC_INTERNAL_HEURISTIC_V0_2,needs_review
ENT_ASCLEPIUS,classical_element,air,2,low,Algorithmic seed score from v0.1 category/domains/tags; matched: dream.,SRC_INTERNAL_HEURISTIC_V0_2,needs_review
ENT_ASCLEPIUS,classical_planet,moon,3,low,Algorithmic seed score from v0.1 category/domains/tags; matched: dream.,SRC_INTERNAL_HEURISTIC_V0_2,needs_review
ENT_ASCLEPIUS,classical_planet,mercury,2,low,Algorithmic seed score from v0.1 category/domains/tags; matched: dream.,SRC_INTERNAL_HEURISTIC_V0_2,needs_review
ENT_ASCLEPIUS,classical_planet,venus,0,low,Algorithmic seed score from v0.1 category/domains/tags; matched: none.,SRC_INTERNAL_HEURISTIC_V0_2,needs_review
ENT_ASCLEPIUS,classical_planet,sun,3,low,Algorithmic seed score from v0.1 category/domains/tags; matched: healing.,SRC_INTERNAL_HEURISTIC_V0_2,needs_review
ENT_ASCLEPIUS,classical_planet,mars,0,low,Algorithmic seed score from v0.1 category/domains/tags; matched: none.,SRC_INTERNAL_HEURISTIC_V0_2,needs_review
ENT_ASCLEPIUS,classical_planet,jupiter,0,low,Algorithmic seed score from v0.1 category/domains/tags; matched: none.,SRC_INTERNAL_HEURISTIC_V0_2,needs_review
ENT_ASCLEPIUS,classical_planet,saturn,0,low,Algorithmic seed score from v0.1 category/domains/tags; matched: none.,SRC_INTERNAL_HEURISTIC_V0_2,needs_review
ENT_EILEITHYIA,classical_element,earth,1,low,Algorithmic seed score from v0.1 category/domains/tags; matched: none.,SRC_INTERNAL_HEURISTIC_V0_2,needs_review
ENT_EILEITHYIA,classical_element,water,0,low,Algorithmic seed score from v0.1 category/domains/tags; matched: none.,SRC_INTERNAL_HEURISTIC_V0_2,needs_review
ENT_EILEITHYIA,classical_element,fire,0,low,Algorithmic seed score from v0.1 category/domains/tags; matched: none.,SRC_INTERNAL_HEURISTIC_V0_2,needs_review
ENT_EILEITHYIA,classical_element,air,0,low,Algorithmic seed score from v0.1 category/domains/tags; matched: none.,SRC_INTERNAL_HEURISTIC_V0_2,needs_review
ENT_EILEITHYIA,classical_planet,moon,0,low,Algorithmic seed score from v0.1 category/domains/tags; matched: none.,SRC_INTERNAL_HEURISTIC_V0_2,needs_review
ENT_EILEITHYIA,classical_planet,mercury,0,low,Algorithmic seed score from v0.1 category/domains/tags; matched: none.,SRC_INTERNAL_HEURISTIC_V0_2,needs_review
ENT_EILEITHYIA,classical_planet,venus,0,low,Algorithmic seed score from v0.1 category/domains/tags; matched: none.,SRC_INTERNAL_HEURISTIC_V0_2,needs_review
ENT_EILEITHYIA,classical_planet,sun,0,low,Algorithmic seed score from v0.1 category/domains/tags; matched: none.,SRC_INTERNAL_HEURISTIC_V0_2,needs_review
ENT_EILEITHYIA,classical_planet,mars,0,low,Algorithmic seed score from v0.1 category/domains/tags; matched: none.,SRC_INTERNAL_HEURISTIC_V0_2,needs_review
ENT_EILEITHYIA,classical_planet,jupiter,0,low,Algorithmic seed score from v0.1 category/domains/tags; matched: none.,SRC_INTERNAL_HEURISTIC_V0_2,needs_review
ENT_EILEITHYIA,classical_planet,saturn,0,low,Algorithmic seed score from v0.1 category/domains/tags; matched: none.,SRC_INTERNAL_HEURISTIC_V0_2,needs_review
ENT_IRIS,classical_element,earth,0,low,Algorithmic seed score from v0.1 category/domains/tags; matched: none.,SRC_INTERNAL_HEURISTIC_V0_2,needs_review
ENT_IRIS,classical_element,water,3,low,Algorithmic seed score from v0.1 category/domains/tags; matched: rain.,SRC_INTERNAL_HEURISTIC_V0_2,needs_review
ENT_IRIS,classical_element,fire,0,low,Algorithmic seed score from v0.1 category/domains/tags; matched: none.,SRC_INTERNAL_HEURISTIC_V0_2,needs_review
ENT_IRIS,classical_element,air,3,low,Algorithmic seed score from v0.1 category/domains/tags; matched: messenger.,SRC_INTERNAL_HEURISTIC_V0_2,needs_review
ENT_IRIS,classical_planet,moon,0,low,Algorithmic seed score from v0.1 category/domains/tags; matched: none.,SRC_INTERNAL_HEURISTIC_V0_2,needs_review
ENT_IRIS,classical_planet,mercury,5,medium,Algorithmic seed score from v0.1 category/domains/tags; matched: messenger.,SRC_INTERNAL_HEURISTIC_V0_2,needs_review
ENT_IRIS,classical_planet,venus,0,low,Algorithmic seed score from v0.1 category/domains/tags; matched: none.,SRC_INTERNAL_HEURISTIC_V0_2,needs_review
ENT_IRIS,classical_planet,sun,0,low,Algorithmic seed score from v0.1 category/domains/tags; matched: none.,SRC_INTERNAL_HEURISTIC_V0_2,needs_review
ENT_IRIS,classical_planet,mars,0,low,Algorithmic seed score from v0.1 category/domains/tags; matched: none.,SRC_INTERNAL_HEURISTIC_V0_2,needs_review
ENT_IRIS,classical_planet,jupiter,0,low,Algorithmic seed score from v0.1 category/domains/tags; matched: none.,SRC_INTERNAL_HEURISTIC_V0_2,needs_review
ENT_IRIS,classical_planet,saturn,0,low,Algorithmic seed score from v0.1 category/domains/tags; matched: none.,SRC_INTERNAL_HEURISTIC_V0_2,needs_review
ENT_NIKE,classical_element,earth,0,low,Algorithmic seed score from v0.1 category/domains/tags; matched: none.,SRC_INTERNAL_HEURISTIC_V0_2,needs_review
ENT_NIKE,classical_element,water,0,low,Algorithmic seed score from v0.1 category/domains/tags; matched: none.,SRC_INTERNAL_HEURISTIC_V0_2,needs_review
ENT_NIKE,classical_element,fire,0,low,Algorithmic seed score from v0.1 category/domains/tags; matched: none.,SRC_INTERNAL_HEURISTIC_V0_2,needs_review
ENT_NIKE,classical_element,air,0,low,Algorithmic seed score from v0.1 category/domains/tags; matched: none.,SRC_INTERNAL_HEURISTIC_V0_2,needs_review
ENT_NIKE,classical_planet,moon,0,low,Algorithmic seed score from v0.1 category/domains/tags; matched: none.,SRC_INTERNAL_HEURISTIC_V0_2,needs_review
ENT_NIKE,classical_planet,mercury,0,low,Algorithmic seed score from v0.1 category/domains/tags; matched: none.,SRC_INTERNAL_HEURISTIC_V0_2,needs_review
ENT_NIKE,classical_planet,venus,0,low,Algorithmic seed score from v0.1 category/domains/tags; matched: none.,SRC_INTERNAL_HEURISTIC_V0_2,needs_review
ENT_NIKE,classical_planet,sun,0,low,Algorithmic seed score from v0.1 category/domains/tags; matched: none.,SRC_INTERNAL_HEURISTIC_V0_2,needs_review
ENT_NIKE,classical_planet,mars,0,low,Algorithmic seed score from v0.1 category/domains/tags; matched: none.,SRC_INTERNAL_HEURISTIC_V0_2,needs_review
ENT_NIKE,classical_planet,jupiter,0,low,Algorithmic seed score from v0.1 category/domains/tags; matched: none.,SRC_INTERNAL_HEURISTIC_V0_2,needs_review
ENT_NIKE,classical_planet,saturn,0,low,Algorithmic seed score from v0.1 category/domains/tags; matched: none.,SRC_INTERNAL_HEURISTIC_V0_2,needs_review
ENT_TYCHE,classical_element,earth,1,low,Algorithmic seed score from v0.1 category/domains/tags; matched: none.,SRC_INTERNAL_HEURISTIC_V0_2,needs_review
ENT_TYCHE,classical_element,water,0,low,Algorithmic seed score from v0.1 category/domains/tags; matched: none.,SRC_INTERNAL_HEURISTIC_V0_2,needs_review
ENT_TYCHE,classical_element,fire,0,low,Algorithmic seed score from v0.1 category/domains/tags; matched: none.,SRC_INTERNAL_HEURISTIC_V0_2,needs_review
ENT_TYCHE,classical_element,air,0,low,Algorithmic seed score from v0.1 category/domains/tags; matched: none.,SRC_INTERNAL_HEURISTIC_V0_2,needs_review
ENT_TYCHE,classical_planet,moon,0,low,Algorithmic seed score from v0.1 category/domains/tags; matched: none.,SRC_INTERNAL_HEURISTIC_V0_2,needs_review
ENT_TYCHE,classical_planet,mercury,0,low,Algorithmic seed score from v0.1 category/domains/tags; matched: none.,SRC_INTERNAL_HEURISTIC_V0_2,needs_review
ENT_TYCHE,classical_planet,venus,0,low,Algorithmic seed score from v0.1 category/domains/tags; matched: none.,SRC_INTERNAL_HEURISTIC_V0_2,needs_review
ENT_TYCHE,classical_planet,sun,0,low,Algorithmic seed score from v0.1 category/domains/tags; matched: none.,SRC_INTERNAL_HEURISTIC_V0_2,needs_review
ENT_TYCHE,classical_planet,mars,0,low,Algorithmic seed score from v0.1 category/domains/tags; matched: none.,SRC_INTERNAL_HEURISTIC_V0_2,needs_review
ENT_TYCHE,classical_planet,jupiter,0,low,Algorithmic seed score from v0.1 category/domains/tags; matched: none.,SRC_INTERNAL_HEURISTIC_V0_2,needs_review
ENT_TYCHE,classical_planet,saturn,0,low,Algorithmic seed score from v0.1 category/domains/tags; matched: none.,SRC_INTERNAL_HEURISTIC_V0_2,needs_review
ENT_NEMESIS,classical_element,earth,0,low,Algorithmic seed score from v0.1 category/domains/tags; matched: none.,SRC_INTERNAL_HEURISTIC_V0_2,needs_review
ENT_NEMESIS,classical_element,water,0,low,Algorithmic seed score from v0.1 category/domains/tags; matched: none.,SRC_INTERNAL_HEURISTIC_V0_2,needs_review
ENT_NEMESIS,classical_element,fire,0,low,Algorithmic seed score from v0.1 category/domains/tags; matched: none.,SRC_INTERNAL_HEURISTIC_V0_2,needs_review
ENT_NEMESIS,classical_element,air,0,low,Algorithmic seed score from v0.1 category/domains/tags; matched: none.,SRC_INTERNAL_HEURISTIC_V0_2,needs_review
ENT_NEMESIS,classical_planet,moon,0,low,Algorithmic seed score from v0.1 category/domains/tags; matched: none.,SRC_INTERNAL_HEURISTIC_V0_2,needs_review
ENT_NEMESIS,classical_planet,mercury,0,low,Algorithmic seed score from v0.1 category/domains/tags; matched: none.,SRC_INTERNAL_HEURISTIC_V0_2,needs_review
ENT_NEMESIS,classical_planet,venus,0,low,Algorithmic seed score from v0.1 category/domains/tags; matched: none.,SRC_INTERNAL_HEURISTIC_V0_2,needs_review
ENT_NEMESIS,classical_planet,sun,0,low,Algorithmic seed score from v0.1 category/domains/tags; matched: none.,SRC_INTERNAL_HEURISTIC_V0_2,needs_review
ENT_NEMESIS,classical_planet,mars,0,low,Algorithmic seed score from v0.1 category/domains/tags; matched: none.,SRC_INTERNAL_HEURISTIC_V0_2,needs_review
ENT_NEMESIS,classical_planet,jupiter,0,low,Algorithmic seed score from v0.1 category/domains/tags; matched: none.,SRC_INTERNAL_HEURISTIC_V0_2,needs_review
ENT_NEMESIS,classical_planet,saturn,0,low,Algorithmic seed score from v0.1 category/domains/tags; matched: none.,SRC_INTERNAL_HEURISTIC_V0_2,needs_review
ENT_DIKE,classical_element,earth,0,low,Algorithmic seed score from v0.1 category/domains/tags; matched: none.,SRC_INTERNAL_HEURISTIC_V0_2,needs_review
ENT_DIKE,classical_element,water,0,low,Algorithmic seed score from v0.1 category/domains/tags; matched: none.,SRC_INTERNAL_HEURISTIC_V0_2,needs_review
ENT_DIKE,classical_element,fire,0,low,Algorithmic seed score from v0.1 category/domains/tags; matched: none.,SRC_INTERNAL_HEURISTIC_V0_2,needs_review
ENT_DIKE,classical_element,air,0,low,Algorithmic seed score from v0.1 category/domains/tags; matched: none.,SRC_INTERNAL_HEURISTIC_V0_2,needs_review
ENT_DIKE,classical_planet,moon,0,low,Algorithmic seed score from v0.1 category/domains/tags; matched: none.,SRC_INTERNAL_HEURISTIC_V0_2,needs_review
ENT_DIKE,classical_planet,mercury,0,low,Algorithmic seed score from v0.1 category/domains/tags; matched: none.,SRC_INTERNAL_HEURISTIC_V0_2,needs_review
ENT_DIKE,classical_planet,venus,0,low,Algorithmic seed score from v0.1 category/domains/tags; matched: none.,SRC_INTERNAL_HEURISTIC_V0_2,needs_review
ENT_DIKE,classical_planet,sun,0,low,Algorithmic seed score from v0.1 category/domains/tags; matched: none.,SRC_INTERNAL_HEURISTIC_V0_2,needs_review
ENT_DIKE,classical_planet,mars,0,low,Algorithmic seed score from v0.1 category/domains/tags; matched: none.,SRC_INTERNAL_HEURISTIC_V0_2,needs_review
ENT_DIKE,classical_planet,jupiter,4,medium,Algorithmic seed score from v0.1 category/domains/tags; matched: justice.,SRC_INTERNAL_HEURISTIC_V0_2,needs_review
ENT_DIKE,classical_planet,saturn,0,low,Algorithmic seed score from v0.1 category/domains/tags; matched: none.,SRC_INTERNAL_HEURISTIC_V0_2,needs_review
ENT_EIRENE,classical_element,earth,0,low,Algorithmic seed score from v0.1 category/domains/tags; matched: none.,SRC_INTERNAL_HEURISTIC_V0_2,needs_review
ENT_EIRENE,classical_element,water,0,low,Algorithmic seed score from v0.1 category/domains/tags; matched: none.,SRC_INTERNAL_HEURISTIC_V0_2,needs_review
ENT_EIRENE,classical_element,fire,0,low,Algorithmic seed score from v0.1 category/domains/tags; matched: none.,SRC_INTERNAL_HEURISTIC_V0_2,needs_review
ENT_EIRENE,classical_element,air,0,low,Algorithmic seed score from v0.1 category/domains/tags; matched: none.,SRC_INTERNAL_HEURISTIC_V0_2,needs_review
ENT_EIRENE,classical_planet,moon,0,low,Algorithmic seed score from v0.1 category/domains/tags; matched: none.,SRC_INTERNAL_HEURISTIC_V0_2,needs_review
ENT_EIRENE,classical_planet,mercury,0,low,Algorithmic seed score from v0.1 category/domains/tags; matched: none.,SRC_INTERNAL_HEURISTIC_V0_2,needs_review
ENT_EIRENE,classical_planet,venus,0,low,Algorithmic seed score from v0.1 category/domains/tags; matched: none.,SRC_INTERNAL_HEURISTIC_V0_2,needs_review
ENT_EIRENE,classical_planet,sun,0,low,Algorithmic seed score from v0.1 category/domains/tags; matched: none.,SRC_INTERNAL_HEURISTIC_V0_2,needs_review
ENT_EIRENE,classical_planet,mars,0,low,Algorithmic seed score from v0.1 category/domains/tags; matched: none.,SRC_INTERNAL_HEURISTIC_V0_2,needs_review
ENT_EIRENE,classical_planet,jupiter,0,low,Algorithmic seed score from v0.1 category/domains/tags; matched: none.,SRC_INTERNAL_HEURISTIC_V0_2,needs_review
ENT_EIRENE,classical_planet,saturn,0,low,Algorithmic seed score from v0.1 category/domains/tags; matched: none.,SRC_INTERNAL_HEURISTIC_V0_2,needs_review
ENT_EUNOMIA,classical_element,earth,0,low,Algorithmic seed score from v0.1 category/domains/tags; matched: none.,SRC_INTERNAL_HEURISTIC_V0_2,needs_review
ENT_EUNOMIA,classical_element,water,0,low,Algorithmic seed score from v0.1 category/domains/tags; matched: none.,SRC_INTERNAL_HEURISTIC_V0_2,needs_review
ENT_EUNOMIA,classical_element,fire,0,low,Algorithmic seed score from v0.1 category/domains/tags; matched: none.,SRC_INTERNAL_HEURISTIC_V0_2,needs_review
ENT_EUNOMIA,classical_element,air,0,low,Algorithmic seed score from v0.1 category/domains/tags; matched: none.,SRC_INTERNAL_HEURISTIC_V0_2,needs_review
ENT_EUNOMIA,classical_planet,moon,0,low,Algorithmic seed score from v0.1 category/domains/tags; matched: none.,SRC_INTERNAL_HEURISTIC_V0_2,needs_review
ENT_EUNOMIA,classical_planet,mercury,0,low,Algorithmic seed score from v0.1 category/domains/tags; matched: none.,SRC_INTERNAL_HEURISTIC_V0_2,needs_review
ENT_EUNOMIA,classical_planet,venus,0,low,Algorithmic seed score from v0.1 category/domains/tags; matched: none.,SRC_INTERNAL_HEURISTIC_V0_2,needs_review
ENT_EUNOMIA,classical_planet,sun,0,low,Algorithmic seed score from v0.1 category/domains/tags; matched: none.,SRC_INTERNAL_HEURISTIC_V0_2,needs_review
ENT_EUNOMIA,classical_planet,mars,0,low,Algorithmic seed score from v0.1 category/domains/tags; matched: none.,SRC_INTERNAL_HEURISTIC_V0_2,needs_review
ENT_EUNOMIA,classical_planet,jupiter,0,low,Algorithmic seed score from v0.1 category/domains/tags; matched: none.,SRC_INTERNAL_HEURISTIC_V0_2,needs_review
ENT_EUNOMIA,classical_planet,saturn,0,low,Algorithmic seed score from v0.1 category/domains/tags; matched: none.,SRC_INTERNAL_HEURISTIC_V0_2,needs_review
ENT_HORAE,classical_element,earth,3,low,Algorithmic seed score from v0.1 category/domains/tags; matched: none.,SRC_INTERNAL_HEURISTIC_V0_2,needs_review
ENT_HORAE,classical_element,water,5,medium,Algorithmic seed score from v0.1 category/domains/tags; matched: sea.,SRC_INTERNAL_HEURISTIC_V0_2,needs_review
ENT_HORAE,classical_element,fire,0,low,Algorithmic seed score from v0.1 category/domains/tags; matched: none.,SRC_INTERNAL_HEURISTIC_V0_2,needs_review
ENT_HORAE,classical_element,air,0,low,Algorithmic seed score from v0.1 category/domains/tags; matched: none.,SRC_INTERNAL_HEURISTIC_V0_2,needs_review
ENT_HORAE,classical_planet,moon,0,low,Algorithmic seed score from v0.1 category/domains/tags; matched: none.,SRC_INTERNAL_HEURISTIC_V0_2,needs_review
ENT_HORAE,classical_planet,mercury,0,low,Algorithmic seed score from v0.1 category/domains/tags; matched: none.,SRC_INTERNAL_HEURISTIC_V0_2,needs_review
ENT_HORAE,classical_planet,venus,0,low,Algorithmic seed score from v0.1 category/domains/tags; matched: none.,SRC_INTERNAL_HEURISTIC_V0_2,needs_review
ENT_HORAE,classical_planet,sun,0,low,Algorithmic seed score from v0.1 category/domains/tags; matched: none.,SRC_INTERNAL_HEURISTIC_V0_2,needs_review
ENT_HORAE,classical_planet,mars,0,low,Algorithmic seed score from v0.1 category/domains/tags; matched: none.,SRC_INTERNAL_HEURISTIC_V0_2,needs_review
ENT_HORAE,classical_planet,jupiter,0,low,Algorithmic seed score from v0.1 category/domains/tags; matched: none.,SRC_INTERNAL_HEURISTIC_V0_2,needs_review
ENT_HORAE,classical_planet,saturn,0,low,Algorithmic seed score from v0.1 category/domains/tags; matched: none.,SRC_INTERNAL_HEURISTIC_V0_2,needs_review
ENT_CHARITES,classical_element,earth,0,low,Algorithmic seed score from v0.1 category/domains/tags; matched: none.,SRC_INTERNAL_HEURISTIC_V0_2,needs_review
ENT_CHARITES,classical_element,water,0,low,Algorithmic seed score from v0.1 category/domains/tags; matched: none.,SRC_INTERNAL_HEURISTIC_V0_2,needs_review
ENT_CHARITES,classical_element,fire,0,low,Algorithmic seed score from v0.1 category/domains/tags; matched: none.,SRC_INTERNAL_HEURISTIC_V0_2,needs_review
ENT_CHARITES,classical_element,air,0,low,Algorithmic seed score from v0.1 category/domains/tags; matched: none.,SRC_INTERNAL_HEURISTIC_V0_2,needs_review
ENT_CHARITES,classical_planet,moon,0,low,Algorithmic seed score from v0.1 category/domains/tags; matched: none.,SRC_INTERNAL_HEURISTIC_V0_2,needs_review
ENT_CHARITES,classical_planet,mercury,0,low,Algorithmic seed score from v0.1 category/domains/tags; matched: none.,SRC_INTERNAL_HEURISTIC_V0_2,needs_review
ENT_CHARITES,classical_planet,venus,5,medium,"Algorithmic seed score from v0.1 category/domains/tags; matched: beauty, grace.",SRC_INTERNAL_HEURISTIC_V0_2,needs_review
ENT_CHARITES,classical_planet,sun,0,low,Algorithmic seed score from v0.1 category/domains/tags; matched: none.,SRC_INTERNAL_HEURISTIC_V0_2,needs_review
ENT_CHARITES,classical_planet,mars,0,low,Algorithmic seed score from v0.1 category/domains/tags; matched: none.,SRC_INTERNAL_HEURISTIC_V0_2,needs_review
ENT_CHARITES,classical_planet,jupiter,0,low,Algorithmic seed score from v0.1 category/domains/tags; matched: none.,SRC_INTERNAL_HEURISTIC_V0_2,needs_review
ENT_CHARITES,classical_planet,saturn,0,low,Algorithmic seed score from v0.1 category/domains/tags; matched: none.,SRC_INTERNAL_HEURISTIC_V0_2,needs_review
ENT_MUSES,classical_element,earth,0,low,Algorithmic seed score from v0.1 category/domains/tags; matched: none.,SRC_INTERNAL_HEURISTIC_V0_2,needs_review
ENT_MUSES,classical_element,water,0,low,Algorithmic seed score from v0.1 category/domains/tags; matched: none.,SRC_INTERNAL_HEURISTIC_V0_2,needs_review
ENT_MUSES,classical_element,fire,0,low,Algorithmic seed score from v0.1 category/domains/tags; matched: none.,SRC_INTERNAL_HEURISTIC_V0_2,needs_review
ENT_MUSES,classical_element,air,0,low,Algorithmic seed score from v0.1 category/domains/tags; matched: none.,SRC_INTERNAL_HEURISTIC_V0_2,needs_review
ENT_MUSES,classical_planet,moon,0,low,Algorithmic seed score from v0.1 category/domains/tags; matched: none.,SRC_INTERNAL_HEURISTIC_V0_2,needs_review
ENT_MUSES,classical_planet,mercury,0,low,Algorithmic seed score from v0.1 category/domains/tags; matched: none.,SRC_INTERNAL_HEURISTIC_V0_2,needs_review
ENT_MUSES,classical_planet,venus,0,low,Algorithmic seed score from v0.1 category/domains/tags; matched: none.,SRC_INTERNAL_HEURISTIC_V0_2,needs_review
ENT_MUSES,classical_planet,sun,0,low,Algorithmic seed score from v0.1 category/domains/tags; matched: none.,SRC_INTERNAL_HEURISTIC_V0_2,needs_review
ENT_MUSES,classical_planet,mars,0,low,Algorithmic seed score from v0.1 category/domains/tags; matched: none.,SRC_INTERNAL_HEURISTIC_V0_2,needs_review
ENT_MUSES,classical_planet,jupiter,0,low,Algorithmic seed score from v0.1 category/domains/tags; matched: none.,SRC_INTERNAL_HEURISTIC_V0_2,needs_review
ENT_MUSES,classical_planet,saturn,0,low,Algorithmic seed score from v0.1 category/domains/tags; matched: none.,SRC_INTERNAL_HEURISTIC_V0_2,needs_review
ENT_ERINYES,classical_element,earth,5,medium,"Algorithmic seed score from v0.1 category/domains/tags; matched: chthonic, underworld.",SRC_INTERNAL_HEURISTIC_V0_2,needs_review
ENT_ERINYES,classical_element,water,0,low,Algorithmic seed score from v0.1 category/domains/tags; matched: none.,SRC_INTERNAL_HEURISTIC_V0_2,needs_review
ENT_ERINYES,classical_element,fire,0,low,Algorithmic seed score from v0.1 category/domains/tags; matched: none.,SRC_INTERNAL_HEURISTIC_V0_2,needs_review
ENT_ERINYES,classical_element,air,0,low,Algorithmic seed score from v0.1 category/domains/tags; matched: none.,SRC_INTERNAL_HEURISTIC_V0_2,needs_review
ENT_ERINYES,classical_planet,moon,2,low,Algorithmic seed score from v0.1 category/domains/tags; matched: underworld.,SRC_INTERNAL_HEURISTIC_V0_2,needs_review
ENT_ERINYES,classical_planet,mercury,0,low,Algorithmic seed score from v0.1 category/domains/tags; matched: none.,SRC_INTERNAL_HEURISTIC_V0_2,needs_review
ENT_ERINYES,classical_planet,venus,0,low,Algorithmic seed score from v0.1 category/domains/tags; matched: none.,SRC_INTERNAL_HEURISTIC_V0_2,needs_review
ENT_ERINYES,classical_planet,sun,0,low,Algorithmic seed score from v0.1 category/domains/tags; matched: none.,SRC_INTERNAL_HEURISTIC_V0_2,needs_review
ENT_ERINYES,classical_planet,mars,3,low,Algorithmic seed score from v0.1 category/domains/tags; matched: vengeance.,SRC_INTERNAL_HEURISTIC_V0_2,needs_review
ENT_ERINYES,classical_planet,jupiter,4,medium,Algorithmic seed score from v0.1 category/domains/tags; matched: oath.,SRC_INTERNAL_HEURISTIC_V0_2,needs_review
ENT_ERINYES,classical_planet,saturn,4,medium,Algorithmic seed score from v0.1 category/domains/tags; matched: underworld.,SRC_INTERNAL_HEURISTIC_V0_2,needs_review
ENT_MOIRAI_85,classical_element,earth,0,low,Algorithmic seed score from v0.1 category/domains/tags; matched: none.,SRC_INTERNAL_HEURISTIC_V0_2,needs_review
ENT_MOIRAI_85,classical_element,water,0,low,Algorithmic seed score from v0.1 category/domains/tags; matched: none.,SRC_INTERNAL_HEURISTIC_V0_2,needs_review
ENT_MOIRAI_85,classical_element,fire,0,low,Algorithmic seed score from v0.1 category/domains/tags; matched: none.,SRC_INTERNAL_HEURISTIC_V0_2,needs_review
ENT_MOIRAI_85,classical_element,air,0,low,Algorithmic seed score from v0.1 category/domains/tags; matched: none.,SRC_INTERNAL_HEURISTIC_V0_2,needs_review
ENT_MOIRAI_85,classical_planet,moon,0,low,Algorithmic seed score from v0.1 category/domains/tags; matched: none.,SRC_INTERNAL_HEURISTIC_V0_2,needs_review
ENT_MOIRAI_85,classical_planet,mercury,0,low,Algorithmic seed score from v0.1 category/domains/tags; matched: none.,SRC_INTERNAL_HEURISTIC_V0_2,needs_review
ENT_MOIRAI_85,classical_planet,venus,0,low,Algorithmic seed score from v0.1 category/domains/tags; matched: none.,SRC_INTERNAL_HEURISTIC_V0_2,needs_review
ENT_MOIRAI_85,classical_planet,sun,0,low,Algorithmic seed score from v0.1 category/domains/tags; matched: none.,SRC_INTERNAL_HEURISTIC_V0_2,needs_review
ENT_MOIRAI_85,classical_planet,mars,0,low,Algorithmic seed score from v0.1 category/domains/tags; matched: none.,SRC_INTERNAL_HEURISTIC_V0_2,needs_review
ENT_MOIRAI_85,classical_planet,jupiter,0,low,Algorithmic seed score from v0.1 category/domains/tags; matched: none.,SRC_INTERNAL_HEURISTIC_V0_2,needs_review
ENT_MOIRAI_85,classical_planet,saturn,4,medium,Algorithmic seed score from v0.1 category/domains/tags; matched: fate.,SRC_INTERNAL_HEURISTIC_V0_2,needs_review
ENT_KOURETES,classical_element,earth,3,low,Algorithmic seed score from v0.1 category/domains/tags; matched: rustic.,SRC_INTERNAL_HEURISTIC_V0_2,needs_review
ENT_KOURETES,classical_element,water,0,low,Algorithmic seed score from v0.1 category/domains/tags; matched: none.,SRC_INTERNAL_HEURISTIC_V0_2,needs_review
ENT_KOURETES,classical_element,fire,0,low,Algorithmic seed score from v0.1 category/domains/tags; matched: none.,SRC_INTERNAL_HEURISTIC_V0_2,needs_review
ENT_KOURETES,classical_element,air,0,low,Algorithmic seed score from v0.1 category/domains/tags; matched: none.,SRC_INTERNAL_HEURISTIC_V0_2,needs_review
ENT_KOURETES,classical_planet,moon,0,low,Algorithmic seed score from v0.1 category/domains/tags; matched: none.,SRC_INTERNAL_HEURISTIC_V0_2,needs_review
ENT_KOURETES,classical_planet,mercury,0,low,Algorithmic seed score from v0.1 category/domains/tags; matched: none.,SRC_INTERNAL_HEURISTIC_V0_2,needs_review
ENT_KOURETES,classical_planet,venus,0,low,Algorithmic seed score from v0.1 category/domains/tags; matched: none.,SRC_INTERNAL_HEURISTIC_V0_2,needs_review
ENT_KOURETES,classical_planet,sun,0,low,Algorithmic seed score from v0.1 category/domains/tags; matched: none.,SRC_INTERNAL_HEURISTIC_V0_2,needs_review
ENT_KOURETES,classical_planet,mars,0,low,Algorithmic seed score from v0.1 category/domains/tags; matched: none.,SRC_INTERNAL_HEURISTIC_V0_2,needs_review
ENT_KOURETES,classical_planet,jupiter,0,low,Algorithmic seed score from v0.1 category/domains/tags; matched: none.,SRC_INTERNAL_HEURISTIC_V0_2,needs_review
ENT_KOURETES,classical_planet,saturn,0,low,Algorithmic seed score from v0.1 category/domains/tags; matched: none.,SRC_INTERNAL_HEURISTIC_V0_2,needs_review
ENT_KORYBANTES,classical_element,earth,3,low,Algorithmic seed score from v0.1 category/domains/tags; matched: rustic.,SRC_INTERNAL_HEURISTIC_V0_2,needs_review
ENT_KORYBANTES,classical_element,water,0,low,Algorithmic seed score from v0.1 category/domains/tags; matched: none.,SRC_INTERNAL_HEURISTIC_V0_2,needs_review
ENT_KORYBANTES,classical_element,fire,0,low,Algorithmic seed score from v0.1 category/domains/tags; matched: none.,SRC_INTERNAL_HEURISTIC_V0_2,needs_review
ENT_KORYBANTES,classical_element,air,0,low,Algorithmic seed score from v0.1 category/domains/tags; matched: none.,SRC_INTERNAL_HEURISTIC_V0_2,needs_review
ENT_KORYBANTES,classical_planet,moon,0,low,Algorithmic seed score from v0.1 category/domains/tags; matched: none.,SRC_INTERNAL_HEURISTIC_V0_2,needs_review
ENT_KORYBANTES,classical_planet,mercury,0,low,Algorithmic seed score from v0.1 category/domains/tags; matched: none.,SRC_INTERNAL_HEURISTIC_V0_2,needs_review
ENT_KORYBANTES,classical_planet,venus,0,low,Algorithmic seed score from v0.1 category/domains/tags; matched: none.,SRC_INTERNAL_HEURISTIC_V0_2,needs_review
ENT_KORYBANTES,classical_planet,sun,0,low,Algorithmic seed score from v0.1 category/domains/tags; matched: none.,SRC_INTERNAL_HEURISTIC_V0_2,needs_review
ENT_KORYBANTES,classical_planet,mars,0,low,Algorithmic seed score from v0.1 category/domains/tags; matched: none.,SRC_INTERNAL_HEURISTIC_V0_2,needs_review
ENT_KORYBANTES,classical_planet,jupiter,0,low,Algorithmic seed score from v0.1 category/domains/tags; matched: none.,SRC_INTERNAL_HEURISTIC_V0_2,needs_review
ENT_KORYBANTES,classical_planet,saturn,0,low,Algorithmic seed score from v0.1 category/domains/tags; matched: none.,SRC_INTERNAL_HEURISTIC_V0_2,needs_review
ENT_CABEIRI,classical_element,earth,3,low,Algorithmic seed score from v0.1 category/domains/tags; matched: none.,SRC_INTERNAL_HEURISTIC_V0_2,needs_review
ENT_CABEIRI,classical_element,water,0,low,Algorithmic seed score from v0.1 category/domains/tags; matched: none.,SRC_INTERNAL_HEURISTIC_V0_2,needs_review
ENT_CABEIRI,classical_element,fire,0,low,Algorithmic seed score from v0.1 category/domains/tags; matched: none.,SRC_INTERNAL_HEURISTIC_V0_2,needs_review
ENT_CABEIRI,classical_element,air,0,low,Algorithmic seed score from v0.1 category/domains/tags; matched: none.,SRC_INTERNAL_HEURISTIC_V0_2,needs_review
ENT_CABEIRI,classical_planet,moon,0,low,Algorithmic seed score from v0.1 category/domains/tags; matched: none.,SRC_INTERNAL_HEURISTIC_V0_2,needs_review
ENT_CABEIRI,classical_planet,mercury,0,low,Algorithmic seed score from v0.1 category/domains/tags; matched: none.,SRC_INTERNAL_HEURISTIC_V0_2,needs_review
ENT_CABEIRI,classical_planet,venus,0,low,Algorithmic seed score from v0.1 category/domains/tags; matched: none.,SRC_INTERNAL_HEURISTIC_V0_2,needs_review
ENT_CABEIRI,classical_planet,sun,0,low,Algorithmic seed score from v0.1 category/domains/tags; matched: none.,SRC_INTERNAL_HEURISTIC_V0_2,needs_review
ENT_CABEIRI,classical_planet,mars,0,low,Algorithmic seed score from v0.1 category/domains/tags; matched: none.,SRC_INTERNAL_HEURISTIC_V0_2,needs_review
ENT_CABEIRI,classical_planet,jupiter,0,low,Algorithmic seed score from v0.1 category/domains/tags; matched: none.,SRC_INTERNAL_HEURISTIC_V0_2,needs_review
ENT_CABEIRI,classical_planet,saturn,0,low,Algorithmic seed score from v0.1 category/domains/tags; matched: none.,SRC_INTERNAL_HEURISTIC_V0_2,needs_review
ENT_DIOSCURI,classical_element,earth,0,low,Algorithmic seed score from v0.1 category/domains/tags; matched: none.,SRC_INTERNAL_HEURISTIC_V0_2,needs_review
ENT_DIOSCURI,classical_element,water,0,low,Algorithmic seed score from v0.1 category/domains/tags; matched: none.,SRC_INTERNAL_HEURISTIC_V0_2,needs_review
ENT_DIOSCURI,classical_element,fire,0,low,Algorithmic seed score from v0.1 category/domains/tags; matched: none.,SRC_INTERNAL_HEURISTIC_V0_2,needs_review
ENT_DIOSCURI,classical_element,air,0,low,Algorithmic seed score from v0.1 category/domains/tags; matched: none.,SRC_INTERNAL_HEURISTIC_V0_2,needs_review
ENT_DIOSCURI,classical_planet,moon,0,low,Algorithmic seed score from v0.1 category/domains/tags; matched: none.,SRC_INTERNAL_HEURISTIC_V0_2,needs_review
ENT_DIOSCURI,classical_planet,mercury,0,low,Algorithmic seed score from v0.1 category/domains/tags; matched: none.,SRC_INTERNAL_HEURISTIC_V0_2,needs_review
ENT_DIOSCURI,classical_planet,venus,0,low,Algorithmic seed score from v0.1 category/domains/tags; matched: none.,SRC_INTERNAL_HEURISTIC_V0_2,needs_review
ENT_DIOSCURI,classical_planet,sun,0,low,Algorithmic seed score from v0.1 category/domains/tags; matched: none.,SRC_INTERNAL_HEURISTIC_V0_2,needs_review
ENT_DIOSCURI,classical_planet,mars,0,low,Algorithmic seed score from v0.1 category/domains/tags; matched: none.,SRC_INTERNAL_HEURISTIC_V0_2,needs_review
ENT_DIOSCURI,classical_planet,jupiter,0,low,Algorithmic seed score from v0.1 category/domains/tags; matched: none.,SRC_INTERNAL_HEURISTIC_V0_2,needs_review
ENT_DIOSCURI,classical_planet,saturn,0,low,Algorithmic seed score from v0.1 category/domains/tags; matched: none.,SRC_INTERNAL_HEURISTIC_V0_2,needs_review
ENT_ACHERON,classical_element,earth,5,medium,"Algorithmic seed score from v0.1 category/domains/tags; matched: chthonic, underworld, river.",SRC_INTERNAL_HEURISTIC_V0_2,needs_review
ENT_ACHERON,classical_element,water,5,medium,"Algorithmic seed score from v0.1 category/domains/tags; matched: river, underworld river.",SRC_INTERNAL_HEURISTIC_V0_2,needs_review
ENT_ACHERON,classical_element,fire,0,low,Algorithmic seed score from v0.1 category/domains/tags; matched: none.,SRC_INTERNAL_HEURISTIC_V0_2,needs_review
ENT_ACHERON,classical_element,air,0,low,Algorithmic seed score from v0.1 category/domains/tags; matched: none.,SRC_INTERNAL_HEURISTIC_V0_2,needs_review
ENT_ACHERON,classical_planet,moon,2,low,Algorithmic seed score from v0.1 category/domains/tags; matched: underworld.,SRC_INTERNAL_HEURISTIC_V0_2,needs_review
ENT_ACHERON,classical_planet,mercury,0,low,Algorithmic seed score from v0.1 category/domains/tags; matched: none.,SRC_INTERNAL_HEURISTIC_V0_2,needs_review
ENT_ACHERON,classical_planet,venus,0,low,Algorithmic seed score from v0.1 category/domains/tags; matched: none.,SRC_INTERNAL_HEURISTIC_V0_2,needs_review
ENT_ACHERON,classical_planet,sun,0,low,Algorithmic seed score from v0.1 category/domains/tags; matched: none.,SRC_INTERNAL_HEURISTIC_V0_2,needs_review
ENT_ACHERON,classical_planet,mars,0,low,Algorithmic seed score from v0.1 category/domains/tags; matched: none.,SRC_INTERNAL_HEURISTIC_V0_2,needs_review
ENT_ACHERON,classical_planet,jupiter,0,low,Algorithmic seed score from v0.1 category/domains/tags; matched: none.,SRC_INTERNAL_HEURISTIC_V0_2,needs_review
ENT_ACHERON,classical_planet,saturn,4,medium,Algorithmic seed score from v0.1 category/domains/tags; matched: underworld.,SRC_INTERNAL_HEURISTIC_V0_2,needs_review
ENT_COCYTUS,classical_element,earth,5,medium,"Algorithmic seed score from v0.1 category/domains/tags; matched: chthonic, underworld, river.",SRC_INTERNAL_HEURISTIC_V0_2,needs_review
ENT_COCYTUS,classical_element,water,5,medium,"Algorithmic seed score from v0.1 category/domains/tags; matched: river, underworld river.",SRC_INTERNAL_HEURISTIC_V0_2,needs_review
ENT_COCYTUS,classical_element,fire,0,low,Algorithmic seed score from v0.1 category/domains/tags; matched: none.,SRC_INTERNAL_HEURISTIC_V0_2,needs_review
ENT_COCYTUS,classical_element,air,0,low,Algorithmic seed score from v0.1 category/domains/tags; matched: none.,SRC_INTERNAL_HEURISTIC_V0_2,needs_review
ENT_COCYTUS,classical_planet,moon,2,low,Algorithmic seed score from v0.1 category/domains/tags; matched: underworld.,SRC_INTERNAL_HEURISTIC_V0_2,needs_review
ENT_COCYTUS,classical_planet,mercury,0,low,Algorithmic seed score from v0.1 category/domains/tags; matched: none.,SRC_INTERNAL_HEURISTIC_V0_2,needs_review
ENT_COCYTUS,classical_planet,venus,0,low,Algorithmic seed score from v0.1 category/domains/tags; matched: none.,SRC_INTERNAL_HEURISTIC_V0_2,needs_review
ENT_COCYTUS,classical_planet,sun,0,low,Algorithmic seed score from v0.1 category/domains/tags; matched: none.,SRC_INTERNAL_HEURISTIC_V0_2,needs_review
ENT_COCYTUS,classical_planet,mars,0,low,Algorithmic seed score from v0.1 category/domains/tags; matched: none.,SRC_INTERNAL_HEURISTIC_V0_2,needs_review
ENT_COCYTUS,classical_planet,jupiter,0,low,Algorithmic seed score from v0.1 category/domains/tags; matched: none.,SRC_INTERNAL_HEURISTIC_V0_2,needs_review
ENT_COCYTUS,classical_planet,saturn,4,medium,Algorithmic seed score from v0.1 category/domains/tags; matched: underworld.,SRC_INTERNAL_HEURISTIC_V0_2,needs_review
ENT_LETHE,classical_element,earth,5,medium,"Algorithmic seed score from v0.1 category/domains/tags; matched: chthonic, underworld, river.",SRC_INTERNAL_HEURISTIC_V0_2,needs_review
ENT_LETHE,classical_element,water,5,medium,"Algorithmic seed score from v0.1 category/domains/tags; matched: river, underworld river.",SRC_INTERNAL_HEURISTIC_V0_2,needs_review
ENT_LETHE,classical_element,fire,0,low,Algorithmic seed score from v0.1 category/domains/tags; matched: none.,SRC_INTERNAL_HEURISTIC_V0_2,needs_review
ENT_LETHE,classical_element,air,0,low,Algorithmic seed score from v0.1 category/domains/tags; matched: none.,SRC_INTERNAL_HEURISTIC_V0_2,needs_review
ENT_LETHE,classical_planet,moon,2,low,Algorithmic seed score from v0.1 category/domains/tags; matched: underworld.,SRC_INTERNAL_HEURISTIC_V0_2,needs_review
ENT_LETHE,classical_planet,mercury,0,low,Algorithmic seed score from v0.1 category/domains/tags; matched: none.,SRC_INTERNAL_HEURISTIC_V0_2,needs_review
ENT_LETHE,classical_planet,venus,0,low,Algorithmic seed score from v0.1 category/domains/tags; matched: none.,SRC_INTERNAL_HEURISTIC_V0_2,needs_review
ENT_LETHE,classical_planet,sun,0,low,Algorithmic seed score from v0.1 category/domains/tags; matched: none.,SRC_INTERNAL_HEURISTIC_V0_2,needs_review
ENT_LETHE,classical_planet,mars,0,low,Algorithmic seed score from v0.1 category/domains/tags; matched: none.,SRC_INTERNAL_HEURISTIC_V0_2,needs_review
ENT_LETHE,classical_planet,jupiter,0,low,Algorithmic seed score from v0.1 category/domains/tags; matched: none.,SRC_INTERNAL_HEURISTIC_V0_2,needs_review
ENT_LETHE,classical_planet,saturn,4,medium,Algorithmic seed score from v0.1 category/domains/tags; matched: underworld.,SRC_INTERNAL_HEURISTIC_V0_2,needs_review
ENT_PHLEGETHON,classical_element,earth,5,medium,"Algorithmic seed score from v0.1 category/domains/tags; matched: chthonic, underworld, river.",SRC_INTERNAL_HEURISTIC_V0_2,needs_review
ENT_PHLEGETHON,classical_element,water,5,medium,"Algorithmic seed score from v0.1 category/domains/tags; matched: river, underworld river.",SRC_INTERNAL_HEURISTIC_V0_2,needs_review
ENT_PHLEGETHON,classical_element,fire,5,medium,Algorithmic seed score from v0.1 category/domains/tags; matched: fire.,SRC_INTERNAL_HEURISTIC_V0_2,needs_review
ENT_PHLEGETHON,classical_element,air,0,low,Algorithmic seed score from v0.1 category/domains/tags; matched: none.,SRC_INTERNAL_HEURISTIC_V0_2,needs_review
ENT_PHLEGETHON,classical_planet,moon,2,low,Algorithmic seed score from v0.1 category/domains/tags; matched: underworld.,SRC_INTERNAL_HEURISTIC_V0_2,needs_review
ENT_PHLEGETHON,classical_planet,mercury,0,low,Algorithmic seed score from v0.1 category/domains/tags; matched: none.,SRC_INTERNAL_HEURISTIC_V0_2,needs_review
ENT_PHLEGETHON,classical_planet,venus,0,low,Algorithmic seed score from v0.1 category/domains/tags; matched: none.,SRC_INTERNAL_HEURISTIC_V0_2,needs_review
ENT_PHLEGETHON,classical_planet,sun,0,low,Algorithmic seed score from v0.1 category/domains/tags; matched: none.,SRC_INTERNAL_HEURISTIC_V0_2,needs_review
ENT_PHLEGETHON,classical_planet,mars,0,low,Algorithmic seed score from v0.1 category/domains/tags; matched: none.,SRC_INTERNAL_HEURISTIC_V0_2,needs_review
ENT_PHLEGETHON,classical_planet,jupiter,0,low,Algorithmic seed score from v0.1 category/domains/tags; matched: none.,SRC_INTERNAL_HEURISTIC_V0_2,needs_review
ENT_PHLEGETHON,classical_planet,saturn,4,medium,Algorithmic seed score from v0.1 category/domains/tags; matched: underworld.,SRC_INTERNAL_HEURISTIC_V0_2,needs_review
ENT_STYX,classical_element,earth,5,medium,"Algorithmic seed score from v0.1 category/domains/tags; matched: chthonic, underworld, river.",SRC_INTERNAL_HEURISTIC_V0_2,needs_review
ENT_STYX,classical_element,water,5,medium,"Algorithmic seed score from v0.1 category/domains/tags; matched: river, ocean, underworld river.",SRC_INTERNAL_HEURISTIC_V0_2,needs_review
ENT_STYX,classical_element,fire,0,low,Algorithmic seed score from v0.1 category/domains/tags; matched: none.,SRC_INTERNAL_HEURISTIC_V0_2,needs_review
ENT_STYX,classical_element,air,0,low,Algorithmic seed score from v0.1 category/domains/tags; matched: none.,SRC_INTERNAL_HEURISTIC_V0_2,needs_review
ENT_STYX,classical_planet,moon,2,low,Algorithmic seed score from v0.1 category/domains/tags; matched: underworld.,SRC_INTERNAL_HEURISTIC_V0_2,needs_review
ENT_STYX,classical_planet,mercury,0,low,Algorithmic seed score from v0.1 category/domains/tags; matched: none.,SRC_INTERNAL_HEURISTIC_V0_2,needs_review
ENT_STYX,classical_planet,venus,0,low,Algorithmic seed score from v0.1 category/domains/tags; matched: none.,SRC_INTERNAL_HEURISTIC_V0_2,needs_review
ENT_STYX,classical_planet,sun,0,low,Algorithmic seed score from v0.1 category/domains/tags; matched: none.,SRC_INTERNAL_HEURISTIC_V0_2,needs_review
ENT_STYX,classical_planet,mars,0,low,Algorithmic seed score from v0.1 category/domains/tags; matched: none.,SRC_INTERNAL_HEURISTIC_V0_2,needs_review
ENT_STYX,classical_planet,jupiter,4,medium,Algorithmic seed score from v0.1 category/domains/tags; matched: oath.,SRC_INTERNAL_HEURISTIC_V0_2,needs_review
ENT_STYX,classical_planet,saturn,4,medium,Algorithmic seed score from v0.1 category/domains/tags; matched: underworld.,SRC_INTERNAL_HEURISTIC_V0_2,needs_review
ENT_CHARON,classical_element,earth,5,medium,"Algorithmic seed score from v0.1 category/domains/tags; matched: chthonic, underworld.",SRC_INTERNAL_HEURISTIC_V0_2,needs_review
ENT_CHARON,classical_element,water,0,low,Algorithmic seed score from v0.1 category/domains/tags; matched: none.,SRC_INTERNAL_HEURISTIC_V0_2,needs_review
ENT_CHARON,classical_element,fire,0,low,Algorithmic seed score from v0.1 category/domains/tags; matched: none.,SRC_INTERNAL_HEURISTIC_V0_2,needs_review
ENT_CHARON,classical_element,air,0,low,Algorithmic seed score from v0.1 category/domains/tags; matched: none.,SRC_INTERNAL_HEURISTIC_V0_2,needs_review
ENT_CHARON,classical_planet,moon,2,low,Algorithmic seed score from v0.1 category/domains/tags; matched: underworld.,SRC_INTERNAL_HEURISTIC_V0_2,needs_review
ENT_CHARON,classical_planet,mercury,0,low,Algorithmic seed score from v0.1 category/domains/tags; matched: none.,SRC_INTERNAL_HEURISTIC_V0_2,needs_review
ENT_CHARON,classical_planet,venus,0,low,Algorithmic seed score from v0.1 category/domains/tags; matched: none.,SRC_INTERNAL_HEURISTIC_V0_2,needs_review
ENT_CHARON,classical_planet,sun,0,low,Algorithmic seed score from v0.1 category/domains/tags; matched: none.,SRC_INTERNAL_HEURISTIC_V0_2,needs_review
ENT_CHARON,classical_planet,mars,0,low,Algorithmic seed score from v0.1 category/domains/tags; matched: none.,SRC_INTERNAL_HEURISTIC_V0_2,needs_review
ENT_CHARON,classical_planet,jupiter,0,low,Algorithmic seed score from v0.1 category/domains/tags; matched: none.,SRC_INTERNAL_HEURISTIC_V0_2,needs_review
ENT_CHARON,classical_planet,saturn,4,medium,Algorithmic seed score from v0.1 category/domains/tags; matched: underworld.,SRC_INTERNAL_HEURISTIC_V0_2,needs_review
ENT_THANATOS,classical_element,earth,5,medium,"Algorithmic seed score from v0.1 category/domains/tags; matched: chthonic, underworld.",SRC_INTERNAL_HEURISTIC_V0_2,needs_review
ENT_THANATOS,classical_element,water,0,low,Algorithmic seed score from v0.1 category/domains/tags; matched: none.,SRC_INTERNAL_HEURISTIC_V0_2,needs_review
ENT_THANATOS,classical_element,fire,0,low,Algorithmic seed score from v0.1 category/domains/tags; matched: none.,SRC_INTERNAL_HEURISTIC_V0_2,needs_review
ENT_THANATOS,classical_element,air,0,low,Algorithmic seed score from v0.1 category/domains/tags; matched: none.,SRC_INTERNAL_HEURISTIC_V0_2,needs_review
ENT_THANATOS,classical_planet,moon,2,low,Algorithmic seed score from v0.1 category/domains/tags; matched: underworld.,SRC_INTERNAL_HEURISTIC_V0_2,needs_review
ENT_THANATOS,classical_planet,mercury,0,low,Algorithmic seed score from v0.1 category/domains/tags; matched: none.,SRC_INTERNAL_HEURISTIC_V0_2,needs_review
ENT_THANATOS,classical_planet,venus,0,low,Algorithmic seed score from v0.1 category/domains/tags; matched: none.,SRC_INTERNAL_HEURISTIC_V0_2,needs_review
ENT_THANATOS,classical_planet,sun,0,low,Algorithmic seed score from v0.1 category/domains/tags; matched: none.,SRC_INTERNAL_HEURISTIC_V0_2,needs_review
ENT_THANATOS,classical_planet,mars,0,low,Algorithmic seed score from v0.1 category/domains/tags; matched: none.,SRC_INTERNAL_HEURISTIC_V0_2,needs_review
ENT_THANATOS,classical_planet,jupiter,0,low,Algorithmic seed score from v0.1 category/domains/tags; matched: none.,SRC_INTERNAL_HEURISTIC_V0_2,needs_review
ENT_THANATOS,classical_planet,saturn,4,medium,"Algorithmic seed score from v0.1 category/domains/tags; matched: underworld, death.",SRC_INTERNAL_HEURISTIC_V0_2,needs_review
ENT_HYPNOS,classical_element,earth,5,medium,"Algorithmic seed score from v0.1 category/domains/tags; matched: chthonic, underworld.",SRC_INTERNAL_HEURISTIC_V0_2,needs_review
ENT_HYPNOS,classical_element,water,0,low,Algorithmic seed score from v0.1 category/domains/tags; matched: none.,SRC_INTERNAL_HEURISTIC_V0_2,needs_review
ENT_HYPNOS,classical_element,fire,0,low,Algorithmic seed score from v0.1 category/domains/tags; matched: none.,SRC_INTERNAL_HEURISTIC_V0_2,needs_review
ENT_HYPNOS,classical_element,air,0,low,Algorithmic seed score from v0.1 category/domains/tags; matched: none.,SRC_INTERNAL_HEURISTIC_V0_2,needs_review
ENT_HYPNOS,classical_planet,moon,2,low,Algorithmic seed score from v0.1 category/domains/tags; matched: underworld.,SRC_INTERNAL_HEURISTIC_V0_2,needs_review
ENT_HYPNOS,classical_planet,mercury,0,low,Algorithmic seed score from v0.1 category/domains/tags; matched: none.,SRC_INTERNAL_HEURISTIC_V0_2,needs_review
ENT_HYPNOS,classical_planet,venus,0,low,Algorithmic seed score from v0.1 category/domains/tags; matched: none.,SRC_INTERNAL_HEURISTIC_V0_2,needs_review
ENT_HYPNOS,classical_planet,sun,0,low,Algorithmic seed score from v0.1 category/domains/tags; matched: none.,SRC_INTERNAL_HEURISTIC_V0_2,needs_review
ENT_HYPNOS,classical_planet,mars,0,low,Algorithmic seed score from v0.1 category/domains/tags; matched: none.,SRC_INTERNAL_HEURISTIC_V0_2,needs_review
ENT_HYPNOS,classical_planet,jupiter,0,low,Algorithmic seed score from v0.1 category/domains/tags; matched: none.,SRC_INTERNAL_HEURISTIC_V0_2,needs_review
ENT_HYPNOS,classical_planet,saturn,4,medium,Algorithmic seed score from v0.1 category/domains/tags; matched: underworld.,SRC_INTERNAL_HEURISTIC_V0_2,needs_review
ENT_ONEIROI,classical_element,earth,5,medium,"Algorithmic seed score from v0.1 category/domains/tags; matched: chthonic, underworld.",SRC_INTERNAL_HEURISTIC_V0_2,needs_review
ENT_ONEIROI,classical_element,water,0,low,Algorithmic seed score from v0.1 category/domains/tags; matched: none.,SRC_INTERNAL_HEURISTIC_V0_2,needs_review
ENT_ONEIROI,classical_element,fire,0,low,Algorithmic seed score from v0.1 category/domains/tags; matched: none.,SRC_INTERNAL_HEURISTIC_V0_2,needs_review
ENT_ONEIROI,classical_element,air,2,low,Algorithmic seed score from v0.1 category/domains/tags; matched: dream.,SRC_INTERNAL_HEURISTIC_V0_2,needs_review
ENT_ONEIROI,classical_planet,moon,3,low,"Algorithmic seed score from v0.1 category/domains/tags; matched: dream, underworld.",SRC_INTERNAL_HEURISTIC_V0_2,needs_review
ENT_ONEIROI,classical_planet,mercury,2,low,Algorithmic seed score from v0.1 category/domains/tags; matched: dream.,SRC_INTERNAL_HEURISTIC_V0_2,needs_review
ENT_ONEIROI,classical_planet,venus,0,low,Algorithmic seed score from v0.1 category/domains/tags; matched: none.,SRC_INTERNAL_HEURISTIC_V0_2,needs_review
ENT_ONEIROI,classical_planet,sun,0,low,Algorithmic seed score from v0.1 category/domains/tags; matched: none.,SRC_INTERNAL_HEURISTIC_V0_2,needs_review
ENT_ONEIROI,classical_planet,mars,0,low,Algorithmic seed score from v0.1 category/domains/tags; matched: none.,SRC_INTERNAL_HEURISTIC_V0_2,needs_review
ENT_ONEIROI,classical_planet,jupiter,0,low,Algorithmic seed score from v0.1 category/domains/tags; matched: none.,SRC_INTERNAL_HEURISTIC_V0_2,needs_review
ENT_ONEIROI,classical_planet,saturn,4,medium,Algorithmic seed score from v0.1 category/domains/tags; matched: underworld.,SRC_INTERNAL_HEURISTIC_V0_2,needs_review
ENT_MORPHEUS,classical_element,earth,5,medium,"Algorithmic seed score from v0.1 category/domains/tags; matched: chthonic, underworld.",SRC_INTERNAL_HEURISTIC_V0_2,needs_review
ENT_MORPHEUS,classical_element,water,0,low,Algorithmic seed score from v0.1 category/domains/tags; matched: none.,SRC_INTERNAL_HEURISTIC_V0_2,needs_review
ENT_MORPHEUS,classical_element,fire,0,low,Algorithmic seed score from v0.1 category/domains/tags; matched: none.,SRC_INTERNAL_HEURISTIC_V0_2,needs_review
ENT_MORPHEUS,classical_element,air,2,low,Algorithmic seed score from v0.1 category/domains/tags; matched: dream.,SRC_INTERNAL_HEURISTIC_V0_2,needs_review
ENT_MORPHEUS,classical_planet,moon,3,low,"Algorithmic seed score from v0.1 category/domains/tags; matched: dream, underworld.",SRC_INTERNAL_HEURISTIC_V0_2,needs_review
ENT_MORPHEUS,classical_planet,mercury,2,low,Algorithmic seed score from v0.1 category/domains/tags; matched: dream.,SRC_INTERNAL_HEURISTIC_V0_2,needs_review
ENT_MORPHEUS,classical_planet,venus,0,low,Algorithmic seed score from v0.1 category/domains/tags; matched: none.,SRC_INTERNAL_HEURISTIC_V0_2,needs_review
ENT_MORPHEUS,classical_planet,sun,0,low,Algorithmic seed score from v0.1 category/domains/tags; matched: none.,SRC_INTERNAL_HEURISTIC_V0_2,needs_review
ENT_MORPHEUS,classical_planet,mars,0,low,Algorithmic seed score from v0.1 category/domains/tags; matched: none.,SRC_INTERNAL_HEURISTIC_V0_2,needs_review
ENT_MORPHEUS,classical_planet,jupiter,0,low,Algorithmic seed score from v0.1 category/domains/tags; matched: none.,SRC_INTERNAL_HEURISTIC_V0_2,needs_review
ENT_MORPHEUS,classical_planet,saturn,4,medium,Algorithmic seed score from v0.1 category/domains/tags; matched: underworld.,SRC_INTERNAL_HEURISTIC_V0_2,needs_review
ENT_PHOBETOR,classical_element,earth,5,medium,"Algorithmic seed score from v0.1 category/domains/tags; matched: chthonic, underworld.",SRC_INTERNAL_HEURISTIC_V0_2,needs_review
ENT_PHOBETOR,classical_element,water,0,low,Algorithmic seed score from v0.1 category/domains/tags; matched: none.,SRC_INTERNAL_HEURISTIC_V0_2,needs_review
ENT_PHOBETOR,classical_element,fire,0,low,Algorithmic seed score from v0.1 category/domains/tags; matched: none.,SRC_INTERNAL_HEURISTIC_V0_2,needs_review
ENT_PHOBETOR,classical_element,air,2,low,Algorithmic seed score from v0.1 category/domains/tags; matched: dream.,SRC_INTERNAL_HEURISTIC_V0_2,needs_review
ENT_PHOBETOR,classical_planet,moon,3,low,"Algorithmic seed score from v0.1 category/domains/tags; matched: dream, underworld.",SRC_INTERNAL_HEURISTIC_V0_2,needs_review
ENT_PHOBETOR,classical_planet,mercury,2,low,Algorithmic seed score from v0.1 category/domains/tags; matched: dream.,SRC_INTERNAL_HEURISTIC_V0_2,needs_review
ENT_PHOBETOR,classical_planet,venus,0,low,Algorithmic seed score from v0.1 category/domains/tags; matched: none.,SRC_INTERNAL_HEURISTIC_V0_2,needs_review
ENT_PHOBETOR,classical_planet,sun,0,low,Algorithmic seed score from v0.1 category/domains/tags; matched: none.,SRC_INTERNAL_HEURISTIC_V0_2,needs_review
ENT_PHOBETOR,classical_planet,mars,0,low,Algorithmic seed score from v0.1 category/domains/tags; matched: none.,SRC_INTERNAL_HEURISTIC_V0_2,needs_review
ENT_PHOBETOR,classical_planet,jupiter,0,low,Algorithmic seed score from v0.1 category/domains/tags; matched: none.,SRC_INTERNAL_HEURISTIC_V0_2,needs_review
ENT_PHOBETOR,classical_planet,saturn,4,medium,Algorithmic seed score from v0.1 category/domains/tags; matched: underworld.,SRC_INTERNAL_HEURISTIC_V0_2,needs_review
ENT_PHANTASOS,classical_element,earth,5,medium,"Algorithmic seed score from v0.1 category/domains/tags; matched: chthonic, underworld.",SRC_INTERNAL_HEURISTIC_V0_2,needs_review
ENT_PHANTASOS,classical_element,water,0,low,Algorithmic seed score from v0.1 category/domains/tags; matched: none.,SRC_INTERNAL_HEURISTIC_V0_2,needs_review
ENT_PHANTASOS,classical_element,fire,0,low,Algorithmic seed score from v0.1 category/domains/tags; matched: none.,SRC_INTERNAL_HEURISTIC_V0_2,needs_review
ENT_PHANTASOS,classical_element,air,2,low,Algorithmic seed score from v0.1 category/domains/tags; matched: dream.,SRC_INTERNAL_HEURISTIC_V0_2,needs_review
ENT_PHANTASOS,classical_planet,moon,3,low,"Algorithmic seed score from v0.1 category/domains/tags; matched: dream, underworld.",SRC_INTERNAL_HEURISTIC_V0_2,needs_review
ENT_PHANTASOS,classical_planet,mercury,2,low,Algorithmic seed score from v0.1 category/domains/tags; matched: dream.,SRC_INTERNAL_HEURISTIC_V0_2,needs_review
ENT_PHANTASOS,classical_planet,venus,0,low,Algorithmic seed score from v0.1 category/domains/tags; matched: none.,SRC_INTERNAL_HEURISTIC_V0_2,needs_review
ENT_PHANTASOS,classical_planet,sun,0,low,Algorithmic seed score from v0.1 category/domains/tags; matched: none.,SRC_INTERNAL_HEURISTIC_V0_2,needs_review
ENT_PHANTASOS,classical_planet,mars,0,low,Algorithmic seed score from v0.1 category/domains/tags; matched: none.,SRC_INTERNAL_HEURISTIC_V0_2,needs_review
ENT_PHANTASOS,classical_planet,jupiter,0,low,Algorithmic seed score from v0.1 category/domains/tags; matched: none.,SRC_INTERNAL_HEURISTIC_V0_2,needs_review
ENT_PHANTASOS,classical_planet,saturn,4,medium,Algorithmic seed score from v0.1 category/domains/tags; matched: underworld.,SRC_INTERNAL_HEURISTIC_V0_2,needs_review
ENT_EMPUSA,classical_element,earth,5,medium,"Algorithmic seed score from v0.1 category/domains/tags; matched: chthonic, underworld.",SRC_INTERNAL_HEURISTIC_V0_2,needs_review
ENT_EMPUSA,classical_element,water,0,low,Algorithmic seed score from v0.1 category/domains/tags; matched: none.,SRC_INTERNAL_HEURISTIC_V0_2,needs_review
ENT_EMPUSA,classical_element,fire,0,low,Algorithmic seed score from v0.1 category/domains/tags; matched: none.,SRC_INTERNAL_HEURISTIC_V0_2,needs_review
ENT_EMPUSA,classical_element,air,0,low,Algorithmic seed score from v0.1 category/domains/tags; matched: none.,SRC_INTERNAL_HEURISTIC_V0_2,needs_review
ENT_EMPUSA,classical_planet,moon,2,low,Algorithmic seed score from v0.1 category/domains/tags; matched: underworld.,SRC_INTERNAL_HEURISTIC_V0_2,needs_review
ENT_EMPUSA,classical_planet,mercury,0,low,Algorithmic seed score from v0.1 category/domains/tags; matched: none.,SRC_INTERNAL_HEURISTIC_V0_2,needs_review
ENT_EMPUSA,classical_planet,venus,0,low,Algorithmic seed score from v0.1 category/domains/tags; matched: none.,SRC_INTERNAL_HEURISTIC_V0_2,needs_review
ENT_EMPUSA,classical_planet,sun,0,low,Algorithmic seed score from v0.1 category/domains/tags; matched: none.,SRC_INTERNAL_HEURISTIC_V0_2,needs_review
ENT_EMPUSA,classical_planet,mars,0,low,Algorithmic seed score from v0.1 category/domains/tags; matched: none.,SRC_INTERNAL_HEURISTIC_V0_2,needs_review
ENT_EMPUSA,classical_planet,jupiter,0,low,Algorithmic seed score from v0.1 category/domains/tags; matched: none.,SRC_INTERNAL_HEURISTIC_V0_2,needs_review
ENT_EMPUSA,classical_planet,saturn,4,medium,Algorithmic seed score from v0.1 category/domains/tags; matched: underworld.,SRC_INTERNAL_HEURISTIC_V0_2,needs_review
ENT_EURYNOMOS,classical_element,earth,5,medium,"Algorithmic seed score from v0.1 category/domains/tags; matched: chthonic, underworld.",SRC_INTERNAL_HEURISTIC_V0_2,needs_review
ENT_EURYNOMOS,classical_element,water,0,low,Algorithmic seed score from v0.1 category/domains/tags; matched: none.,SRC_INTERNAL_HEURISTIC_V0_2,needs_review
ENT_EURYNOMOS,classical_element,fire,0,low,Algorithmic seed score from v0.1 category/domains/tags; matched: none.,SRC_INTERNAL_HEURISTIC_V0_2,needs_review
ENT_EURYNOMOS,classical_element,air,0,low,Algorithmic seed score from v0.1 category/domains/tags; matched: none.,SRC_INTERNAL_HEURISTIC_V0_2,needs_review
ENT_EURYNOMOS,classical_planet,moon,2,low,Algorithmic seed score from v0.1 category/domains/tags; matched: underworld.,SRC_INTERNAL_HEURISTIC_V0_2,needs_review
ENT_EURYNOMOS,classical_planet,mercury,0,low,Algorithmic seed score from v0.1 category/domains/tags; matched: none.,SRC_INTERNAL_HEURISTIC_V0_2,needs_review
ENT_EURYNOMOS,classical_planet,venus,0,low,Algorithmic seed score from v0.1 category/domains/tags; matched: none.,SRC_INTERNAL_HEURISTIC_V0_2,needs_review
ENT_EURYNOMOS,classical_planet,sun,0,low,Algorithmic seed score from v0.1 category/domains/tags; matched: none.,SRC_INTERNAL_HEURISTIC_V0_2,needs_review
ENT_EURYNOMOS,classical_planet,mars,0,low,Algorithmic seed score from v0.1 category/domains/tags; matched: none.,SRC_INTERNAL_HEURISTIC_V0_2,needs_review
ENT_EURYNOMOS,classical_planet,jupiter,0,low,Algorithmic seed score from v0.1 category/domains/tags; matched: none.,SRC_INTERNAL_HEURISTIC_V0_2,needs_review
ENT_EURYNOMOS,classical_planet,saturn,4,medium,Algorithmic seed score from v0.1 category/domains/tags; matched: underworld.,SRC_INTERNAL_HEURISTIC_V0_2,needs_review
ENT_MORMOLYKEIA,classical_element,earth,5,medium,"Algorithmic seed score from v0.1 category/domains/tags; matched: chthonic, underworld.",SRC_INTERNAL_HEURISTIC_V0_2,needs_review
ENT_MORMOLYKEIA,classical_element,water,0,low,Algorithmic seed score from v0.1 category/domains/tags; matched: none.,SRC_INTERNAL_HEURISTIC_V0_2,needs_review
ENT_MORMOLYKEIA,classical_element,fire,0,low,Algorithmic seed score from v0.1 category/domains/tags; matched: none.,SRC_INTERNAL_HEURISTIC_V0_2,needs_review
ENT_MORMOLYKEIA,classical_element,air,0,low,Algorithmic seed score from v0.1 category/domains/tags; matched: none.,SRC_INTERNAL_HEURISTIC_V0_2,needs_review
ENT_MORMOLYKEIA,classical_planet,moon,2,low,Algorithmic seed score from v0.1 category/domains/tags; matched: underworld.,SRC_INTERNAL_HEURISTIC_V0_2,needs_review
ENT_MORMOLYKEIA,classical_planet,mercury,0,low,Algorithmic seed score from v0.1 category/domains/tags; matched: none.,SRC_INTERNAL_HEURISTIC_V0_2,needs_review
ENT_MORMOLYKEIA,classical_planet,venus,0,low,Algorithmic seed score from v0.1 category/domains/tags; matched: none.,SRC_INTERNAL_HEURISTIC_V0_2,needs_review
ENT_MORMOLYKEIA,classical_planet,sun,0,low,Algorithmic seed score from v0.1 category/domains/tags; matched: none.,SRC_INTERNAL_HEURISTIC_V0_2,needs_review
ENT_MORMOLYKEIA,classical_planet,mars,0,low,Algorithmic seed score from v0.1 category/domains/tags; matched: none.,SRC_INTERNAL_HEURISTIC_V0_2,needs_review
ENT_MORMOLYKEIA,classical_planet,jupiter,0,low,Algorithmic seed score from v0.1 category/domains/tags; matched: none.,SRC_INTERNAL_HEURISTIC_V0_2,needs_review
ENT_MORMOLYKEIA,classical_planet,saturn,4,medium,Algorithmic seed score from v0.1 category/domains/tags; matched: underworld.,SRC_INTERNAL_HEURISTIC_V0_2,needs_review
ENT_KERES,classical_element,earth,5,medium,"Algorithmic seed score from v0.1 category/domains/tags; matched: chthonic, underworld.",SRC_INTERNAL_HEURISTIC_V0_2,needs_review
ENT_KERES,classical_element,water,0,low,Algorithmic seed score from v0.1 category/domains/tags; matched: none.,SRC_INTERNAL_HEURISTIC_V0_2,needs_review
ENT_KERES,classical_element,fire,0,low,Algorithmic seed score from v0.1 category/domains/tags; matched: none.,SRC_INTERNAL_HEURISTIC_V0_2,needs_review
ENT_KERES,classical_element,air,0,low,Algorithmic seed score from v0.1 category/domains/tags; matched: none.,SRC_INTERNAL_HEURISTIC_V0_2,needs_review
ENT_KERES,classical_planet,moon,2,low,Algorithmic seed score from v0.1 category/domains/tags; matched: underworld.,SRC_INTERNAL_HEURISTIC_V0_2,needs_review
ENT_KERES,classical_planet,mercury,0,low,Algorithmic seed score from v0.1 category/domains/tags; matched: none.,SRC_INTERNAL_HEURISTIC_V0_2,needs_review
ENT_KERES,classical_planet,venus,0,low,Algorithmic seed score from v0.1 category/domains/tags; matched: none.,SRC_INTERNAL_HEURISTIC_V0_2,needs_review
ENT_KERES,classical_planet,sun,0,low,Algorithmic seed score from v0.1 category/domains/tags; matched: none.,SRC_INTERNAL_HEURISTIC_V0_2,needs_review
ENT_KERES,classical_planet,mars,0,low,Algorithmic seed score from v0.1 category/domains/tags; matched: none.,SRC_INTERNAL_HEURISTIC_V0_2,needs_review
ENT_KERES,classical_planet,jupiter,0,low,Algorithmic seed score from v0.1 category/domains/tags; matched: none.,SRC_INTERNAL_HEURISTIC_V0_2,needs_review
ENT_KERES,classical_planet,saturn,4,medium,"Algorithmic seed score from v0.1 category/domains/tags; matched: underworld, death.",SRC_INTERNAL_HEURISTIC_V0_2,needs_review
ENT_ACHLYS,classical_element,earth,5,medium,"Algorithmic seed score from v0.1 category/domains/tags; matched: chthonic, underworld.",SRC_INTERNAL_HEURISTIC_V0_2,needs_review
ENT_ACHLYS,classical_element,water,0,low,Algorithmic seed score from v0.1 category/domains/tags; matched: none.,SRC_INTERNAL_HEURISTIC_V0_2,needs_review
ENT_ACHLYS,classical_element,fire,0,low,Algorithmic seed score from v0.1 category/domains/tags; matched: none.,SRC_INTERNAL_HEURISTIC_V0_2,needs_review
ENT_ACHLYS,classical_element,air,0,low,Algorithmic seed score from v0.1 category/domains/tags; matched: none.,SRC_INTERNAL_HEURISTIC_V0_2,needs_review
ENT_ACHLYS,classical_planet,moon,2,low,Algorithmic seed score from v0.1 category/domains/tags; matched: underworld.,SRC_INTERNAL_HEURISTIC_V0_2,needs_review
ENT_ACHLYS,classical_planet,mercury,0,low,Algorithmic seed score from v0.1 category/domains/tags; matched: none.,SRC_INTERNAL_HEURISTIC_V0_2,needs_review
ENT_ACHLYS,classical_planet,venus,0,low,Algorithmic seed score from v0.1 category/domains/tags; matched: none.,SRC_INTERNAL_HEURISTIC_V0_2,needs_review
ENT_ACHLYS,classical_planet,sun,0,low,Algorithmic seed score from v0.1 category/domains/tags; matched: none.,SRC_INTERNAL_HEURISTIC_V0_2,needs_review
ENT_ACHLYS,classical_planet,mars,0,low,Algorithmic seed score from v0.1 category/domains/tags; matched: none.,SRC_INTERNAL_HEURISTIC_V0_2,needs_review
ENT_ACHLYS,classical_planet,jupiter,0,low,Algorithmic seed score from v0.1 category/domains/tags; matched: none.,SRC_INTERNAL_HEURISTIC_V0_2,needs_review
ENT_ACHLYS,classical_planet,saturn,4,medium,"Algorithmic seed score from v0.1 category/domains/tags; matched: underworld, death.",SRC_INTERNAL_HEURISTIC_V0_2,needs_review
ENT_MACARIA,classical_element,earth,5,medium,"Algorithmic seed score from v0.1 category/domains/tags; matched: chthonic, underworld.",SRC_INTERNAL_HEURISTIC_V0_2,needs_review
ENT_MACARIA,classical_element,water,0,low,Algorithmic seed score from v0.1 category/domains/tags; matched: none.,SRC_INTERNAL_HEURISTIC_V0_2,needs_review
ENT_MACARIA,classical_element,fire,0,low,Algorithmic seed score from v0.1 category/domains/tags; matched: none.,SRC_INTERNAL_HEURISTIC_V0_2,needs_review
ENT_MACARIA,classical_element,air,0,low,Algorithmic seed score from v0.1 category/domains/tags; matched: none.,SRC_INTERNAL_HEURISTIC_V0_2,needs_review
ENT_MACARIA,classical_planet,moon,2,low,Algorithmic seed score from v0.1 category/domains/tags; matched: underworld.,SRC_INTERNAL_HEURISTIC_V0_2,needs_review
ENT_MACARIA,classical_planet,mercury,0,low,Algorithmic seed score from v0.1 category/domains/tags; matched: none.,SRC_INTERNAL_HEURISTIC_V0_2,needs_review
ENT_MACARIA,classical_planet,venus,0,low,Algorithmic seed score from v0.1 category/domains/tags; matched: none.,SRC_INTERNAL_HEURISTIC_V0_2,needs_review
ENT_MACARIA,classical_planet,sun,0,low,Algorithmic seed score from v0.1 category/domains/tags; matched: none.,SRC_INTERNAL_HEURISTIC_V0_2,needs_review
ENT_MACARIA,classical_planet,mars,0,low,Algorithmic seed score from v0.1 category/domains/tags; matched: none.,SRC_INTERNAL_HEURISTIC_V0_2,needs_review
ENT_MACARIA,classical_planet,jupiter,0,low,Algorithmic seed score from v0.1 category/domains/tags; matched: none.,SRC_INTERNAL_HEURISTIC_V0_2,needs_review
ENT_MACARIA,classical_planet,saturn,4,medium,"Algorithmic seed score from v0.1 category/domains/tags; matched: underworld, death.",SRC_INTERNAL_HEURISTIC_V0_2,needs_review
ENT_MELINOE,classical_element,earth,5,medium,"Algorithmic seed score from v0.1 category/domains/tags; matched: chthonic, underworld.",SRC_INTERNAL_HEURISTIC_V0_2,needs_review
ENT_MELINOE,classical_element,water,0,low,Algorithmic seed score from v0.1 category/domains/tags; matched: none.,SRC_INTERNAL_HEURISTIC_V0_2,needs_review
ENT_MELINOE,classical_element,fire,0,low,Algorithmic seed score from v0.1 category/domains/tags; matched: none.,SRC_INTERNAL_HEURISTIC_V0_2,needs_review
ENT_MELINOE,classical_element,air,0,low,Algorithmic seed score from v0.1 category/domains/tags; matched: none.,SRC_INTERNAL_HEURISTIC_V0_2,needs_review
ENT_MELINOE,classical_planet,moon,4,medium,"Algorithmic seed score from v0.1 category/domains/tags; matched: night, underworld.",SRC_INTERNAL_HEURISTIC_V0_2,needs_review
ENT_MELINOE,classical_planet,mercury,0,low,Algorithmic seed score from v0.1 category/domains/tags; matched: none.,SRC_INTERNAL_HEURISTIC_V0_2,needs_review
ENT_MELINOE,classical_planet,venus,0,low,Algorithmic seed score from v0.1 category/domains/tags; matched: none.,SRC_INTERNAL_HEURISTIC_V0_2,needs_review
ENT_MELINOE,classical_planet,sun,0,low,Algorithmic seed score from v0.1 category/domains/tags; matched: none.,SRC_INTERNAL_HEURISTIC_V0_2,needs_review
ENT_MELINOE,classical_planet,mars,0,low,Algorithmic seed score from v0.1 category/domains/tags; matched: none.,SRC_INTERNAL_HEURISTIC_V0_2,needs_review
ENT_MELINOE,classical_planet,jupiter,0,low,Algorithmic seed score from v0.1 category/domains/tags; matched: none.,SRC_INTERNAL_HEURISTIC_V0_2,needs_review
ENT_MELINOE,classical_planet,saturn,4,medium,Algorithmic seed score from v0.1 category/domains/tags; matched: underworld.,SRC_INTERNAL_HEURISTIC_V0_2,needs_review
ENT_ZAGREUS,classical_element,earth,5,medium,"Algorithmic seed score from v0.1 category/domains/tags; matched: chthonic, underworld.",SRC_INTERNAL_HEURISTIC_V0_2,needs_review
ENT_ZAGREUS,classical_element,water,0,low,Algorithmic seed score from v0.1 category/domains/tags; matched: none.,SRC_INTERNAL_HEURISTIC_V0_2,needs_review
ENT_ZAGREUS,classical_element,fire,0,low,Algorithmic seed score from v0.1 category/domains/tags; matched: none.,SRC_INTERNAL_HEURISTIC_V0_2,needs_review
ENT_ZAGREUS,classical_element,air,0,low,Algorithmic seed score from v0.1 category/domains/tags; matched: none.,SRC_INTERNAL_HEURISTIC_V0_2,needs_review
ENT_ZAGREUS,classical_planet,moon,2,low,Algorithmic seed score from v0.1 category/domains/tags; matched: underworld.,SRC_INTERNAL_HEURISTIC_V0_2,needs_review
ENT_ZAGREUS,classical_planet,mercury,0,low,Algorithmic seed score from v0.1 category/domains/tags; matched: none.,SRC_INTERNAL_HEURISTIC_V0_2,needs_review
ENT_ZAGREUS,classical_planet,venus,0,low,Algorithmic seed score from v0.1 category/domains/tags; matched: none.,SRC_INTERNAL_HEURISTIC_V0_2,needs_review
ENT_ZAGREUS,classical_planet,sun,0,low,Algorithmic seed score from v0.1 category/domains/tags; matched: none.,SRC_INTERNAL_HEURISTIC_V0_2,needs_review
ENT_ZAGREUS,classical_planet,mars,0,low,Algorithmic seed score from v0.1 category/domains/tags; matched: none.,SRC_INTERNAL_HEURISTIC_V0_2,needs_review
ENT_ZAGREUS,classical_planet,jupiter,0,low,Algorithmic seed score from v0.1 category/domains/tags; matched: none.,SRC_INTERNAL_HEURISTIC_V0_2,needs_review
ENT_ZAGREUS,classical_planet,saturn,4,medium,Algorithmic seed score from v0.1 category/domains/tags; matched: underworld.,SRC_INTERNAL_HEURISTIC_V0_2,needs_review
ENT_BRIMO,classical_element,earth,5,medium,"Algorithmic seed score from v0.1 category/domains/tags; matched: chthonic, underworld.",SRC_INTERNAL_HEURISTIC_V0_2,needs_review
ENT_BRIMO,classical_element,water,0,low,Algorithmic seed score from v0.1 category/domains/tags; matched: none.,SRC_INTERNAL_HEURISTIC_V0_2,needs_review
ENT_BRIMO,classical_element,fire,0,low,Algorithmic seed score from v0.1 category/domains/tags; matched: none.,SRC_INTERNAL_HEURISTIC_V0_2,needs_review
ENT_BRIMO,classical_element,air,0,low,Algorithmic seed score from v0.1 category/domains/tags; matched: none.,SRC_INTERNAL_HEURISTIC_V0_2,needs_review
ENT_BRIMO,classical_planet,moon,2,low,Algorithmic seed score from v0.1 category/domains/tags; matched: underworld.,SRC_INTERNAL_HEURISTIC_V0_2,needs_review
ENT_BRIMO,classical_planet,mercury,0,low,Algorithmic seed score from v0.1 category/domains/tags; matched: none.,SRC_INTERNAL_HEURISTIC_V0_2,needs_review
ENT_BRIMO,classical_planet,venus,0,low,Algorithmic seed score from v0.1 category/domains/tags; matched: none.,SRC_INTERNAL_HEURISTIC_V0_2,needs_review
ENT_BRIMO,classical_planet,sun,0,low,Algorithmic seed score from v0.1 category/domains/tags; matched: none.,SRC_INTERNAL_HEURISTIC_V0_2,needs_review
ENT_BRIMO,classical_planet,mars,0,low,Algorithmic seed score from v0.1 category/domains/tags; matched: none.,SRC_INTERNAL_HEURISTIC_V0_2,needs_review
ENT_BRIMO,classical_planet,jupiter,0,low,Algorithmic seed score from v0.1 category/domains/tags; matched: none.,SRC_INTERNAL_HEURISTIC_V0_2,needs_review
ENT_BRIMO,classical_planet,saturn,4,medium,Algorithmic seed score from v0.1 category/domains/tags; matched: underworld.,SRC_INTERNAL_HEURISTIC_V0_2,needs_review
ENT_DESPOINA,classical_element,earth,5,medium,"Algorithmic seed score from v0.1 category/domains/tags; matched: earth, chthonic, underworld.",SRC_INTERNAL_HEURISTIC_V0_2,needs_review
ENT_DESPOINA,classical_element,water,0,low,Algorithmic seed score from v0.1 category/domains/tags; matched: none.,SRC_INTERNAL_HEURISTIC_V0_2,needs_review
ENT_DESPOINA,classical_element,fire,0,low,Algorithmic seed score from v0.1 category/domains/tags; matched: none.,SRC_INTERNAL_HEURISTIC_V0_2,needs_review
ENT_DESPOINA,classical_element,air,0,low,Algorithmic seed score from v0.1 category/domains/tags; matched: none.,SRC_INTERNAL_HEURISTIC_V0_2,needs_review
ENT_DESPOINA,classical_planet,moon,2,low,Algorithmic seed score from v0.1 category/domains/tags; matched: underworld.,SRC_INTERNAL_HEURISTIC_V0_2,needs_review
ENT_DESPOINA,classical_planet,mercury,0,low,Algorithmic seed score from v0.1 category/domains/tags; matched: none.,SRC_INTERNAL_HEURISTIC_V0_2,needs_review
ENT_DESPOINA,classical_planet,venus,0,low,Algorithmic seed score from v0.1 category/domains/tags; matched: none.,SRC_INTERNAL_HEURISTIC_V0_2,needs_review
ENT_DESPOINA,classical_planet,sun,0,low,Algorithmic seed score from v0.1 category/domains/tags; matched: none.,SRC_INTERNAL_HEURISTIC_V0_2,needs_review
ENT_DESPOINA,classical_planet,mars,0,low,Algorithmic seed score from v0.1 category/domains/tags; matched: none.,SRC_INTERNAL_HEURISTIC_V0_2,needs_review
ENT_DESPOINA,classical_planet,jupiter,0,low,Algorithmic seed score from v0.1 category/domains/tags; matched: none.,SRC_INTERNAL_HEURISTIC_V0_2,needs_review
ENT_DESPOINA,classical_planet,saturn,4,medium,Algorithmic seed score from v0.1 category/domains/tags; matched: underworld.,SRC_INTERNAL_HEURISTIC_V0_2,needs_review
ENT_AEACUS,classical_element,earth,5,medium,"Algorithmic seed score from v0.1 category/domains/tags; matched: chthonic, underworld.",SRC_INTERNAL_HEURISTIC_V0_2,needs_review
ENT_AEACUS,classical_element,water,0,low,Algorithmic seed score from v0.1 category/domains/tags; matched: none.,SRC_INTERNAL_HEURISTIC_V0_2,needs_review
ENT_AEACUS,classical_element,fire,0,low,Algorithmic seed score from v0.1 category/domains/tags; matched: none.,SRC_INTERNAL_HEURISTIC_V0_2,needs_review
ENT_AEACUS,classical_element,air,0,low,Algorithmic seed score from v0.1 category/domains/tags; matched: none.,SRC_INTERNAL_HEURISTIC_V0_2,needs_review
ENT_AEACUS,classical_planet,moon,2,low,Algorithmic seed score from v0.1 category/domains/tags; matched: underworld.,SRC_INTERNAL_HEURISTIC_V0_2,needs_review
ENT_AEACUS,classical_planet,mercury,0,low,Algorithmic seed score from v0.1 category/domains/tags; matched: none.,SRC_INTERNAL_HEURISTIC_V0_2,needs_review
ENT_AEACUS,classical_planet,venus,0,low,Algorithmic seed score from v0.1 category/domains/tags; matched: none.,SRC_INTERNAL_HEURISTIC_V0_2,needs_review
ENT_AEACUS,classical_planet,sun,0,low,Algorithmic seed score from v0.1 category/domains/tags; matched: none.,SRC_INTERNAL_HEURISTIC_V0_2,needs_review
ENT_AEACUS,classical_planet,mars,0,low,Algorithmic seed score from v0.1 category/domains/tags; matched: none.,SRC_INTERNAL_HEURISTIC_V0_2,needs_review
ENT_AEACUS,classical_planet,jupiter,0,low,Algorithmic seed score from v0.1 category/domains/tags; matched: none.,SRC_INTERNAL_HEURISTIC_V0_2,needs_review
ENT_AEACUS,classical_planet,saturn,4,medium,Algorithmic seed score from v0.1 category/domains/tags; matched: underworld.,SRC_INTERNAL_HEURISTIC_V0_2,needs_review
ENT_MINOS,classical_element,earth,5,medium,"Algorithmic seed score from v0.1 category/domains/tags; matched: chthonic, underworld.",SRC_INTERNAL_HEURISTIC_V0_2,needs_review
ENT_MINOS,classical_element,water,0,low,Algorithmic seed score from v0.1 category/domains/tags; matched: none.,SRC_INTERNAL_HEURISTIC_V0_2,needs_review
ENT_MINOS,classical_element,fire,0,low,Algorithmic seed score from v0.1 category/domains/tags; matched: none.,SRC_INTERNAL_HEURISTIC_V0_2,needs_review
ENT_MINOS,classical_element,air,0,low,Algorithmic seed score from v0.1 category/domains/tags; matched: none.,SRC_INTERNAL_HEURISTIC_V0_2,needs_review
ENT_MINOS,classical_planet,moon,2,low,Algorithmic seed score from v0.1 category/domains/tags; matched: underworld.,SRC_INTERNAL_HEURISTIC_V0_2,needs_review
ENT_MINOS,classical_planet,mercury,0,low,Algorithmic seed score from v0.1 category/domains/tags; matched: none.,SRC_INTERNAL_HEURISTIC_V0_2,needs_review
ENT_MINOS,classical_planet,venus,0,low,Algorithmic seed score from v0.1 category/domains/tags; matched: none.,SRC_INTERNAL_HEURISTIC_V0_2,needs_review
ENT_MINOS,classical_planet,sun,0,low,Algorithmic seed score from v0.1 category/domains/tags; matched: none.,SRC_INTERNAL_HEURISTIC_V0_2,needs_review
ENT_MINOS,classical_planet,mars,0,low,Algorithmic seed score from v0.1 category/domains/tags; matched: none.,SRC_INTERNAL_HEURISTIC_V0_2,needs_review
ENT_MINOS,classical_planet,jupiter,0,low,Algorithmic seed score from v0.1 category/domains/tags; matched: none.,SRC_INTERNAL_HEURISTIC_V0_2,needs_review
ENT_MINOS,classical_planet,saturn,4,medium,Algorithmic seed score from v0.1 category/domains/tags; matched: underworld.,SRC_INTERNAL_HEURISTIC_V0_2,needs_review
ENT_RHADAMANTHYS,classical_element,earth,5,medium,"Algorithmic seed score from v0.1 category/domains/tags; matched: chthonic, underworld.",SRC_INTERNAL_HEURISTIC_V0_2,needs_review
ENT_RHADAMANTHYS,classical_element,water,0,low,Algorithmic seed score from v0.1 category/domains/tags; matched: none.,SRC_INTERNAL_HEURISTIC_V0_2,needs_review
ENT_RHADAMANTHYS,classical_element,fire,0,low,Algorithmic seed score from v0.1 category/domains/tags; matched: none.,SRC_INTERNAL_HEURISTIC_V0_2,needs_review
ENT_RHADAMANTHYS,classical_element,air,0,low,Algorithmic seed score from v0.1 category/domains/tags; matched: none.,SRC_INTERNAL_HEURISTIC_V0_2,needs_review
ENT_RHADAMANTHYS,classical_planet,moon,2,low,Algorithmic seed score from v0.1 category/domains/tags; matched: underworld.,SRC_INTERNAL_HEURISTIC_V0_2,needs_review
ENT_RHADAMANTHYS,classical_planet,mercury,0,low,Algorithmic seed score from v0.1 category/domains/tags; matched: none.,SRC_INTERNAL_HEURISTIC_V0_2,needs_review
ENT_RHADAMANTHYS,classical_planet,venus,0,low,Algorithmic seed score from v0.1 category/domains/tags; matched: none.,SRC_INTERNAL_HEURISTIC_V0_2,needs_review
ENT_RHADAMANTHYS,classical_planet,sun,0,low,Algorithmic seed score from v0.1 category/domains/tags; matched: none.,SRC_INTERNAL_HEURISTIC_V0_2,needs_review
ENT_RHADAMANTHYS,classical_planet,mars,0,low,Algorithmic seed score from v0.1 category/domains/tags; matched: none.,SRC_INTERNAL_HEURISTIC_V0_2,needs_review
ENT_RHADAMANTHYS,classical_planet,jupiter,0,low,Algorithmic seed score from v0.1 category/domains/tags; matched: none.,SRC_INTERNAL_HEURISTIC_V0_2,needs_review
ENT_RHADAMANTHYS,classical_planet,saturn,4,medium,Algorithmic seed score from v0.1 category/domains/tags; matched: underworld.,SRC_INTERNAL_HEURISTIC_V0_2,needs_review
ENT_ASCALAPHUS,classical_element,earth,5,medium,"Algorithmic seed score from v0.1 category/domains/tags; matched: chthonic, underworld.",SRC_INTERNAL_HEURISTIC_V0_2,needs_review
ENT_ASCALAPHUS,classical_element,water,0,low,Algorithmic seed score from v0.1 category/domains/tags; matched: none.,SRC_INTERNAL_HEURISTIC_V0_2,needs_review
ENT_ASCALAPHUS,classical_element,fire,0,low,Algorithmic seed score from v0.1 category/domains/tags; matched: none.,SRC_INTERNAL_HEURISTIC_V0_2,needs_review
ENT_ASCALAPHUS,classical_element,air,0,low,Algorithmic seed score from v0.1 category/domains/tags; matched: none.,SRC_INTERNAL_HEURISTIC_V0_2,needs_review
ENT_ASCALAPHUS,classical_planet,moon,2,low,Algorithmic seed score from v0.1 category/domains/tags; matched: underworld.,SRC_INTERNAL_HEURISTIC_V0_2,needs_review
ENT_ASCALAPHUS,classical_planet,mercury,0,low,Algorithmic seed score from v0.1 category/domains/tags; matched: none.,SRC_INTERNAL_HEURISTIC_V0_2,needs_review
ENT_ASCALAPHUS,classical_planet,venus,0,low,Algorithmic seed score from v0.1 category/domains/tags; matched: none.,SRC_INTERNAL_HEURISTIC_V0_2,needs_review
ENT_ASCALAPHUS,classical_planet,sun,0,low,Algorithmic seed score from v0.1 category/domains/tags; matched: none.,SRC_INTERNAL_HEURISTIC_V0_2,needs_review
ENT_ASCALAPHUS,classical_planet,mars,0,low,Algorithmic seed score from v0.1 category/domains/tags; matched: none.,SRC_INTERNAL_HEURISTIC_V0_2,needs_review
ENT_ASCALAPHUS,classical_planet,jupiter,0,low,Algorithmic seed score from v0.1 category/domains/tags; matched: none.,SRC_INTERNAL_HEURISTIC_V0_2,needs_review
ENT_ASCALAPHUS,classical_planet,saturn,4,medium,Algorithmic seed score from v0.1 category/domains/tags; matched: underworld.,SRC_INTERNAL_HEURISTIC_V0_2,needs_review
ENT_LEUCE,classical_element,earth,5,medium,"Algorithmic seed score from v0.1 category/domains/tags; matched: chthonic, underworld, nymph.",SRC_INTERNAL_HEURISTIC_V0_2,needs_review
ENT_LEUCE,classical_element,water,0,low,Algorithmic seed score from v0.1 category/domains/tags; matched: none.,SRC_INTERNAL_HEURISTIC_V0_2,needs_review
ENT_LEUCE,classical_element,fire,0,low,Algorithmic seed score from v0.1 category/domains/tags; matched: none.,SRC_INTERNAL_HEURISTIC_V0_2,needs_review
ENT_LEUCE,classical_element,air,0,low,Algorithmic seed score from v0.1 category/domains/tags; matched: none.,SRC_INTERNAL_HEURISTIC_V0_2,needs_review
ENT_LEUCE,classical_planet,moon,2,low,Algorithmic seed score from v0.1 category/domains/tags; matched: underworld.,SRC_INTERNAL_HEURISTIC_V0_2,needs_review
ENT_LEUCE,classical_planet,mercury,0,low,Algorithmic seed score from v0.1 category/domains/tags; matched: none.,SRC_INTERNAL_HEURISTIC_V0_2,needs_review
ENT_LEUCE,classical_planet,venus,2,low,Algorithmic seed score from v0.1 category/domains/tags; matched: nymph.,SRC_INTERNAL_HEURISTIC_V0_2,needs_review
ENT_LEUCE,classical_planet,sun,0,low,Algorithmic seed score from v0.1 category/domains/tags; matched: none.,SRC_INTERNAL_HEURISTIC_V0_2,needs_review
ENT_LEUCE,classical_planet,mars,0,low,Algorithmic seed score from v0.1 category/domains/tags; matched: none.,SRC_INTERNAL_HEURISTIC_V0_2,needs_review
ENT_LEUCE,classical_planet,jupiter,0,low,Algorithmic seed score from v0.1 category/domains/tags; matched: none.,SRC_INTERNAL_HEURISTIC_V0_2,needs_review
ENT_LEUCE,classical_planet,saturn,4,medium,Algorithmic seed score from v0.1 category/domains/tags; matched: underworld.,SRC_INTERNAL_HEURISTIC_V0_2,needs_review
ENT_MINTHE,classical_element,earth,5,medium,"Algorithmic seed score from v0.1 category/domains/tags; matched: chthonic, underworld, nymph.",SRC_INTERNAL_HEURISTIC_V0_2,needs_review
ENT_MINTHE,classical_element,water,0,low,Algorithmic seed score from v0.1 category/domains/tags; matched: none.,SRC_INTERNAL_HEURISTIC_V0_2,needs_review
ENT_MINTHE,classical_element,fire,0,low,Algorithmic seed score from v0.1 category/domains/tags; matched: none.,SRC_INTERNAL_HEURISTIC_V0_2,needs_review
ENT_MINTHE,classical_element,air,0,low,Algorithmic seed score from v0.1 category/domains/tags; matched: none.,SRC_INTERNAL_HEURISTIC_V0_2,needs_review
ENT_MINTHE,classical_planet,moon,2,low,Algorithmic seed score from v0.1 category/domains/tags; matched: underworld.,SRC_INTERNAL_HEURISTIC_V0_2,needs_review
ENT_MINTHE,classical_planet,mercury,0,low,Algorithmic seed score from v0.1 category/domains/tags; matched: none.,SRC_INTERNAL_HEURISTIC_V0_2,needs_review
ENT_MINTHE,classical_planet,venus,2,low,Algorithmic seed score from v0.1 category/domains/tags; matched: nymph.,SRC_INTERNAL_HEURISTIC_V0_2,needs_review
ENT_MINTHE,classical_planet,sun,0,low,Algorithmic seed score from v0.1 category/domains/tags; matched: none.,SRC_INTERNAL_HEURISTIC_V0_2,needs_review
ENT_MINTHE,classical_planet,mars,0,low,Algorithmic seed score from v0.1 category/domains/tags; matched: none.,SRC_INTERNAL_HEURISTIC_V0_2,needs_review
ENT_MINTHE,classical_planet,jupiter,0,low,Algorithmic seed score from v0.1 category/domains/tags; matched: none.,SRC_INTERNAL_HEURISTIC_V0_2,needs_review
ENT_MINTHE,classical_planet,saturn,4,medium,Algorithmic seed score from v0.1 category/domains/tags; matched: underworld.,SRC_INTERNAL_HEURISTIC_V0_2,needs_review
ENT_HADES_KLYMENOS,classical_element,earth,5,medium,"Algorithmic seed score from v0.1 category/domains/tags; matched: chthonic, underworld.",SRC_INTERNAL_HEURISTIC_V0_2,needs_review
ENT_HADES_KLYMENOS,classical_element,water,0,low,Algorithmic seed score from v0.1 category/domains/tags; matched: none.,SRC_INTERNAL_HEURISTIC_V0_2,needs_review
ENT_HADES_KLYMENOS,classical_element,fire,0,low,Algorithmic seed score from v0.1 category/domains/tags; matched: none.,SRC_INTERNAL_HEURISTIC_V0_2,needs_review
ENT_HADES_KLYMENOS,classical_element,air,0,low,Algorithmic seed score from v0.1 category/domains/tags; matched: none.,SRC_INTERNAL_HEURISTIC_V0_2,needs_review
ENT_HADES_KLYMENOS,classical_planet,moon,2,low,Algorithmic seed score from v0.1 category/domains/tags; matched: underworld.,SRC_INTERNAL_HEURISTIC_V0_2,needs_review
ENT_HADES_KLYMENOS,classical_planet,mercury,0,low,Algorithmic seed score from v0.1 category/domains/tags; matched: none.,SRC_INTERNAL_HEURISTIC_V0_2,needs_review
ENT_HADES_KLYMENOS,classical_planet,venus,0,low,Algorithmic seed score from v0.1 category/domains/tags; matched: none.,SRC_INTERNAL_HEURISTIC_V0_2,needs_review
ENT_HADES_KLYMENOS,classical_planet,sun,0,low,Algorithmic seed score from v0.1 category/domains/tags; matched: none.,SRC_INTERNAL_HEURISTIC_V0_2,needs_review
ENT_HADES_KLYMENOS,classical_planet,mars,0,low,Algorithmic seed score from v0.1 category/domains/tags; matched: none.,SRC_INTERNAL_HEURISTIC_V0_2,needs_review
ENT_HADES_KLYMENOS,classical_planet,jupiter,0,low,Algorithmic seed score from v0.1 category/domains/tags; matched: none.,SRC_INTERNAL_HEURISTIC_V0_2,needs_review
ENT_HADES_KLYMENOS,classical_planet,saturn,4,medium,Algorithmic seed score from v0.1 category/domains/tags; matched: underworld.,SRC_INTERNAL_HEURISTIC_V0_2,needs_review
ENT_TROPHONIUS,classical_element,earth,5,medium,"Algorithmic seed score from v0.1 category/domains/tags; matched: chthonic, underworld, cave.",SRC_INTERNAL_HEURISTIC_V0_2,needs_review
ENT_TROPHONIUS,classical_element,water,0,low,Algorithmic seed score from v0.1 category/domains/tags; matched: none.,SRC_INTERNAL_HEURISTIC_V0_2,needs_review
ENT_TROPHONIUS,classical_element,fire,0,low,Algorithmic seed score from v0.1 category/domains/tags; matched: none.,SRC_INTERNAL_HEURISTIC_V0_2,needs_review
ENT_TROPHONIUS,classical_element,air,0,low,Algorithmic seed score from v0.1 category/domains/tags; matched: none.,SRC_INTERNAL_HEURISTIC_V0_2,needs_review
ENT_TROPHONIUS,classical_planet,moon,2,low,Algorithmic seed score from v0.1 category/domains/tags; matched: underworld.,SRC_INTERNAL_HEURISTIC_V0_2,needs_review
ENT_TROPHONIUS,classical_planet,mercury,0,low,Algorithmic seed score from v0.1 category/domains/tags; matched: none.,SRC_INTERNAL_HEURISTIC_V0_2,needs_review
ENT_TROPHONIUS,classical_planet,venus,0,low,Algorithmic seed score from v0.1 category/domains/tags; matched: none.,SRC_INTERNAL_HEURISTIC_V0_2,needs_review
ENT_TROPHONIUS,classical_planet,sun,0,low,Algorithmic seed score from v0.1 category/domains/tags; matched: none.,SRC_INTERNAL_HEURISTIC_V0_2,needs_review
ENT_TROPHONIUS,classical_planet,mars,0,low,Algorithmic seed score from v0.1 category/domains/tags; matched: none.,SRC_INTERNAL_HEURISTIC_V0_2,needs_review
ENT_TROPHONIUS,classical_planet,jupiter,0,low,Algorithmic seed score from v0.1 category/domains/tags; matched: none.,SRC_INTERNAL_HEURISTIC_V0_2,needs_review
ENT_TROPHONIUS,classical_planet,saturn,4,medium,Algorithmic seed score from v0.1 category/domains/tags; matched: underworld.,SRC_INTERNAL_HEURISTIC_V0_2,needs_review
ENT_AMPHIARAUS,classical_element,earth,5,medium,"Algorithmic seed score from v0.1 category/domains/tags; matched: chthonic, underworld.",SRC_INTERNAL_HEURISTIC_V0_2,needs_review
ENT_AMPHIARAUS,classical_element,water,0,low,Algorithmic seed score from v0.1 category/domains/tags; matched: none.,SRC_INTERNAL_HEURISTIC_V0_2,needs_review
ENT_AMPHIARAUS,classical_element,fire,0,low,Algorithmic seed score from v0.1 category/domains/tags; matched: none.,SRC_INTERNAL_HEURISTIC_V0_2,needs_review
ENT_AMPHIARAUS,classical_element,air,2,low,Algorithmic seed score from v0.1 category/domains/tags; matched: dream.,SRC_INTERNAL_HEURISTIC_V0_2,needs_review
ENT_AMPHIARAUS,classical_planet,moon,3,low,"Algorithmic seed score from v0.1 category/domains/tags; matched: dream, underworld.",SRC_INTERNAL_HEURISTIC_V0_2,needs_review
ENT_AMPHIARAUS,classical_planet,mercury,2,low,Algorithmic seed score from v0.1 category/domains/tags; matched: dream.,SRC_INTERNAL_HEURISTIC_V0_2,needs_review
ENT_AMPHIARAUS,classical_planet,venus,0,low,Algorithmic seed score from v0.1 category/domains/tags; matched: none.,SRC_INTERNAL_HEURISTIC_V0_2,needs_review
ENT_AMPHIARAUS,classical_planet,sun,3,low,Algorithmic seed score from v0.1 category/domains/tags; matched: healing.,SRC_INTERNAL_HEURISTIC_V0_2,needs_review
ENT_AMPHIARAUS,classical_planet,mars,0,low,Algorithmic seed score from v0.1 category/domains/tags; matched: none.,SRC_INTERNAL_HEURISTIC_V0_2,needs_review
ENT_AMPHIARAUS,classical_planet,jupiter,0,low,Algorithmic seed score from v0.1 category/domains/tags; matched: none.,SRC_INTERNAL_HEURISTIC_V0_2,needs_review
ENT_AMPHIARAUS,classical_planet,saturn,4,medium,Algorithmic seed score from v0.1 category/domains/tags; matched: underworld.,SRC_INTERNAL_HEURISTIC_V0_2,needs_review
ENT_GLYCON,classical_element,earth,5,medium,"Algorithmic seed score from v0.1 category/domains/tags; matched: chthonic, underworld.",SRC_INTERNAL_HEURISTIC_V0_2,needs_review
ENT_GLYCON,classical_element,water,0,low,Algorithmic seed score from v0.1 category/domains/tags; matched: none.,SRC_INTERNAL_HEURISTIC_V0_2,needs_review
ENT_GLYCON,classical_element,fire,0,low,Algorithmic seed score from v0.1 category/domains/tags; matched: none.,SRC_INTERNAL_HEURISTIC_V0_2,needs_review
ENT_GLYCON,classical_element,air,2,low,Algorithmic seed score from v0.1 category/domains/tags; matched: prophecy.,SRC_INTERNAL_HEURISTIC_V0_2,needs_review
ENT_GLYCON,classical_planet,moon,2,low,Algorithmic seed score from v0.1 category/domains/tags; matched: underworld.,SRC_INTERNAL_HEURISTIC_V0_2,needs_review
ENT_GLYCON,classical_planet,mercury,3,low,Algorithmic seed score from v0.1 category/domains/tags; matched: prophecy.,SRC_INTERNAL_HEURISTIC_V0_2,needs_review
ENT_GLYCON,classical_planet,venus,0,low,Algorithmic seed score from v0.1 category/domains/tags; matched: none.,SRC_INTERNAL_HEURISTIC_V0_2,needs_review
ENT_GLYCON,classical_planet,sun,3,low,"Algorithmic seed score from v0.1 category/domains/tags; matched: prophecy, healing.",SRC_INTERNAL_HEURISTIC_V0_2,needs_review
ENT_GLYCON,classical_planet,mars,0,low,Algorithmic seed score from v0.1 category/domains/tags; matched: none.,SRC_INTERNAL_HEURISTIC_V0_2,needs_review
ENT_GLYCON,classical_planet,jupiter,0,low,Algorithmic seed score from v0.1 category/domains/tags; matched: none.,SRC_INTERNAL_HEURISTIC_V0_2,needs_review
ENT_GLYCON,classical_planet,saturn,4,medium,Algorithmic seed score from v0.1 category/domains/tags; matched: underworld.,SRC_INTERNAL_HEURISTIC_V0_2,needs_review
ENT_PYTHON,classical_element,earth,5,medium,"Algorithmic seed score from v0.1 category/domains/tags; matched: earth, chthonic, underworld.",SRC_INTERNAL_HEURISTIC_V0_2,needs_review
ENT_PYTHON,classical_element,water,0,low,Algorithmic seed score from v0.1 category/domains/tags; matched: none.,SRC_INTERNAL_HEURISTIC_V0_2,needs_review
ENT_PYTHON,classical_element,fire,0,low,Algorithmic seed score from v0.1 category/domains/tags; matched: none.,SRC_INTERNAL_HEURISTIC_V0_2,needs_review
ENT_PYTHON,classical_element,air,0,low,Algorithmic seed score from v0.1 category/domains/tags; matched: none.,SRC_INTERNAL_HEURISTIC_V0_2,needs_review
ENT_PYTHON,classical_planet,moon,2,low,Algorithmic seed score from v0.1 category/domains/tags; matched: underworld.,SRC_INTERNAL_HEURISTIC_V0_2,needs_review
ENT_PYTHON,classical_planet,mercury,0,low,Algorithmic seed score from v0.1 category/domains/tags; matched: none.,SRC_INTERNAL_HEURISTIC_V0_2,needs_review
ENT_PYTHON,classical_planet,venus,0,low,Algorithmic seed score from v0.1 category/domains/tags; matched: none.,SRC_INTERNAL_HEURISTIC_V0_2,needs_review
ENT_PYTHON,classical_planet,sun,0,low,Algorithmic seed score from v0.1 category/domains/tags; matched: none.,SRC_INTERNAL_HEURISTIC_V0_2,needs_review
ENT_PYTHON,classical_planet,mars,0,low,Algorithmic seed score from v0.1 category/domains/tags; matched: none.,SRC_INTERNAL_HEURISTIC_V0_2,needs_review
ENT_PYTHON,classical_planet,jupiter,0,low,Algorithmic seed score from v0.1 category/domains/tags; matched: none.,SRC_INTERNAL_HEURISTIC_V0_2,needs_review
ENT_PYTHON,classical_planet,saturn,4,medium,Algorithmic seed score from v0.1 category/domains/tags; matched: underworld.,SRC_INTERNAL_HEURISTIC_V0_2,needs_review
ENT_AGATHOS_DAIMON,classical_element,earth,5,medium,"Algorithmic seed score from v0.1 category/domains/tags; matched: chthonic, underworld.",SRC_INTERNAL_HEURISTIC_V0_2,needs_review
ENT_AGATHOS_DAIMON,classical_element,water,0,low,Algorithmic seed score from v0.1 category/domains/tags; matched: none.,SRC_INTERNAL_HEURISTIC_V0_2,needs_review
ENT_AGATHOS_DAIMON,classical_element,fire,0,low,Algorithmic seed score from v0.1 category/domains/tags; matched: none.,SRC_INTERNAL_HEURISTIC_V0_2,needs_review
ENT_AGATHOS_DAIMON,classical_element,air,0,low,Algorithmic seed score from v0.1 category/domains/tags; matched: none.,SRC_INTERNAL_HEURISTIC_V0_2,needs_review
ENT_AGATHOS_DAIMON,classical_planet,moon,2,low,Algorithmic seed score from v0.1 category/domains/tags; matched: underworld.,SRC_INTERNAL_HEURISTIC_V0_2,needs_review
ENT_AGATHOS_DAIMON,classical_planet,mercury,0,low,Algorithmic seed score from v0.1 category/domains/tags; matched: none.,SRC_INTERNAL_HEURISTIC_V0_2,needs_review
ENT_AGATHOS_DAIMON,classical_planet,venus,0,low,Algorithmic seed score from v0.1 category/domains/tags; matched: none.,SRC_INTERNAL_HEURISTIC_V0_2,needs_review
ENT_AGATHOS_DAIMON,classical_planet,sun,0,low,Algorithmic seed score from v0.1 category/domains/tags; matched: none.,SRC_INTERNAL_HEURISTIC_V0_2,needs_review
ENT_AGATHOS_DAIMON,classical_planet,mars,0,low,Algorithmic seed score from v0.1 category/domains/tags; matched: none.,SRC_INTERNAL_HEURISTIC_V0_2,needs_review
ENT_AGATHOS_DAIMON,classical_planet,jupiter,0,low,Algorithmic seed score from v0.1 category/domains/tags; matched: none.,SRC_INTERNAL_HEURISTIC_V0_2,needs_review
ENT_AGATHOS_DAIMON,classical_planet,saturn,4,medium,Algorithmic seed score from v0.1 category/domains/tags; matched: underworld.,SRC_INTERNAL_HEURISTIC_V0_2,needs_review
ENT_AIDOS,classical_element,earth,0,low,Algorithmic seed score from v0.1 category/domains/tags; matched: none.,SRC_INTERNAL_HEURISTIC_V0_2,needs_review
ENT_AIDOS,classical_element,water,0,low,Algorithmic seed score from v0.1 category/domains/tags; matched: none.,SRC_INTERNAL_HEURISTIC_V0_2,needs_review
ENT_AIDOS,classical_element,fire,0,low,Algorithmic seed score from v0.1 category/domains/tags; matched: none.,SRC_INTERNAL_HEURISTIC_V0_2,needs_review
ENT_AIDOS,classical_element,air,0,low,Algorithmic seed score from v0.1 category/domains/tags; matched: none.,SRC_INTERNAL_HEURISTIC_V0_2,needs_review
ENT_AIDOS,classical_planet,moon,0,low,Algorithmic seed score from v0.1 category/domains/tags; matched: none.,SRC_INTERNAL_HEURISTIC_V0_2,needs_review
ENT_AIDOS,classical_planet,mercury,0,low,Algorithmic seed score from v0.1 category/domains/tags; matched: none.,SRC_INTERNAL_HEURISTIC_V0_2,needs_review
ENT_AIDOS,classical_planet,venus,0,low,Algorithmic seed score from v0.1 category/domains/tags; matched: none.,SRC_INTERNAL_HEURISTIC_V0_2,needs_review
ENT_AIDOS,classical_planet,sun,0,low,Algorithmic seed score from v0.1 category/domains/tags; matched: none.,SRC_INTERNAL_HEURISTIC_V0_2,needs_review
ENT_AIDOS,classical_planet,mars,0,low,Algorithmic seed score from v0.1 category/domains/tags; matched: none.,SRC_INTERNAL_HEURISTIC_V0_2,needs_review
ENT_AIDOS,classical_planet,jupiter,0,low,Algorithmic seed score from v0.1 category/domains/tags; matched: none.,SRC_INTERNAL_HEURISTIC_V0_2,needs_review
ENT_AIDOS,classical_planet,saturn,0,low,Algorithmic seed score from v0.1 category/domains/tags; matched: none.,SRC_INTERNAL_HEURISTIC_V0_2,needs_review
ENT_ALGEA,classical_element,earth,0,low,Algorithmic seed score from v0.1 category/domains/tags; matched: none.,SRC_INTERNAL_HEURISTIC_V0_2,needs_review
ENT_ALGEA,classical_element,water,0,low,Algorithmic seed score from v0.1 category/domains/tags; matched: none.,SRC_INTERNAL_HEURISTIC_V0_2,needs_review
ENT_ALGEA,classical_element,fire,0,low,Algorithmic seed score from v0.1 category/domains/tags; matched: none.,SRC_INTERNAL_HEURISTIC_V0_2,needs_review
ENT_ALGEA,classical_element,air,0,low,Algorithmic seed score from v0.1 category/domains/tags; matched: none.,SRC_INTERNAL_HEURISTIC_V0_2,needs_review
ENT_ALGEA,classical_planet,moon,0,low,Algorithmic seed score from v0.1 category/domains/tags; matched: none.,SRC_INTERNAL_HEURISTIC_V0_2,needs_review
ENT_ALGEA,classical_planet,mercury,0,low,Algorithmic seed score from v0.1 category/domains/tags; matched: none.,SRC_INTERNAL_HEURISTIC_V0_2,needs_review
ENT_ALGEA,classical_planet,venus,0,low,Algorithmic seed score from v0.1 category/domains/tags; matched: none.,SRC_INTERNAL_HEURISTIC_V0_2,needs_review
ENT_ALGEA,classical_planet,sun,0,low,Algorithmic seed score from v0.1 category/domains/tags; matched: none.,SRC_INTERNAL_HEURISTIC_V0_2,needs_review
ENT_ALGEA,classical_planet,mars,0,low,Algorithmic seed score from v0.1 category/domains/tags; matched: none.,SRC_INTERNAL_HEURISTIC_V0_2,needs_review
ENT_ALGEA,classical_planet,jupiter,0,low,Algorithmic seed score from v0.1 category/domains/tags; matched: none.,SRC_INTERNAL_HEURISTIC_V0_2,needs_review
ENT_ALGEA,classical_planet,saturn,0,low,Algorithmic seed score from v0.1 category/domains/tags; matched: none.,SRC_INTERNAL_HEURISTIC_V0_2,needs_review
ENT_ALKE,classical_element,earth,0,low,Algorithmic seed score from v0.1 category/domains/tags; matched: none.,SRC_INTERNAL_HEURISTIC_V0_2,needs_review
ENT_ALKE,classical_element,water,0,low,Algorithmic seed score from v0.1 category/domains/tags; matched: none.,SRC_INTERNAL_HEURISTIC_V0_2,needs_review
ENT_ALKE,classical_element,fire,0,low,Algorithmic seed score from v0.1 category/domains/tags; matched: none.,SRC_INTERNAL_HEURISTIC_V0_2,needs_review
ENT_ALKE,classical_element,air,0,low,Algorithmic seed score from v0.1 category/domains/tags; matched: none.,SRC_INTERNAL_HEURISTIC_V0_2,needs_review
ENT_ALKE,classical_planet,moon,0,low,Algorithmic seed score from v0.1 category/domains/tags; matched: none.,SRC_INTERNAL_HEURISTIC_V0_2,needs_review
ENT_ALKE,classical_planet,mercury,0,low,Algorithmic seed score from v0.1 category/domains/tags; matched: none.,SRC_INTERNAL_HEURISTIC_V0_2,needs_review
ENT_ALKE,classical_planet,venus,0,low,Algorithmic seed score from v0.1 category/domains/tags; matched: none.,SRC_INTERNAL_HEURISTIC_V0_2,needs_review
ENT_ALKE,classical_planet,sun,0,low,Algorithmic seed score from v0.1 category/domains/tags; matched: none.,SRC_INTERNAL_HEURISTIC_V0_2,needs_review
ENT_ALKE,classical_planet,mars,0,low,Algorithmic seed score from v0.1 category/domains/tags; matched: none.,SRC_INTERNAL_HEURISTIC_V0_2,needs_review
ENT_ALKE,classical_planet,jupiter,0,low,Algorithmic seed score from v0.1 category/domains/tags; matched: none.,SRC_INTERNAL_HEURISTIC_V0_2,needs_review
ENT_ALKE,classical_planet,saturn,0,low,Algorithmic seed score from v0.1 category/domains/tags; matched: none.,SRC_INTERNAL_HEURISTIC_V0_2,needs_review
ENT_AMECHANIA,classical_element,earth,0,low,Algorithmic seed score from v0.1 category/domains/tags; matched: none.,SRC_INTERNAL_HEURISTIC_V0_2,needs_review
ENT_AMECHANIA,classical_element,water,0,low,Algorithmic seed score from v0.1 category/domains/tags; matched: none.,SRC_INTERNAL_HEURISTIC_V0_2,needs_review
ENT_AMECHANIA,classical_element,fire,0,low,Algorithmic seed score from v0.1 category/domains/tags; matched: none.,SRC_INTERNAL_HEURISTIC_V0_2,needs_review
ENT_AMECHANIA,classical_element,air,0,low,Algorithmic seed score from v0.1 category/domains/tags; matched: none.,SRC_INTERNAL_HEURISTIC_V0_2,needs_review
ENT_AMECHANIA,classical_planet,moon,0,low,Algorithmic seed score from v0.1 category/domains/tags; matched: none.,SRC_INTERNAL_HEURISTIC_V0_2,needs_review
ENT_AMECHANIA,classical_planet,mercury,0,low,Algorithmic seed score from v0.1 category/domains/tags; matched: none.,SRC_INTERNAL_HEURISTIC_V0_2,needs_review
ENT_AMECHANIA,classical_planet,venus,0,low,Algorithmic seed score from v0.1 category/domains/tags; matched: none.,SRC_INTERNAL_HEURISTIC_V0_2,needs_review
ENT_AMECHANIA,classical_planet,sun,0,low,Algorithmic seed score from v0.1 category/domains/tags; matched: none.,SRC_INTERNAL_HEURISTIC_V0_2,needs_review
ENT_AMECHANIA,classical_planet,mars,0,low,Algorithmic seed score from v0.1 category/domains/tags; matched: none.,SRC_INTERNAL_HEURISTIC_V0_2,needs_review
ENT_AMECHANIA,classical_planet,jupiter,0,low,Algorithmic seed score from v0.1 category/domains/tags; matched: none.,SRC_INTERNAL_HEURISTIC_V0_2,needs_review
ENT_AMECHANIA,classical_planet,saturn,0,low,Algorithmic seed score from v0.1 category/domains/tags; matched: none.,SRC_INTERNAL_HEURISTIC_V0_2,needs_review
ENT_AMPHILOGIAI,classical_element,earth,0,low,Algorithmic seed score from v0.1 category/domains/tags; matched: none.,SRC_INTERNAL_HEURISTIC_V0_2,needs_review
ENT_AMPHILOGIAI,classical_element,water,0,low,Algorithmic seed score from v0.1 category/domains/tags; matched: none.,SRC_INTERNAL_HEURISTIC_V0_2,needs_review
ENT_AMPHILOGIAI,classical_element,fire,0,low,Algorithmic seed score from v0.1 category/domains/tags; matched: none.,SRC_INTERNAL_HEURISTIC_V0_2,needs_review
ENT_AMPHILOGIAI,classical_element,air,0,low,Algorithmic seed score from v0.1 category/domains/tags; matched: none.,SRC_INTERNAL_HEURISTIC_V0_2,needs_review
ENT_AMPHILOGIAI,classical_planet,moon,0,low,Algorithmic seed score from v0.1 category/domains/tags; matched: none.,SRC_INTERNAL_HEURISTIC_V0_2,needs_review
ENT_AMPHILOGIAI,classical_planet,mercury,0,low,Algorithmic seed score from v0.1 category/domains/tags; matched: none.,SRC_INTERNAL_HEURISTIC_V0_2,needs_review
ENT_AMPHILOGIAI,classical_planet,venus,0,low,Algorithmic seed score from v0.1 category/domains/tags; matched: none.,SRC_INTERNAL_HEURISTIC_V0_2,needs_review
ENT_AMPHILOGIAI,classical_planet,sun,0,low,Algorithmic seed score from v0.1 category/domains/tags; matched: none.,SRC_INTERNAL_HEURISTIC_V0_2,needs_review
ENT_AMPHILOGIAI,classical_planet,mars,0,low,Algorithmic seed score from v0.1 category/domains/tags; matched: none.,SRC_INTERNAL_HEURISTIC_V0_2,needs_review
ENT_AMPHILOGIAI,classical_planet,jupiter,0,low,Algorithmic seed score from v0.1 category/domains/tags; matched: none.,SRC_INTERNAL_HEURISTIC_V0_2,needs_review
ENT_AMPHILOGIAI,classical_planet,saturn,0,low,Algorithmic seed score from v0.1 category/domains/tags; matched: none.,SRC_INTERNAL_HEURISTIC_V0_2,needs_review
ENT_APATE,classical_element,earth,0,low,Algorithmic seed score from v0.1 category/domains/tags; matched: none.,SRC_INTERNAL_HEURISTIC_V0_2,needs_review
ENT_APATE,classical_element,water,0,low,Algorithmic seed score from v0.1 category/domains/tags; matched: none.,SRC_INTERNAL_HEURISTIC_V0_2,needs_review
ENT_APATE,classical_element,fire,0,low,Algorithmic seed score from v0.1 category/domains/tags; matched: none.,SRC_INTERNAL_HEURISTIC_V0_2,needs_review
ENT_APATE,classical_element,air,0,low,Algorithmic seed score from v0.1 category/domains/tags; matched: none.,SRC_INTERNAL_HEURISTIC_V0_2,needs_review
ENT_APATE,classical_planet,moon,0,low,Algorithmic seed score from v0.1 category/domains/tags; matched: none.,SRC_INTERNAL_HEURISTIC_V0_2,needs_review
ENT_APATE,classical_planet,mercury,0,low,Algorithmic seed score from v0.1 category/domains/tags; matched: none.,SRC_INTERNAL_HEURISTIC_V0_2,needs_review
ENT_APATE,classical_planet,venus,0,low,Algorithmic seed score from v0.1 category/domains/tags; matched: none.,SRC_INTERNAL_HEURISTIC_V0_2,needs_review
ENT_APATE,classical_planet,sun,0,low,Algorithmic seed score from v0.1 category/domains/tags; matched: none.,SRC_INTERNAL_HEURISTIC_V0_2,needs_review
ENT_APATE,classical_planet,mars,0,low,Algorithmic seed score from v0.1 category/domains/tags; matched: none.,SRC_INTERNAL_HEURISTIC_V0_2,needs_review
ENT_APATE,classical_planet,jupiter,0,low,Algorithmic seed score from v0.1 category/domains/tags; matched: none.,SRC_INTERNAL_HEURISTIC_V0_2,needs_review
ENT_APATE,classical_planet,saturn,0,low,Algorithmic seed score from v0.1 category/domains/tags; matched: none.,SRC_INTERNAL_HEURISTIC_V0_2,needs_review
ENT_ARETE,classical_element,earth,0,low,Algorithmic seed score from v0.1 category/domains/tags; matched: none.,SRC_INTERNAL_HEURISTIC_V0_2,needs_review
ENT_ARETE,classical_element,water,0,low,Algorithmic seed score from v0.1 category/domains/tags; matched: none.,SRC_INTERNAL_HEURISTIC_V0_2,needs_review
ENT_ARETE,classical_element,fire,0,low,Algorithmic seed score from v0.1 category/domains/tags; matched: none.,SRC_INTERNAL_HEURISTIC_V0_2,needs_review
ENT_ARETE,classical_element,air,0,low,Algorithmic seed score from v0.1 category/domains/tags; matched: none.,SRC_INTERNAL_HEURISTIC_V0_2,needs_review
ENT_ARETE,classical_planet,moon,0,low,Algorithmic seed score from v0.1 category/domains/tags; matched: none.,SRC_INTERNAL_HEURISTIC_V0_2,needs_review
ENT_ARETE,classical_planet,mercury,0,low,Algorithmic seed score from v0.1 category/domains/tags; matched: none.,SRC_INTERNAL_HEURISTIC_V0_2,needs_review
ENT_ARETE,classical_planet,venus,0,low,Algorithmic seed score from v0.1 category/domains/tags; matched: none.,SRC_INTERNAL_HEURISTIC_V0_2,needs_review
ENT_ARETE,classical_planet,sun,0,low,Algorithmic seed score from v0.1 category/domains/tags; matched: none.,SRC_INTERNAL_HEURISTIC_V0_2,needs_review
ENT_ARETE,classical_planet,mars,0,low,Algorithmic seed score from v0.1 category/domains/tags; matched: none.,SRC_INTERNAL_HEURISTIC_V0_2,needs_review
ENT_ARETE,classical_planet,jupiter,0,low,Algorithmic seed score from v0.1 category/domains/tags; matched: none.,SRC_INTERNAL_HEURISTIC_V0_2,needs_review
ENT_ARETE,classical_planet,saturn,0,low,Algorithmic seed score from v0.1 category/domains/tags; matched: none.,SRC_INTERNAL_HEURISTIC_V0_2,needs_review
ENT_AT,classical_element,earth,0,low,Algorithmic seed score from v0.1 category/domains/tags; matched: none.,SRC_INTERNAL_HEURISTIC_V0_2,needs_review
ENT_AT,classical_element,water,0,low,Algorithmic seed score from v0.1 category/domains/tags; matched: none.,SRC_INTERNAL_HEURISTIC_V0_2,needs_review
ENT_AT,classical_element,fire,0,low,Algorithmic seed score from v0.1 category/domains/tags; matched: none.,SRC_INTERNAL_HEURISTIC_V0_2,needs_review
ENT_AT,classical_element,air,0,low,Algorithmic seed score from v0.1 category/domains/tags; matched: none.,SRC_INTERNAL_HEURISTIC_V0_2,needs_review
ENT_AT,classical_planet,moon,0,low,Algorithmic seed score from v0.1 category/domains/tags; matched: none.,SRC_INTERNAL_HEURISTIC_V0_2,needs_review
ENT_AT,classical_planet,mercury,0,low,Algorithmic seed score from v0.1 category/domains/tags; matched: none.,SRC_INTERNAL_HEURISTIC_V0_2,needs_review
ENT_AT,classical_planet,venus,0,low,Algorithmic seed score from v0.1 category/domains/tags; matched: none.,SRC_INTERNAL_HEURISTIC_V0_2,needs_review
ENT_AT,classical_planet,sun,0,low,Algorithmic seed score from v0.1 category/domains/tags; matched: none.,SRC_INTERNAL_HEURISTIC_V0_2,needs_review
ENT_AT,classical_planet,mars,0,low,Algorithmic seed score from v0.1 category/domains/tags; matched: none.,SRC_INTERNAL_HEURISTIC_V0_2,needs_review
ENT_AT,classical_planet,jupiter,0,low,Algorithmic seed score from v0.1 category/domains/tags; matched: none.,SRC_INTERNAL_HEURISTIC_V0_2,needs_review
ENT_AT,classical_planet,saturn,0,low,Algorithmic seed score from v0.1 category/domains/tags; matched: none.,SRC_INTERNAL_HEURISTIC_V0_2,needs_review
ENT_BIA,classical_element,earth,0,low,Algorithmic seed score from v0.1 category/domains/tags; matched: none.,SRC_INTERNAL_HEURISTIC_V0_2,needs_review
ENT_BIA,classical_element,water,0,low,Algorithmic seed score from v0.1 category/domains/tags; matched: none.,SRC_INTERNAL_HEURISTIC_V0_2,needs_review
ENT_BIA,classical_element,fire,0,low,Algorithmic seed score from v0.1 category/domains/tags; matched: none.,SRC_INTERNAL_HEURISTIC_V0_2,needs_review
ENT_BIA,classical_element,air,0,low,Algorithmic seed score from v0.1 category/domains/tags; matched: none.,SRC_INTERNAL_HEURISTIC_V0_2,needs_review
ENT_BIA,classical_planet,moon,0,low,Algorithmic seed score from v0.1 category/domains/tags; matched: none.,SRC_INTERNAL_HEURISTIC_V0_2,needs_review
ENT_BIA,classical_planet,mercury,0,low,Algorithmic seed score from v0.1 category/domains/tags; matched: none.,SRC_INTERNAL_HEURISTIC_V0_2,needs_review
ENT_BIA,classical_planet,venus,0,low,Algorithmic seed score from v0.1 category/domains/tags; matched: none.,SRC_INTERNAL_HEURISTIC_V0_2,needs_review
ENT_BIA,classical_planet,sun,0,low,Algorithmic seed score from v0.1 category/domains/tags; matched: none.,SRC_INTERNAL_HEURISTIC_V0_2,needs_review
ENT_BIA,classical_planet,mars,0,low,Algorithmic seed score from v0.1 category/domains/tags; matched: none.,SRC_INTERNAL_HEURISTIC_V0_2,needs_review
ENT_BIA,classical_planet,jupiter,0,low,Algorithmic seed score from v0.1 category/domains/tags; matched: none.,SRC_INTERNAL_HEURISTIC_V0_2,needs_review
ENT_BIA,classical_planet,saturn,0,low,Algorithmic seed score from v0.1 category/domains/tags; matched: none.,SRC_INTERNAL_HEURISTIC_V0_2,needs_review
ENT_CAERUS,classical_element,earth,0,low,Algorithmic seed score from v0.1 category/domains/tags; matched: none.,SRC_INTERNAL_HEURISTIC_V0_2,needs_review
ENT_CAERUS,classical_element,water,0,low,Algorithmic seed score from v0.1 category/domains/tags; matched: none.,SRC_INTERNAL_HEURISTIC_V0_2,needs_review
ENT_CAERUS,classical_element,fire,0,low,Algorithmic seed score from v0.1 category/domains/tags; matched: none.,SRC_INTERNAL_HEURISTIC_V0_2,needs_review
ENT_CAERUS,classical_element,air,0,low,Algorithmic seed score from v0.1 category/domains/tags; matched: none.,SRC_INTERNAL_HEURISTIC_V0_2,needs_review
ENT_CAERUS,classical_planet,moon,0,low,Algorithmic seed score from v0.1 category/domains/tags; matched: none.,SRC_INTERNAL_HEURISTIC_V0_2,needs_review
ENT_CAERUS,classical_planet,mercury,0,low,Algorithmic seed score from v0.1 category/domains/tags; matched: none.,SRC_INTERNAL_HEURISTIC_V0_2,needs_review
ENT_CAERUS,classical_planet,venus,0,low,Algorithmic seed score from v0.1 category/domains/tags; matched: none.,SRC_INTERNAL_HEURISTIC_V0_2,needs_review
ENT_CAERUS,classical_planet,sun,0,low,Algorithmic seed score from v0.1 category/domains/tags; matched: none.,SRC_INTERNAL_HEURISTIC_V0_2,needs_review
ENT_CAERUS,classical_planet,mars,0,low,Algorithmic seed score from v0.1 category/domains/tags; matched: none.,SRC_INTERNAL_HEURISTIC_V0_2,needs_review
ENT_CAERUS,classical_planet,jupiter,0,low,Algorithmic seed score from v0.1 category/domains/tags; matched: none.,SRC_INTERNAL_HEURISTIC_V0_2,needs_review
ENT_CAERUS,classical_planet,saturn,0,low,Algorithmic seed score from v0.1 category/domains/tags; matched: none.,SRC_INTERNAL_HEURISTIC_V0_2,needs_review
ENT_DEIMOS,classical_element,earth,0,low,Algorithmic seed score from v0.1 category/domains/tags; matched: none.,SRC_INTERNAL_HEURISTIC_V0_2,needs_review
ENT_DEIMOS,classical_element,water,0,low,Algorithmic seed score from v0.1 category/domains/tags; matched: none.,SRC_INTERNAL_HEURISTIC_V0_2,needs_review
ENT_DEIMOS,classical_element,fire,0,low,Algorithmic seed score from v0.1 category/domains/tags; matched: none.,SRC_INTERNAL_HEURISTIC_V0_2,needs_review
ENT_DEIMOS,classical_element,air,0,low,Algorithmic seed score from v0.1 category/domains/tags; matched: none.,SRC_INTERNAL_HEURISTIC_V0_2,needs_review
ENT_DEIMOS,classical_planet,moon,0,low,Algorithmic seed score from v0.1 category/domains/tags; matched: none.,SRC_INTERNAL_HEURISTIC_V0_2,needs_review
ENT_DEIMOS,classical_planet,mercury,0,low,Algorithmic seed score from v0.1 category/domains/tags; matched: none.,SRC_INTERNAL_HEURISTIC_V0_2,needs_review
ENT_DEIMOS,classical_planet,venus,0,low,Algorithmic seed score from v0.1 category/domains/tags; matched: none.,SRC_INTERNAL_HEURISTIC_V0_2,needs_review
ENT_DEIMOS,classical_planet,sun,0,low,Algorithmic seed score from v0.1 category/domains/tags; matched: none.,SRC_INTERNAL_HEURISTIC_V0_2,needs_review
ENT_DEIMOS,classical_planet,mars,4,medium,Algorithmic seed score from v0.1 category/domains/tags; matched: none.,SRC_INTERNAL_HEURISTIC_V0_2,needs_review
ENT_DEIMOS,classical_planet,jupiter,0,low,Algorithmic seed score from v0.1 category/domains/tags; matched: none.,SRC_INTERNAL_HEURISTIC_V0_2,needs_review
ENT_DEIMOS,classical_planet,saturn,0,low,Algorithmic seed score from v0.1 category/domains/tags; matched: none.,SRC_INTERNAL_HEURISTIC_V0_2,needs_review
ENT_DOLOS,classical_element,earth,0,low,Algorithmic seed score from v0.1 category/domains/tags; matched: none.,SRC_INTERNAL_HEURISTIC_V0_2,needs_review
ENT_DOLOS,classical_element,water,0,low,Algorithmic seed score from v0.1 category/domains/tags; matched: none.,SRC_INTERNAL_HEURISTIC_V0_2,needs_review
ENT_DOLOS,classical_element,fire,0,low,Algorithmic seed score from v0.1 category/domains/tags; matched: none.,SRC_INTERNAL_HEURISTIC_V0_2,needs_review
ENT_DOLOS,classical_element,air,0,low,Algorithmic seed score from v0.1 category/domains/tags; matched: none.,SRC_INTERNAL_HEURISTIC_V0_2,needs_review
ENT_DOLOS,classical_planet,moon,0,low,Algorithmic seed score from v0.1 category/domains/tags; matched: none.,SRC_INTERNAL_HEURISTIC_V0_2,needs_review
ENT_DOLOS,classical_planet,mercury,0,low,Algorithmic seed score from v0.1 category/domains/tags; matched: none.,SRC_INTERNAL_HEURISTIC_V0_2,needs_review
ENT_DOLOS,classical_planet,venus,0,low,Algorithmic seed score from v0.1 category/domains/tags; matched: none.,SRC_INTERNAL_HEURISTIC_V0_2,needs_review
ENT_DOLOS,classical_planet,sun,0,low,Algorithmic seed score from v0.1 category/domains/tags; matched: none.,SRC_INTERNAL_HEURISTIC_V0_2,needs_review
ENT_DOLOS,classical_planet,mars,0,low,Algorithmic seed score from v0.1 category/domains/tags; matched: none.,SRC_INTERNAL_HEURISTIC_V0_2,needs_review
ENT_DOLOS,classical_planet,jupiter,0,low,Algorithmic seed score from v0.1 category/domains/tags; matched: none.,SRC_INTERNAL_HEURISTIC_V0_2,needs_review
ENT_DOLOS,classical_planet,saturn,0,low,Algorithmic seed score from v0.1 category/domains/tags; matched: none.,SRC_INTERNAL_HEURISTIC_V0_2,needs_review
ENT_DYSNOMIA,classical_element,earth,0,low,Algorithmic seed score from v0.1 category/domains/tags; matched: none.,SRC_INTERNAL_HEURISTIC_V0_2,needs_review
ENT_DYSNOMIA,classical_element,water,0,low,Algorithmic seed score from v0.1 category/domains/tags; matched: none.,SRC_INTERNAL_HEURISTIC_V0_2,needs_review
ENT_DYSNOMIA,classical_element,fire,0,low,Algorithmic seed score from v0.1 category/domains/tags; matched: none.,SRC_INTERNAL_HEURISTIC_V0_2,needs_review
ENT_DYSNOMIA,classical_element,air,0,low,Algorithmic seed score from v0.1 category/domains/tags; matched: none.,SRC_INTERNAL_HEURISTIC_V0_2,needs_review
ENT_DYSNOMIA,classical_planet,moon,0,low,Algorithmic seed score from v0.1 category/domains/tags; matched: none.,SRC_INTERNAL_HEURISTIC_V0_2,needs_review
ENT_DYSNOMIA,classical_planet,mercury,0,low,Algorithmic seed score from v0.1 category/domains/tags; matched: none.,SRC_INTERNAL_HEURISTIC_V0_2,needs_review
ENT_DYSNOMIA,classical_planet,venus,0,low,Algorithmic seed score from v0.1 category/domains/tags; matched: none.,SRC_INTERNAL_HEURISTIC_V0_2,needs_review
ENT_DYSNOMIA,classical_planet,sun,0,low,Algorithmic seed score from v0.1 category/domains/tags; matched: none.,SRC_INTERNAL_HEURISTIC_V0_2,needs_review
ENT_DYSNOMIA,classical_planet,mars,0,low,Algorithmic seed score from v0.1 category/domains/tags; matched: none.,SRC_INTERNAL_HEURISTIC_V0_2,needs_review
ENT_DYSNOMIA,classical_planet,jupiter,0,low,Algorithmic seed score from v0.1 category/domains/tags; matched: none.,SRC_INTERNAL_HEURISTIC_V0_2,needs_review
ENT_DYSNOMIA,classical_planet,saturn,0,low,Algorithmic seed score from v0.1 category/domains/tags; matched: none.,SRC_INTERNAL_HEURISTIC_V0_2,needs_review
ENT_ELPIS,classical_element,earth,0,low,Algorithmic seed score from v0.1 category/domains/tags; matched: none.,SRC_INTERNAL_HEURISTIC_V0_2,needs_review
ENT_ELPIS,classical_element,water,0,low,Algorithmic seed score from v0.1 category/domains/tags; matched: none.,SRC_INTERNAL_HEURISTIC_V0_2,needs_review
ENT_ELPIS,classical_element,fire,0,low,Algorithmic seed score from v0.1 category/domains/tags; matched: none.,SRC_INTERNAL_HEURISTIC_V0_2,needs_review
ENT_ELPIS,classical_element,air,0,low,Algorithmic seed score from v0.1 category/domains/tags; matched: none.,SRC_INTERNAL_HEURISTIC_V0_2,needs_review
ENT_ELPIS,classical_planet,moon,0,low,Algorithmic seed score from v0.1 category/domains/tags; matched: none.,SRC_INTERNAL_HEURISTIC_V0_2,needs_review
ENT_ELPIS,classical_planet,mercury,0,low,Algorithmic seed score from v0.1 category/domains/tags; matched: none.,SRC_INTERNAL_HEURISTIC_V0_2,needs_review
ENT_ELPIS,classical_planet,venus,0,low,Algorithmic seed score from v0.1 category/domains/tags; matched: none.,SRC_INTERNAL_HEURISTIC_V0_2,needs_review
ENT_ELPIS,classical_planet,sun,0,low,Algorithmic seed score from v0.1 category/domains/tags; matched: none.,SRC_INTERNAL_HEURISTIC_V0_2,needs_review
ENT_ELPIS,classical_planet,mars,0,low,Algorithmic seed score from v0.1 category/domains/tags; matched: none.,SRC_INTERNAL_HEURISTIC_V0_2,needs_review
ENT_ELPIS,classical_planet,jupiter,0,low,Algorithmic seed score from v0.1 category/domains/tags; matched: none.,SRC_INTERNAL_HEURISTIC_V0_2,needs_review
ENT_ELPIS,classical_planet,saturn,0,low,Algorithmic seed score from v0.1 category/domains/tags; matched: none.,SRC_INTERNAL_HEURISTIC_V0_2,needs_review
ENT_ENYO,classical_element,earth,0,low,Algorithmic seed score from v0.1 category/domains/tags; matched: none.,SRC_INTERNAL_HEURISTIC_V0_2,needs_review
ENT_ENYO,classical_element,water,0,low,Algorithmic seed score from v0.1 category/domains/tags; matched: none.,SRC_INTERNAL_HEURISTIC_V0_2,needs_review
ENT_ENYO,classical_element,fire,0,low,Algorithmic seed score from v0.1 category/domains/tags; matched: none.,SRC_INTERNAL_HEURISTIC_V0_2,needs_review
ENT_ENYO,classical_element,air,0,low,Algorithmic seed score from v0.1 category/domains/tags; matched: none.,SRC_INTERNAL_HEURISTIC_V0_2,needs_review
ENT_ENYO,classical_planet,moon,0,low,Algorithmic seed score from v0.1 category/domains/tags; matched: none.,SRC_INTERNAL_HEURISTIC_V0_2,needs_review
ENT_ENYO,classical_planet,mercury,0,low,Algorithmic seed score from v0.1 category/domains/tags; matched: none.,SRC_INTERNAL_HEURISTIC_V0_2,needs_review
ENT_ENYO,classical_planet,venus,0,low,Algorithmic seed score from v0.1 category/domains/tags; matched: none.,SRC_INTERNAL_HEURISTIC_V0_2,needs_review
ENT_ENYO,classical_planet,sun,0,low,Algorithmic seed score from v0.1 category/domains/tags; matched: none.,SRC_INTERNAL_HEURISTIC_V0_2,needs_review
ENT_ENYO,classical_planet,mars,0,low,Algorithmic seed score from v0.1 category/domains/tags; matched: none.,SRC_INTERNAL_HEURISTIC_V0_2,needs_review
ENT_ENYO,classical_planet,jupiter,0,low,Algorithmic seed score from v0.1 category/domains/tags; matched: none.,SRC_INTERNAL_HEURISTIC_V0_2,needs_review
ENT_ENYO,classical_planet,saturn,0,low,Algorithmic seed score from v0.1 category/domains/tags; matched: none.,SRC_INTERNAL_HEURISTIC_V0_2,needs_review
ENT_ERIS,classical_element,earth,0,low,Algorithmic seed score from v0.1 category/domains/tags; matched: none.,SRC_INTERNAL_HEURISTIC_V0_2,needs_review
ENT_ERIS,classical_element,water,0,low,Algorithmic seed score from v0.1 category/domains/tags; matched: none.,SRC_INTERNAL_HEURISTIC_V0_2,needs_review
ENT_ERIS,classical_element,fire,0,low,Algorithmic seed score from v0.1 category/domains/tags; matched: none.,SRC_INTERNAL_HEURISTIC_V0_2,needs_review
ENT_ERIS,classical_element,air,0,low,Algorithmic seed score from v0.1 category/domains/tags; matched: none.,SRC_INTERNAL_HEURISTIC_V0_2,needs_review
ENT_ERIS,classical_planet,moon,0,low,Algorithmic seed score from v0.1 category/domains/tags; matched: none.,SRC_INTERNAL_HEURISTIC_V0_2,needs_review
ENT_ERIS,classical_planet,mercury,0,low,Algorithmic seed score from v0.1 category/domains/tags; matched: none.,SRC_INTERNAL_HEURISTIC_V0_2,needs_review
ENT_ERIS,classical_planet,venus,0,low,Algorithmic seed score from v0.1 category/domains/tags; matched: none.,SRC_INTERNAL_HEURISTIC_V0_2,needs_review
ENT_ERIS,classical_planet,sun,0,low,Algorithmic seed score from v0.1 category/domains/tags; matched: none.,SRC_INTERNAL_HEURISTIC_V0_2,needs_review
ENT_ERIS,classical_planet,mars,0,low,Algorithmic seed score from v0.1 category/domains/tags; matched: none.,SRC_INTERNAL_HEURISTIC_V0_2,needs_review
ENT_ERIS,classical_planet,jupiter,0,low,Algorithmic seed score from v0.1 category/domains/tags; matched: none.,SRC_INTERNAL_HEURISTIC_V0_2,needs_review
ENT_ERIS,classical_planet,saturn,0,low,Algorithmic seed score from v0.1 category/domains/tags; matched: none.,SRC_INTERNAL_HEURISTIC_V0_2,needs_review
ENT_EROS,classical_element,earth,0,low,Algorithmic seed score from v0.1 category/domains/tags; matched: none.,SRC_INTERNAL_HEURISTIC_V0_2,needs_review
ENT_EROS,classical_element,water,0,low,Algorithmic seed score from v0.1 category/domains/tags; matched: none.,SRC_INTERNAL_HEURISTIC_V0_2,needs_review
ENT_EROS,classical_element,fire,0,low,Algorithmic seed score from v0.1 category/domains/tags; matched: none.,SRC_INTERNAL_HEURISTIC_V0_2,needs_review
ENT_EROS,classical_element,air,0,low,Algorithmic seed score from v0.1 category/domains/tags; matched: none.,SRC_INTERNAL_HEURISTIC_V0_2,needs_review
ENT_EROS,classical_planet,moon,0,low,Algorithmic seed score from v0.1 category/domains/tags; matched: none.,SRC_INTERNAL_HEURISTIC_V0_2,needs_review
ENT_EROS,classical_planet,mercury,0,low,Algorithmic seed score from v0.1 category/domains/tags; matched: none.,SRC_INTERNAL_HEURISTIC_V0_2,needs_review
ENT_EROS,classical_planet,venus,4,medium,Algorithmic seed score from v0.1 category/domains/tags; matched: none.,SRC_INTERNAL_HEURISTIC_V0_2,needs_review
ENT_EROS,classical_planet,sun,0,low,Algorithmic seed score from v0.1 category/domains/tags; matched: none.,SRC_INTERNAL_HEURISTIC_V0_2,needs_review
ENT_EROS,classical_planet,mars,0,low,Algorithmic seed score from v0.1 category/domains/tags; matched: none.,SRC_INTERNAL_HEURISTIC_V0_2,needs_review
ENT_EROS,classical_planet,jupiter,0,low,Algorithmic seed score from v0.1 category/domains/tags; matched: none.,SRC_INTERNAL_HEURISTIC_V0_2,needs_review
ENT_EROS,classical_planet,saturn,0,low,Algorithmic seed score from v0.1 category/domains/tags; matched: none.,SRC_INTERNAL_HEURISTIC_V0_2,needs_review
ENT_GERAS,classical_element,earth,0,low,Algorithmic seed score from v0.1 category/domains/tags; matched: none.,SRC_INTERNAL_HEURISTIC_V0_2,needs_review
ENT_GERAS,classical_element,water,0,low,Algorithmic seed score from v0.1 category/domains/tags; matched: none.,SRC_INTERNAL_HEURISTIC_V0_2,needs_review
ENT_GERAS,classical_element,fire,0,low,Algorithmic seed score from v0.1 category/domains/tags; matched: none.,SRC_INTERNAL_HEURISTIC_V0_2,needs_review
ENT_GERAS,classical_element,air,0,low,Algorithmic seed score from v0.1 category/domains/tags; matched: none.,SRC_INTERNAL_HEURISTIC_V0_2,needs_review
ENT_GERAS,classical_planet,moon,0,low,Algorithmic seed score from v0.1 category/domains/tags; matched: none.,SRC_INTERNAL_HEURISTIC_V0_2,needs_review
ENT_GERAS,classical_planet,mercury,0,low,Algorithmic seed score from v0.1 category/domains/tags; matched: none.,SRC_INTERNAL_HEURISTIC_V0_2,needs_review
ENT_GERAS,classical_planet,venus,0,low,Algorithmic seed score from v0.1 category/domains/tags; matched: none.,SRC_INTERNAL_HEURISTIC_V0_2,needs_review
ENT_GERAS,classical_planet,sun,0,low,Algorithmic seed score from v0.1 category/domains/tags; matched: none.,SRC_INTERNAL_HEURISTIC_V0_2,needs_review
ENT_GERAS,classical_planet,mars,0,low,Algorithmic seed score from v0.1 category/domains/tags; matched: none.,SRC_INTERNAL_HEURISTIC_V0_2,needs_review
ENT_GERAS,classical_planet,jupiter,0,low,Algorithmic seed score from v0.1 category/domains/tags; matched: none.,SRC_INTERNAL_HEURISTIC_V0_2,needs_review
ENT_GERAS,classical_planet,saturn,0,low,Algorithmic seed score from v0.1 category/domains/tags; matched: none.,SRC_INTERNAL_HEURISTIC_V0_2,needs_review
ENT_HARMONIA,classical_element,earth,0,low,Algorithmic seed score from v0.1 category/domains/tags; matched: none.,SRC_INTERNAL_HEURISTIC_V0_2,needs_review
ENT_HARMONIA,classical_element,water,0,low,Algorithmic seed score from v0.1 category/domains/tags; matched: none.,SRC_INTERNAL_HEURISTIC_V0_2,needs_review
ENT_HARMONIA,classical_element,fire,0,low,Algorithmic seed score from v0.1 category/domains/tags; matched: none.,SRC_INTERNAL_HEURISTIC_V0_2,needs_review
ENT_HARMONIA,classical_element,air,0,low,Algorithmic seed score from v0.1 category/domains/tags; matched: none.,SRC_INTERNAL_HEURISTIC_V0_2,needs_review
ENT_HARMONIA,classical_planet,moon,0,low,Algorithmic seed score from v0.1 category/domains/tags; matched: none.,SRC_INTERNAL_HEURISTIC_V0_2,needs_review
ENT_HARMONIA,classical_planet,mercury,0,low,Algorithmic seed score from v0.1 category/domains/tags; matched: none.,SRC_INTERNAL_HEURISTIC_V0_2,needs_review
ENT_HARMONIA,classical_planet,venus,0,low,Algorithmic seed score from v0.1 category/domains/tags; matched: none.,SRC_INTERNAL_HEURISTIC_V0_2,needs_review
ENT_HARMONIA,classical_planet,sun,0,low,Algorithmic seed score from v0.1 category/domains/tags; matched: none.,SRC_INTERNAL_HEURISTIC_V0_2,needs_review
ENT_HARMONIA,classical_planet,mars,0,low,Algorithmic seed score from v0.1 category/domains/tags; matched: none.,SRC_INTERNAL_HEURISTIC_V0_2,needs_review
ENT_HARMONIA,classical_planet,jupiter,0,low,Algorithmic seed score from v0.1 category/domains/tags; matched: none.,SRC_INTERNAL_HEURISTIC_V0_2,needs_review
ENT_HARMONIA,classical_planet,saturn,0,low,Algorithmic seed score from v0.1 category/domains/tags; matched: none.,SRC_INTERNAL_HEURISTIC_V0_2,needs_review
ENT_HEDONE,classical_element,earth,0,low,Algorithmic seed score from v0.1 category/domains/tags; matched: none.,SRC_INTERNAL_HEURISTIC_V0_2,needs_review
ENT_HEDONE,classical_element,water,0,low,Algorithmic seed score from v0.1 category/domains/tags; matched: none.,SRC_INTERNAL_HEURISTIC_V0_2,needs_review
ENT_HEDONE,classical_element,fire,0,low,Algorithmic seed score from v0.1 category/domains/tags; matched: none.,SRC_INTERNAL_HEURISTIC_V0_2,needs_review
ENT_HEDONE,classical_element,air,0,low,Algorithmic seed score from v0.1 category/domains/tags; matched: none.,SRC_INTERNAL_HEURISTIC_V0_2,needs_review
ENT_HEDONE,classical_planet,moon,0,low,Algorithmic seed score from v0.1 category/domains/tags; matched: none.,SRC_INTERNAL_HEURISTIC_V0_2,needs_review
ENT_HEDONE,classical_planet,mercury,0,low,Algorithmic seed score from v0.1 category/domains/tags; matched: none.,SRC_INTERNAL_HEURISTIC_V0_2,needs_review
ENT_HEDONE,classical_planet,venus,0,low,Algorithmic seed score from v0.1 category/domains/tags; matched: none.,SRC_INTERNAL_HEURISTIC_V0_2,needs_review
ENT_HEDONE,classical_planet,sun,0,low,Algorithmic seed score from v0.1 category/domains/tags; matched: none.,SRC_INTERNAL_HEURISTIC_V0_2,needs_review
ENT_HEDONE,classical_planet,mars,0,low,Algorithmic seed score from v0.1 category/domains/tags; matched: none.,SRC_INTERNAL_HEURISTIC_V0_2,needs_review
ENT_HEDONE,classical_planet,jupiter,0,low,Algorithmic seed score from v0.1 category/domains/tags; matched: none.,SRC_INTERNAL_HEURISTIC_V0_2,needs_review
ENT_HEDONE,classical_planet,saturn,0,low,Algorithmic seed score from v0.1 category/domains/tags; matched: none.,SRC_INTERNAL_HEURISTIC_V0_2,needs_review
ENT_HIMEROS,classical_element,earth,0,low,Algorithmic seed score from v0.1 category/domains/tags; matched: none.,SRC_INTERNAL_HEURISTIC_V0_2,needs_review
ENT_HIMEROS,classical_element,water,0,low,Algorithmic seed score from v0.1 category/domains/tags; matched: none.,SRC_INTERNAL_HEURISTIC_V0_2,needs_review
ENT_HIMEROS,classical_element,fire,0,low,Algorithmic seed score from v0.1 category/domains/tags; matched: none.,SRC_INTERNAL_HEURISTIC_V0_2,needs_review
ENT_HIMEROS,classical_element,air,0,low,Algorithmic seed score from v0.1 category/domains/tags; matched: none.,SRC_INTERNAL_HEURISTIC_V0_2,needs_review
ENT_HIMEROS,classical_planet,moon,0,low,Algorithmic seed score from v0.1 category/domains/tags; matched: none.,SRC_INTERNAL_HEURISTIC_V0_2,needs_review
ENT_HIMEROS,classical_planet,mercury,0,low,Algorithmic seed score from v0.1 category/domains/tags; matched: none.,SRC_INTERNAL_HEURISTIC_V0_2,needs_review
ENT_HIMEROS,classical_planet,venus,4,medium,Algorithmic seed score from v0.1 category/domains/tags; matched: none.,SRC_INTERNAL_HEURISTIC_V0_2,needs_review
ENT_HIMEROS,classical_planet,sun,0,low,Algorithmic seed score from v0.1 category/domains/tags; matched: none.,SRC_INTERNAL_HEURISTIC_V0_2,needs_review
ENT_HIMEROS,classical_planet,mars,0,low,Algorithmic seed score from v0.1 category/domains/tags; matched: none.,SRC_INTERNAL_HEURISTIC_V0_2,needs_review
ENT_HIMEROS,classical_planet,jupiter,0,low,Algorithmic seed score from v0.1 category/domains/tags; matched: none.,SRC_INTERNAL_HEURISTIC_V0_2,needs_review
ENT_HIMEROS,classical_planet,saturn,0,low,Algorithmic seed score from v0.1 category/domains/tags; matched: none.,SRC_INTERNAL_HEURISTIC_V0_2,needs_review
ENT_HOMONOIA,classical_element,earth,0,low,Algorithmic seed score from v0.1 category/domains/tags; matched: none.,SRC_INTERNAL_HEURISTIC_V0_2,needs_review
ENT_HOMONOIA,classical_element,water,0,low,Algorithmic seed score from v0.1 category/domains/tags; matched: none.,SRC_INTERNAL_HEURISTIC_V0_2,needs_review
ENT_HOMONOIA,classical_element,fire,0,low,Algorithmic seed score from v0.1 category/domains/tags; matched: none.,SRC_INTERNAL_HEURISTIC_V0_2,needs_review
ENT_HOMONOIA,classical_element,air,0,low,Algorithmic seed score from v0.1 category/domains/tags; matched: none.,SRC_INTERNAL_HEURISTIC_V0_2,needs_review
ENT_HOMONOIA,classical_planet,moon,0,low,Algorithmic seed score from v0.1 category/domains/tags; matched: none.,SRC_INTERNAL_HEURISTIC_V0_2,needs_review
ENT_HOMONOIA,classical_planet,mercury,0,low,Algorithmic seed score from v0.1 category/domains/tags; matched: none.,SRC_INTERNAL_HEURISTIC_V0_2,needs_review
ENT_HOMONOIA,classical_planet,venus,0,low,Algorithmic seed score from v0.1 category/domains/tags; matched: none.,SRC_INTERNAL_HEURISTIC_V0_2,needs_review
ENT_HOMONOIA,classical_planet,sun,0,low,Algorithmic seed score from v0.1 category/domains/tags; matched: none.,SRC_INTERNAL_HEURISTIC_V0_2,needs_review
ENT_HOMONOIA,classical_planet,mars,0,low,Algorithmic seed score from v0.1 category/domains/tags; matched: none.,SRC_INTERNAL_HEURISTIC_V0_2,needs_review
ENT_HOMONOIA,classical_planet,jupiter,0,low,Algorithmic seed score from v0.1 category/domains/tags; matched: none.,SRC_INTERNAL_HEURISTIC_V0_2,needs_review
ENT_HOMONOIA,classical_planet,saturn,0,low,Algorithmic seed score from v0.1 category/domains/tags; matched: none.,SRC_INTERNAL_HEURISTIC_V0_2,needs_review
ENT_HYBRIS,classical_element,earth,0,low,Algorithmic seed score from v0.1 category/domains/tags; matched: none.,SRC_INTERNAL_HEURISTIC_V0_2,needs_review
ENT_HYBRIS,classical_element,water,0,low,Algorithmic seed score from v0.1 category/domains/tags; matched: none.,SRC_INTERNAL_HEURISTIC_V0_2,needs_review
ENT_HYBRIS,classical_element,fire,0,low,Algorithmic seed score from v0.1 category/domains/tags; matched: none.,SRC_INTERNAL_HEURISTIC_V0_2,needs_review
ENT_HYBRIS,classical_element,air,0,low,Algorithmic seed score from v0.1 category/domains/tags; matched: none.,SRC_INTERNAL_HEURISTIC_V0_2,needs_review
ENT_HYBRIS,classical_planet,moon,0,low,Algorithmic seed score from v0.1 category/domains/tags; matched: none.,SRC_INTERNAL_HEURISTIC_V0_2,needs_review
ENT_HYBRIS,classical_planet,mercury,0,low,Algorithmic seed score from v0.1 category/domains/tags; matched: none.,SRC_INTERNAL_HEURISTIC_V0_2,needs_review
ENT_HYBRIS,classical_planet,venus,0,low,Algorithmic seed score from v0.1 category/domains/tags; matched: none.,SRC_INTERNAL_HEURISTIC_V0_2,needs_review
ENT_HYBRIS,classical_planet,sun,0,low,Algorithmic seed score from v0.1 category/domains/tags; matched: none.,SRC_INTERNAL_HEURISTIC_V0_2,needs_review
ENT_HYBRIS,classical_planet,mars,0,low,Algorithmic seed score from v0.1 category/domains/tags; matched: none.,SRC_INTERNAL_HEURISTIC_V0_2,needs_review
ENT_HYBRIS,classical_planet,jupiter,0,low,Algorithmic seed score from v0.1 category/domains/tags; matched: none.,SRC_INTERNAL_HEURISTIC_V0_2,needs_review
ENT_HYBRIS,classical_planet,saturn,0,low,Algorithmic seed score from v0.1 category/domains/tags; matched: none.,SRC_INTERNAL_HEURISTIC_V0_2,needs_review
ENT_HYSMINAI,classical_element,earth,0,low,Algorithmic seed score from v0.1 category/domains/tags; matched: none.,SRC_INTERNAL_HEURISTIC_V0_2,needs_review
ENT_HYSMINAI,classical_element,water,0,low,Algorithmic seed score from v0.1 category/domains/tags; matched: none.,SRC_INTERNAL_HEURISTIC_V0_2,needs_review
ENT_HYSMINAI,classical_element,fire,0,low,Algorithmic seed score from v0.1 category/domains/tags; matched: none.,SRC_INTERNAL_HEURISTIC_V0_2,needs_review
ENT_HYSMINAI,classical_element,air,0,low,Algorithmic seed score from v0.1 category/domains/tags; matched: none.,SRC_INTERNAL_HEURISTIC_V0_2,needs_review
ENT_HYSMINAI,classical_planet,moon,0,low,Algorithmic seed score from v0.1 category/domains/tags; matched: none.,SRC_INTERNAL_HEURISTIC_V0_2,needs_review
ENT_HYSMINAI,classical_planet,mercury,0,low,Algorithmic seed score from v0.1 category/domains/tags; matched: none.,SRC_INTERNAL_HEURISTIC_V0_2,needs_review
ENT_HYSMINAI,classical_planet,venus,0,low,Algorithmic seed score from v0.1 category/domains/tags; matched: none.,SRC_INTERNAL_HEURISTIC_V0_2,needs_review
ENT_HYSMINAI,classical_planet,sun,0,low,Algorithmic seed score from v0.1 category/domains/tags; matched: none.,SRC_INTERNAL_HEURISTIC_V0_2,needs_review
ENT_HYSMINAI,classical_planet,mars,0,low,Algorithmic seed score from v0.1 category/domains/tags; matched: none.,SRC_INTERNAL_HEURISTIC_V0_2,needs_review
ENT_HYSMINAI,classical_planet,jupiter,0,low,Algorithmic seed score from v0.1 category/domains/tags; matched: none.,SRC_INTERNAL_HEURISTIC_V0_2,needs_review
ENT_HYSMINAI,classical_planet,saturn,0,low,Algorithmic seed score from v0.1 category/domains/tags; matched: none.,SRC_INTERNAL_HEURISTIC_V0_2,needs_review
ENT_IOKE,classical_element,earth,0,low,Algorithmic seed score from v0.1 category/domains/tags; matched: none.,SRC_INTERNAL_HEURISTIC_V0_2,needs_review
ENT_IOKE,classical_element,water,0,low,Algorithmic seed score from v0.1 category/domains/tags; matched: none.,SRC_INTERNAL_HEURISTIC_V0_2,needs_review
ENT_IOKE,classical_element,fire,0,low,Algorithmic seed score from v0.1 category/domains/tags; matched: none.,SRC_INTERNAL_HEURISTIC_V0_2,needs_review
ENT_IOKE,classical_element,air,0,low,Algorithmic seed score from v0.1 category/domains/tags; matched: none.,SRC_INTERNAL_HEURISTIC_V0_2,needs_review
ENT_IOKE,classical_planet,moon,0,low,Algorithmic seed score from v0.1 category/domains/tags; matched: none.,SRC_INTERNAL_HEURISTIC_V0_2,needs_review
ENT_IOKE,classical_planet,mercury,0,low,Algorithmic seed score from v0.1 category/domains/tags; matched: none.,SRC_INTERNAL_HEURISTIC_V0_2,needs_review
ENT_IOKE,classical_planet,venus,0,low,Algorithmic seed score from v0.1 category/domains/tags; matched: none.,SRC_INTERNAL_HEURISTIC_V0_2,needs_review
ENT_IOKE,classical_planet,sun,0,low,Algorithmic seed score from v0.1 category/domains/tags; matched: none.,SRC_INTERNAL_HEURISTIC_V0_2,needs_review
ENT_IOKE,classical_planet,mars,0,low,Algorithmic seed score from v0.1 category/domains/tags; matched: none.,SRC_INTERNAL_HEURISTIC_V0_2,needs_review
ENT_IOKE,classical_planet,jupiter,0,low,Algorithmic seed score from v0.1 category/domains/tags; matched: none.,SRC_INTERNAL_HEURISTIC_V0_2,needs_review
ENT_IOKE,classical_planet,saturn,0,low,Algorithmic seed score from v0.1 category/domains/tags; matched: none.,SRC_INTERNAL_HEURISTIC_V0_2,needs_review
ENT_KRATOS,classical_element,earth,0,low,Algorithmic seed score from v0.1 category/domains/tags; matched: none.,SRC_INTERNAL_HEURISTIC_V0_2,needs_review
ENT_KRATOS,classical_element,water,0,low,Algorithmic seed score from v0.1 category/domains/tags; matched: none.,SRC_INTERNAL_HEURISTIC_V0_2,needs_review
ENT_KRATOS,classical_element,fire,0,low,Algorithmic seed score from v0.1 category/domains/tags; matched: none.,SRC_INTERNAL_HEURISTIC_V0_2,needs_review
ENT_KRATOS,classical_element,air,0,low,Algorithmic seed score from v0.1 category/domains/tags; matched: none.,SRC_INTERNAL_HEURISTIC_V0_2,needs_review
ENT_KRATOS,classical_planet,moon,0,low,Algorithmic seed score from v0.1 category/domains/tags; matched: none.,SRC_INTERNAL_HEURISTIC_V0_2,needs_review
ENT_KRATOS,classical_planet,mercury,0,low,Algorithmic seed score from v0.1 category/domains/tags; matched: none.,SRC_INTERNAL_HEURISTIC_V0_2,needs_review
ENT_KRATOS,classical_planet,venus,0,low,Algorithmic seed score from v0.1 category/domains/tags; matched: none.,SRC_INTERNAL_HEURISTIC_V0_2,needs_review
ENT_KRATOS,classical_planet,sun,0,low,Algorithmic seed score from v0.1 category/domains/tags; matched: none.,SRC_INTERNAL_HEURISTIC_V0_2,needs_review
ENT_KRATOS,classical_planet,mars,0,low,Algorithmic seed score from v0.1 category/domains/tags; matched: none.,SRC_INTERNAL_HEURISTIC_V0_2,needs_review
ENT_KRATOS,classical_planet,jupiter,0,low,Algorithmic seed score from v0.1 category/domains/tags; matched: none.,SRC_INTERNAL_HEURISTIC_V0_2,needs_review
ENT_KRATOS,classical_planet,saturn,0,low,Algorithmic seed score from v0.1 category/domains/tags; matched: none.,SRC_INTERNAL_HEURISTIC_V0_2,needs_review
ENT_KYDOIMOS,classical_element,earth,0,low,Algorithmic seed score from v0.1 category/domains/tags; matched: none.,SRC_INTERNAL_HEURISTIC_V0_2,needs_review
ENT_KYDOIMOS,classical_element,water,0,low,Algorithmic seed score from v0.1 category/domains/tags; matched: none.,SRC_INTERNAL_HEURISTIC_V0_2,needs_review
ENT_KYDOIMOS,classical_element,fire,0,low,Algorithmic seed score from v0.1 category/domains/tags; matched: none.,SRC_INTERNAL_HEURISTIC_V0_2,needs_review
ENT_KYDOIMOS,classical_element,air,0,low,Algorithmic seed score from v0.1 category/domains/tags; matched: none.,SRC_INTERNAL_HEURISTIC_V0_2,needs_review
ENT_KYDOIMOS,classical_planet,moon,0,low,Algorithmic seed score from v0.1 category/domains/tags; matched: none.,SRC_INTERNAL_HEURISTIC_V0_2,needs_review
ENT_KYDOIMOS,classical_planet,mercury,0,low,Algorithmic seed score from v0.1 category/domains/tags; matched: none.,SRC_INTERNAL_HEURISTIC_V0_2,needs_review
ENT_KYDOIMOS,classical_planet,venus,0,low,Algorithmic seed score from v0.1 category/domains/tags; matched: none.,SRC_INTERNAL_HEURISTIC_V0_2,needs_review
ENT_KYDOIMOS,classical_planet,sun,0,low,Algorithmic seed score from v0.1 category/domains/tags; matched: none.,SRC_INTERNAL_HEURISTIC_V0_2,needs_review
ENT_KYDOIMOS,classical_planet,mars,0,low,Algorithmic seed score from v0.1 category/domains/tags; matched: none.,SRC_INTERNAL_HEURISTIC_V0_2,needs_review
ENT_KYDOIMOS,classical_planet,jupiter,0,low,Algorithmic seed score from v0.1 category/domains/tags; matched: none.,SRC_INTERNAL_HEURISTIC_V0_2,needs_review
ENT_KYDOIMOS,classical_planet,saturn,0,low,Algorithmic seed score from v0.1 category/domains/tags; matched: none.,SRC_INTERNAL_HEURISTIC_V0_2,needs_review
ENT_LETHE_151,classical_element,earth,0,low,Algorithmic seed score from v0.1 category/domains/tags; matched: none.,SRC_INTERNAL_HEURISTIC_V0_2,needs_review
ENT_LETHE_151,classical_element,water,0,low,Algorithmic seed score from v0.1 category/domains/tags; matched: none.,SRC_INTERNAL_HEURISTIC_V0_2,needs_review
ENT_LETHE_151,classical_element,fire,0,low,Algorithmic seed score from v0.1 category/domains/tags; matched: none.,SRC_INTERNAL_HEURISTIC_V0_2,needs_review
ENT_LETHE_151,classical_element,air,0,low,Algorithmic seed score from v0.1 category/domains/tags; matched: none.,SRC_INTERNAL_HEURISTIC_V0_2,needs_review
ENT_LETHE_151,classical_planet,moon,0,low,Algorithmic seed score from v0.1 category/domains/tags; matched: none.,SRC_INTERNAL_HEURISTIC_V0_2,needs_review
ENT_LETHE_151,classical_planet,mercury,0,low,Algorithmic seed score from v0.1 category/domains/tags; matched: none.,SRC_INTERNAL_HEURISTIC_V0_2,needs_review
ENT_LETHE_151,classical_planet,venus,0,low,Algorithmic seed score from v0.1 category/domains/tags; matched: none.,SRC_INTERNAL_HEURISTIC_V0_2,needs_review
ENT_LETHE_151,classical_planet,sun,0,low,Algorithmic seed score from v0.1 category/domains/tags; matched: none.,SRC_INTERNAL_HEURISTIC_V0_2,needs_review
ENT_LETHE_151,classical_planet,mars,0,low,Algorithmic seed score from v0.1 category/domains/tags; matched: none.,SRC_INTERNAL_HEURISTIC_V0_2,needs_review
ENT_LETHE_151,classical_planet,jupiter,0,low,Algorithmic seed score from v0.1 category/domains/tags; matched: none.,SRC_INTERNAL_HEURISTIC_V0_2,needs_review
ENT_LETHE_151,classical_planet,saturn,0,low,Algorithmic seed score from v0.1 category/domains/tags; matched: none.,SRC_INTERNAL_HEURISTIC_V0_2,needs_review
ENT_LIMOS,classical_element,earth,0,low,Algorithmic seed score from v0.1 category/domains/tags; matched: none.,SRC_INTERNAL_HEURISTIC_V0_2,needs_review
ENT_LIMOS,classical_element,water,0,low,Algorithmic seed score from v0.1 category/domains/tags; matched: none.,SRC_INTERNAL_HEURISTIC_V0_2,needs_review
ENT_LIMOS,classical_element,fire,0,low,Algorithmic seed score from v0.1 category/domains/tags; matched: none.,SRC_INTERNAL_HEURISTIC_V0_2,needs_review
ENT_LIMOS,classical_element,air,0,low,Algorithmic seed score from v0.1 category/domains/tags; matched: none.,SRC_INTERNAL_HEURISTIC_V0_2,needs_review
ENT_LIMOS,classical_planet,moon,0,low,Algorithmic seed score from v0.1 category/domains/tags; matched: none.,SRC_INTERNAL_HEURISTIC_V0_2,needs_review
ENT_LIMOS,classical_planet,mercury,0,low,Algorithmic seed score from v0.1 category/domains/tags; matched: none.,SRC_INTERNAL_HEURISTIC_V0_2,needs_review
ENT_LIMOS,classical_planet,venus,0,low,Algorithmic seed score from v0.1 category/domains/tags; matched: none.,SRC_INTERNAL_HEURISTIC_V0_2,needs_review
ENT_LIMOS,classical_planet,sun,0,low,Algorithmic seed score from v0.1 category/domains/tags; matched: none.,SRC_INTERNAL_HEURISTIC_V0_2,needs_review
ENT_LIMOS,classical_planet,mars,0,low,Algorithmic seed score from v0.1 category/domains/tags; matched: none.,SRC_INTERNAL_HEURISTIC_V0_2,needs_review
ENT_LIMOS,classical_planet,jupiter,0,low,Algorithmic seed score from v0.1 category/domains/tags; matched: none.,SRC_INTERNAL_HEURISTIC_V0_2,needs_review
ENT_LIMOS,classical_planet,saturn,0,low,Algorithmic seed score from v0.1 category/domains/tags; matched: none.,SRC_INTERNAL_HEURISTIC_V0_2,needs_review
ENT_LYSSA,classical_element,earth,0,low,Algorithmic seed score from v0.1 category/domains/tags; matched: none.,SRC_INTERNAL_HEURISTIC_V0_2,needs_review
ENT_LYSSA,classical_element,water,0,low,Algorithmic seed score from v0.1 category/domains/tags; matched: none.,SRC_INTERNAL_HEURISTIC_V0_2,needs_review
ENT_LYSSA,classical_element,fire,0,low,Algorithmic seed score from v0.1 category/domains/tags; matched: none.,SRC_INTERNAL_HEURISTIC_V0_2,needs_review
ENT_LYSSA,classical_element,air,0,low,Algorithmic seed score from v0.1 category/domains/tags; matched: none.,SRC_INTERNAL_HEURISTIC_V0_2,needs_review
ENT_LYSSA,classical_planet,moon,0,low,Algorithmic seed score from v0.1 category/domains/tags; matched: none.,SRC_INTERNAL_HEURISTIC_V0_2,needs_review
ENT_LYSSA,classical_planet,mercury,0,low,Algorithmic seed score from v0.1 category/domains/tags; matched: none.,SRC_INTERNAL_HEURISTIC_V0_2,needs_review
ENT_LYSSA,classical_planet,venus,0,low,Algorithmic seed score from v0.1 category/domains/tags; matched: none.,SRC_INTERNAL_HEURISTIC_V0_2,needs_review
ENT_LYSSA,classical_planet,sun,0,low,Algorithmic seed score from v0.1 category/domains/tags; matched: none.,SRC_INTERNAL_HEURISTIC_V0_2,needs_review
ENT_LYSSA,classical_planet,mars,0,low,Algorithmic seed score from v0.1 category/domains/tags; matched: none.,SRC_INTERNAL_HEURISTIC_V0_2,needs_review
ENT_LYSSA,classical_planet,jupiter,0,low,Algorithmic seed score from v0.1 category/domains/tags; matched: none.,SRC_INTERNAL_HEURISTIC_V0_2,needs_review
ENT_LYSSA,classical_planet,saturn,0,low,Algorithmic seed score from v0.1 category/domains/tags; matched: none.,SRC_INTERNAL_HEURISTIC_V0_2,needs_review
ENT_MACHAI,classical_element,earth,0,low,Algorithmic seed score from v0.1 category/domains/tags; matched: none.,SRC_INTERNAL_HEURISTIC_V0_2,needs_review
ENT_MACHAI,classical_element,water,0,low,Algorithmic seed score from v0.1 category/domains/tags; matched: none.,SRC_INTERNAL_HEURISTIC_V0_2,needs_review
ENT_MACHAI,classical_element,fire,0,low,Algorithmic seed score from v0.1 category/domains/tags; matched: none.,SRC_INTERNAL_HEURISTIC_V0_2,needs_review
ENT_MACHAI,classical_element,air,0,low,Algorithmic seed score from v0.1 category/domains/tags; matched: none.,SRC_INTERNAL_HEURISTIC_V0_2,needs_review
ENT_MACHAI,classical_planet,moon,0,low,Algorithmic seed score from v0.1 category/domains/tags; matched: none.,SRC_INTERNAL_HEURISTIC_V0_2,needs_review
ENT_MACHAI,classical_planet,mercury,0,low,Algorithmic seed score from v0.1 category/domains/tags; matched: none.,SRC_INTERNAL_HEURISTIC_V0_2,needs_review
ENT_MACHAI,classical_planet,venus,0,low,Algorithmic seed score from v0.1 category/domains/tags; matched: none.,SRC_INTERNAL_HEURISTIC_V0_2,needs_review
ENT_MACHAI,classical_planet,sun,0,low,Algorithmic seed score from v0.1 category/domains/tags; matched: none.,SRC_INTERNAL_HEURISTIC_V0_2,needs_review
ENT_MACHAI,classical_planet,mars,0,low,Algorithmic seed score from v0.1 category/domains/tags; matched: none.,SRC_INTERNAL_HEURISTIC_V0_2,needs_review
ENT_MACHAI,classical_planet,jupiter,0,low,Algorithmic seed score from v0.1 category/domains/tags; matched: none.,SRC_INTERNAL_HEURISTIC_V0_2,needs_review
ENT_MACHAI,classical_planet,saturn,0,low,Algorithmic seed score from v0.1 category/domains/tags; matched: none.,SRC_INTERNAL_HEURISTIC_V0_2,needs_review
ENT_MANIA,classical_element,earth,0,low,Algorithmic seed score from v0.1 category/domains/tags; matched: none.,SRC_INTERNAL_HEURISTIC_V0_2,needs_review
ENT_MANIA,classical_element,water,0,low,Algorithmic seed score from v0.1 category/domains/tags; matched: none.,SRC_INTERNAL_HEURISTIC_V0_2,needs_review
ENT_MANIA,classical_element,fire,0,low,Algorithmic seed score from v0.1 category/domains/tags; matched: none.,SRC_INTERNAL_HEURISTIC_V0_2,needs_review
ENT_MANIA,classical_element,air,0,low,Algorithmic seed score from v0.1 category/domains/tags; matched: none.,SRC_INTERNAL_HEURISTIC_V0_2,needs_review
ENT_MANIA,classical_planet,moon,0,low,Algorithmic seed score from v0.1 category/domains/tags; matched: none.,SRC_INTERNAL_HEURISTIC_V0_2,needs_review
ENT_MANIA,classical_planet,mercury,0,low,Algorithmic seed score from v0.1 category/domains/tags; matched: none.,SRC_INTERNAL_HEURISTIC_V0_2,needs_review
ENT_MANIA,classical_planet,venus,0,low,Algorithmic seed score from v0.1 category/domains/tags; matched: none.,SRC_INTERNAL_HEURISTIC_V0_2,needs_review
ENT_MANIA,classical_planet,sun,0,low,Algorithmic seed score from v0.1 category/domains/tags; matched: none.,SRC_INTERNAL_HEURISTIC_V0_2,needs_review
ENT_MANIA,classical_planet,mars,0,low,Algorithmic seed score from v0.1 category/domains/tags; matched: none.,SRC_INTERNAL_HEURISTIC_V0_2,needs_review
ENT_MANIA,classical_planet,jupiter,0,low,Algorithmic seed score from v0.1 category/domains/tags; matched: none.,SRC_INTERNAL_HEURISTIC_V0_2,needs_review
ENT_MANIA,classical_planet,saturn,0,low,Algorithmic seed score from v0.1 category/domains/tags; matched: none.,SRC_INTERNAL_HEURISTIC_V0_2,needs_review
ENT_MOMUS,classical_element,earth,0,low,Algorithmic seed score from v0.1 category/domains/tags; matched: none.,SRC_INTERNAL_HEURISTIC_V0_2,needs_review
ENT_MOMUS,classical_element,water,0,low,Algorithmic seed score from v0.1 category/domains/tags; matched: none.,SRC_INTERNAL_HEURISTIC_V0_2,needs_review
ENT_MOMUS,classical_element,fire,0,low,Algorithmic seed score from v0.1 category/domains/tags; matched: none.,SRC_INTERNAL_HEURISTIC_V0_2,needs_review
ENT_MOMUS,classical_element,air,0,low,Algorithmic seed score from v0.1 category/domains/tags; matched: none.,SRC_INTERNAL_HEURISTIC_V0_2,needs_review
ENT_MOMUS,classical_planet,moon,0,low,Algorithmic seed score from v0.1 category/domains/tags; matched: none.,SRC_INTERNAL_HEURISTIC_V0_2,needs_review
ENT_MOMUS,classical_planet,mercury,0,low,Algorithmic seed score from v0.1 category/domains/tags; matched: none.,SRC_INTERNAL_HEURISTIC_V0_2,needs_review
ENT_MOMUS,classical_planet,venus,0,low,Algorithmic seed score from v0.1 category/domains/tags; matched: none.,SRC_INTERNAL_HEURISTIC_V0_2,needs_review
ENT_MOMUS,classical_planet,sun,0,low,Algorithmic seed score from v0.1 category/domains/tags; matched: none.,SRC_INTERNAL_HEURISTIC_V0_2,needs_review
ENT_MOMUS,classical_planet,mars,0,low,Algorithmic seed score from v0.1 category/domains/tags; matched: none.,SRC_INTERNAL_HEURISTIC_V0_2,needs_review
ENT_MOMUS,classical_planet,jupiter,0,low,Algorithmic seed score from v0.1 category/domains/tags; matched: none.,SRC_INTERNAL_HEURISTIC_V0_2,needs_review
ENT_MOMUS,classical_planet,saturn,0,low,Algorithmic seed score from v0.1 category/domains/tags; matched: none.,SRC_INTERNAL_HEURISTIC_V0_2,needs_review
ENT_MOMOS,classical_element,earth,0,low,Algorithmic seed score from v0.1 category/domains/tags; matched: none.,SRC_INTERNAL_HEURISTIC_V0_2,needs_review
ENT_MOMOS,classical_element,water,0,low,Algorithmic seed score from v0.1 category/domains/tags; matched: none.,SRC_INTERNAL_HEURISTIC_V0_2,needs_review
ENT_MOMOS,classical_element,fire,0,low,Algorithmic seed score from v0.1 category/domains/tags; matched: none.,SRC_INTERNAL_HEURISTIC_V0_2,needs_review
ENT_MOMOS,classical_element,air,0,low,Algorithmic seed score from v0.1 category/domains/tags; matched: none.,SRC_INTERNAL_HEURISTIC_V0_2,needs_review
ENT_MOMOS,classical_planet,moon,0,low,Algorithmic seed score from v0.1 category/domains/tags; matched: none.,SRC_INTERNAL_HEURISTIC_V0_2,needs_review
ENT_MOMOS,classical_planet,mercury,0,low,Algorithmic seed score from v0.1 category/domains/tags; matched: none.,SRC_INTERNAL_HEURISTIC_V0_2,needs_review
ENT_MOMOS,classical_planet,venus,0,low,Algorithmic seed score from v0.1 category/domains/tags; matched: none.,SRC_INTERNAL_HEURISTIC_V0_2,needs_review
ENT_MOMOS,classical_planet,sun,0,low,Algorithmic seed score from v0.1 category/domains/tags; matched: none.,SRC_INTERNAL_HEURISTIC_V0_2,needs_review
ENT_MOMOS,classical_planet,mars,0,low,Algorithmic seed score from v0.1 category/domains/tags; matched: none.,SRC_INTERNAL_HEURISTIC_V0_2,needs_review
ENT_MOMOS,classical_planet,jupiter,0,low,Algorithmic seed score from v0.1 category/domains/tags; matched: none.,SRC_INTERNAL_HEURISTIC_V0_2,needs_review
ENT_MOMOS,classical_planet,saturn,0,low,Algorithmic seed score from v0.1 category/domains/tags; matched: none.,SRC_INTERNAL_HEURISTIC_V0_2,needs_review
ENT_MOROS_158,classical_element,earth,0,low,Algorithmic seed score from v0.1 category/domains/tags; matched: none.,SRC_INTERNAL_HEURISTIC_V0_2,needs_review
ENT_MOROS_158,classical_element,water,0,low,Algorithmic seed score from v0.1 category/domains/tags; matched: none.,SRC_INTERNAL_HEURISTIC_V0_2,needs_review
ENT_MOROS_158,classical_element,fire,0,low,Algorithmic seed score from v0.1 category/domains/tags; matched: none.,SRC_INTERNAL_HEURISTIC_V0_2,needs_review
ENT_MOROS_158,classical_element,air,0,low,Algorithmic seed score from v0.1 category/domains/tags; matched: none.,SRC_INTERNAL_HEURISTIC_V0_2,needs_review
ENT_MOROS_158,classical_planet,moon,0,low,Algorithmic seed score from v0.1 category/domains/tags; matched: none.,SRC_INTERNAL_HEURISTIC_V0_2,needs_review
ENT_MOROS_158,classical_planet,mercury,0,low,Algorithmic seed score from v0.1 category/domains/tags; matched: none.,SRC_INTERNAL_HEURISTIC_V0_2,needs_review
ENT_MOROS_158,classical_planet,venus,0,low,Algorithmic seed score from v0.1 category/domains/tags; matched: none.,SRC_INTERNAL_HEURISTIC_V0_2,needs_review
ENT_MOROS_158,classical_planet,sun,0,low,Algorithmic seed score from v0.1 category/domains/tags; matched: none.,SRC_INTERNAL_HEURISTIC_V0_2,needs_review
ENT_MOROS_158,classical_planet,mars,0,low,Algorithmic seed score from v0.1 category/domains/tags; matched: none.,SRC_INTERNAL_HEURISTIC_V0_2,needs_review
ENT_MOROS_158,classical_planet,jupiter,0,low,Algorithmic seed score from v0.1 category/domains/tags; matched: none.,SRC_INTERNAL_HEURISTIC_V0_2,needs_review
ENT_MOROS_158,classical_planet,saturn,0,low,Algorithmic seed score from v0.1 category/domains/tags; matched: none.,SRC_INTERNAL_HEURISTIC_V0_2,needs_review
ENT_NIKE_159,classical_element,earth,0,low,Algorithmic seed score from v0.1 category/domains/tags; matched: none.,SRC_INTERNAL_HEURISTIC_V0_2,needs_review
ENT_NIKE_159,classical_element,water,0,low,Algorithmic seed score from v0.1 category/domains/tags; matched: none.,SRC_INTERNAL_HEURISTIC_V0_2,needs_review
ENT_NIKE_159,classical_element,fire,0,low,Algorithmic seed score from v0.1 category/domains/tags; matched: none.,SRC_INTERNAL_HEURISTIC_V0_2,needs_review
ENT_NIKE_159,classical_element,air,0,low,Algorithmic seed score from v0.1 category/domains/tags; matched: none.,SRC_INTERNAL_HEURISTIC_V0_2,needs_review
ENT_NIKE_159,classical_planet,moon,0,low,Algorithmic seed score from v0.1 category/domains/tags; matched: none.,SRC_INTERNAL_HEURISTIC_V0_2,needs_review
ENT_NIKE_159,classical_planet,mercury,0,low,Algorithmic seed score from v0.1 category/domains/tags; matched: none.,SRC_INTERNAL_HEURISTIC_V0_2,needs_review
ENT_NIKE_159,classical_planet,venus,0,low,Algorithmic seed score from v0.1 category/domains/tags; matched: none.,SRC_INTERNAL_HEURISTIC_V0_2,needs_review
ENT_NIKE_159,classical_planet,sun,0,low,Algorithmic seed score from v0.1 category/domains/tags; matched: none.,SRC_INTERNAL_HEURISTIC_V0_2,needs_review
ENT_NIKE_159,classical_planet,mars,0,low,Algorithmic seed score from v0.1 category/domains/tags; matched: none.,SRC_INTERNAL_HEURISTIC_V0_2,needs_review
ENT_NIKE_159,classical_planet,jupiter,0,low,Algorithmic seed score from v0.1 category/domains/tags; matched: none.,SRC_INTERNAL_HEURISTIC_V0_2,needs_review
ENT_NIKE_159,classical_planet,saturn,0,low,Algorithmic seed score from v0.1 category/domains/tags; matched: none.,SRC_INTERNAL_HEURISTIC_V0_2,needs_review
ENT_OIZYS,classical_element,earth,0,low,Algorithmic seed score from v0.1 category/domains/tags; matched: none.,SRC_INTERNAL_HEURISTIC_V0_2,needs_review
ENT_OIZYS,classical_element,water,0,low,Algorithmic seed score from v0.1 category/domains/tags; matched: none.,SRC_INTERNAL_HEURISTIC_V0_2,needs_review
ENT_OIZYS,classical_element,fire,0,low,Algorithmic seed score from v0.1 category/domains/tags; matched: none.,SRC_INTERNAL_HEURISTIC_V0_2,needs_review
ENT_OIZYS,classical_element,air,0,low,Algorithmic seed score from v0.1 category/domains/tags; matched: none.,SRC_INTERNAL_HEURISTIC_V0_2,needs_review
ENT_OIZYS,classical_planet,moon,0,low,Algorithmic seed score from v0.1 category/domains/tags; matched: none.,SRC_INTERNAL_HEURISTIC_V0_2,needs_review
ENT_OIZYS,classical_planet,mercury,0,low,Algorithmic seed score from v0.1 category/domains/tags; matched: none.,SRC_INTERNAL_HEURISTIC_V0_2,needs_review
ENT_OIZYS,classical_planet,venus,0,low,Algorithmic seed score from v0.1 category/domains/tags; matched: none.,SRC_INTERNAL_HEURISTIC_V0_2,needs_review
ENT_OIZYS,classical_planet,sun,0,low,Algorithmic seed score from v0.1 category/domains/tags; matched: none.,SRC_INTERNAL_HEURISTIC_V0_2,needs_review
ENT_OIZYS,classical_planet,mars,0,low,Algorithmic seed score from v0.1 category/domains/tags; matched: none.,SRC_INTERNAL_HEURISTIC_V0_2,needs_review
ENT_OIZYS,classical_planet,jupiter,0,low,Algorithmic seed score from v0.1 category/domains/tags; matched: none.,SRC_INTERNAL_HEURISTIC_V0_2,needs_review
ENT_OIZYS,classical_planet,saturn,0,low,Algorithmic seed score from v0.1 category/domains/tags; matched: none.,SRC_INTERNAL_HEURISTIC_V0_2,needs_review
ENT_PEITHO,classical_element,earth,0,low,Algorithmic seed score from v0.1 category/domains/tags; matched: none.,SRC_INTERNAL_HEURISTIC_V0_2,needs_review
ENT_PEITHO,classical_element,water,0,low,Algorithmic seed score from v0.1 category/domains/tags; matched: none.,SRC_INTERNAL_HEURISTIC_V0_2,needs_review
ENT_PEITHO,classical_element,fire,0,low,Algorithmic seed score from v0.1 category/domains/tags; matched: none.,SRC_INTERNAL_HEURISTIC_V0_2,needs_review
ENT_PEITHO,classical_element,air,0,low,Algorithmic seed score from v0.1 category/domains/tags; matched: none.,SRC_INTERNAL_HEURISTIC_V0_2,needs_review
ENT_PEITHO,classical_planet,moon,0,low,Algorithmic seed score from v0.1 category/domains/tags; matched: none.,SRC_INTERNAL_HEURISTIC_V0_2,needs_review
ENT_PEITHO,classical_planet,mercury,0,low,Algorithmic seed score from v0.1 category/domains/tags; matched: none.,SRC_INTERNAL_HEURISTIC_V0_2,needs_review
ENT_PEITHO,classical_planet,venus,0,low,Algorithmic seed score from v0.1 category/domains/tags; matched: none.,SRC_INTERNAL_HEURISTIC_V0_2,needs_review
ENT_PEITHO,classical_planet,sun,0,low,Algorithmic seed score from v0.1 category/domains/tags; matched: none.,SRC_INTERNAL_HEURISTIC_V0_2,needs_review
ENT_PEITHO,classical_planet,mars,0,low,Algorithmic seed score from v0.1 category/domains/tags; matched: none.,SRC_INTERNAL_HEURISTIC_V0_2,needs_review
ENT_PEITHO,classical_planet,jupiter,0,low,Algorithmic seed score from v0.1 category/domains/tags; matched: none.,SRC_INTERNAL_HEURISTIC_V0_2,needs_review
ENT_PEITHO,classical_planet,saturn,0,low,Algorithmic seed score from v0.1 category/domains/tags; matched: none.,SRC_INTERNAL_HEURISTIC_V0_2,needs_review
ENT_PENIA,classical_element,earth,0,low,Algorithmic seed score from v0.1 category/domains/tags; matched: none.,SRC_INTERNAL_HEURISTIC_V0_2,needs_review
ENT_PENIA,classical_element,water,0,low,Algorithmic seed score from v0.1 category/domains/tags; matched: none.,SRC_INTERNAL_HEURISTIC_V0_2,needs_review
ENT_PENIA,classical_element,fire,0,low,Algorithmic seed score from v0.1 category/domains/tags; matched: none.,SRC_INTERNAL_HEURISTIC_V0_2,needs_review
ENT_PENIA,classical_element,air,0,low,Algorithmic seed score from v0.1 category/domains/tags; matched: none.,SRC_INTERNAL_HEURISTIC_V0_2,needs_review
ENT_PENIA,classical_planet,moon,0,low,Algorithmic seed score from v0.1 category/domains/tags; matched: none.,SRC_INTERNAL_HEURISTIC_V0_2,needs_review
ENT_PENIA,classical_planet,mercury,0,low,Algorithmic seed score from v0.1 category/domains/tags; matched: none.,SRC_INTERNAL_HEURISTIC_V0_2,needs_review
ENT_PENIA,classical_planet,venus,0,low,Algorithmic seed score from v0.1 category/domains/tags; matched: none.,SRC_INTERNAL_HEURISTIC_V0_2,needs_review
ENT_PENIA,classical_planet,sun,0,low,Algorithmic seed score from v0.1 category/domains/tags; matched: none.,SRC_INTERNAL_HEURISTIC_V0_2,needs_review
ENT_PENIA,classical_planet,mars,0,low,Algorithmic seed score from v0.1 category/domains/tags; matched: none.,SRC_INTERNAL_HEURISTIC_V0_2,needs_review
ENT_PENIA,classical_planet,jupiter,0,low,Algorithmic seed score from v0.1 category/domains/tags; matched: none.,SRC_INTERNAL_HEURISTIC_V0_2,needs_review
ENT_PENIA,classical_planet,saturn,0,low,Algorithmic seed score from v0.1 category/domains/tags; matched: none.,SRC_INTERNAL_HEURISTIC_V0_2,needs_review
ENT_PHEME,classical_element,earth,0,low,Algorithmic seed score from v0.1 category/domains/tags; matched: none.,SRC_INTERNAL_HEURISTIC_V0_2,needs_review
ENT_PHEME,classical_element,water,0,low,Algorithmic seed score from v0.1 category/domains/tags; matched: none.,SRC_INTERNAL_HEURISTIC_V0_2,needs_review
ENT_PHEME,classical_element,fire,0,low,Algorithmic seed score from v0.1 category/domains/tags; matched: none.,SRC_INTERNAL_HEURISTIC_V0_2,needs_review
ENT_PHEME,classical_element,air,0,low,Algorithmic seed score from v0.1 category/domains/tags; matched: none.,SRC_INTERNAL_HEURISTIC_V0_2,needs_review
ENT_PHEME,classical_planet,moon,0,low,Algorithmic seed score from v0.1 category/domains/tags; matched: none.,SRC_INTERNAL_HEURISTIC_V0_2,needs_review
ENT_PHEME,classical_planet,mercury,0,low,Algorithmic seed score from v0.1 category/domains/tags; matched: none.,SRC_INTERNAL_HEURISTIC_V0_2,needs_review
ENT_PHEME,classical_planet,venus,0,low,Algorithmic seed score from v0.1 category/domains/tags; matched: none.,SRC_INTERNAL_HEURISTIC_V0_2,needs_review
ENT_PHEME,classical_planet,sun,0,low,Algorithmic seed score from v0.1 category/domains/tags; matched: none.,SRC_INTERNAL_HEURISTIC_V0_2,needs_review
ENT_PHEME,classical_planet,mars,0,low,Algorithmic seed score from v0.1 category/domains/tags; matched: none.,SRC_INTERNAL_HEURISTIC_V0_2,needs_review
ENT_PHEME,classical_planet,jupiter,0,low,Algorithmic seed score from v0.1 category/domains/tags; matched: none.,SRC_INTERNAL_HEURISTIC_V0_2,needs_review
ENT_PHEME,classical_planet,saturn,0,low,Algorithmic seed score from v0.1 category/domains/tags; matched: none.,SRC_INTERNAL_HEURISTIC_V0_2,needs_review
ENT_PHOBOS,classical_element,earth,0,low,Algorithmic seed score from v0.1 category/domains/tags; matched: none.,SRC_INTERNAL_HEURISTIC_V0_2,needs_review
ENT_PHOBOS,classical_element,water,0,low,Algorithmic seed score from v0.1 category/domains/tags; matched: none.,SRC_INTERNAL_HEURISTIC_V0_2,needs_review
ENT_PHOBOS,classical_element,fire,0,low,Algorithmic seed score from v0.1 category/domains/tags; matched: none.,SRC_INTERNAL_HEURISTIC_V0_2,needs_review
ENT_PHOBOS,classical_element,air,0,low,Algorithmic seed score from v0.1 category/domains/tags; matched: none.,SRC_INTERNAL_HEURISTIC_V0_2,needs_review
ENT_PHOBOS,classical_planet,moon,0,low,Algorithmic seed score from v0.1 category/domains/tags; matched: none.,SRC_INTERNAL_HEURISTIC_V0_2,needs_review
ENT_PHOBOS,classical_planet,mercury,0,low,Algorithmic seed score from v0.1 category/domains/tags; matched: none.,SRC_INTERNAL_HEURISTIC_V0_2,needs_review
ENT_PHOBOS,classical_planet,venus,0,low,Algorithmic seed score from v0.1 category/domains/tags; matched: none.,SRC_INTERNAL_HEURISTIC_V0_2,needs_review
ENT_PHOBOS,classical_planet,sun,0,low,Algorithmic seed score from v0.1 category/domains/tags; matched: none.,SRC_INTERNAL_HEURISTIC_V0_2,needs_review
ENT_PHOBOS,classical_planet,mars,4,medium,Algorithmic seed score from v0.1 category/domains/tags; matched: none.,SRC_INTERNAL_HEURISTIC_V0_2,needs_review
ENT_PHOBOS,classical_planet,jupiter,0,low,Algorithmic seed score from v0.1 category/domains/tags; matched: none.,SRC_INTERNAL_HEURISTIC_V0_2,needs_review
ENT_PHOBOS,classical_planet,saturn,0,low,Algorithmic seed score from v0.1 category/domains/tags; matched: none.,SRC_INTERNAL_HEURISTIC_V0_2,needs_review
ENT_PHILOTES,classical_element,earth,0,low,Algorithmic seed score from v0.1 category/domains/tags; matched: none.,SRC_INTERNAL_HEURISTIC_V0_2,needs_review
ENT_PHILOTES,classical_element,water,0,low,Algorithmic seed score from v0.1 category/domains/tags; matched: none.,SRC_INTERNAL_HEURISTIC_V0_2,needs_review
ENT_PHILOTES,classical_element,fire,0,low,Algorithmic seed score from v0.1 category/domains/tags; matched: none.,SRC_INTERNAL_HEURISTIC_V0_2,needs_review
ENT_PHILOTES,classical_element,air,0,low,Algorithmic seed score from v0.1 category/domains/tags; matched: none.,SRC_INTERNAL_HEURISTIC_V0_2,needs_review
ENT_PHILOTES,classical_planet,moon,0,low,Algorithmic seed score from v0.1 category/domains/tags; matched: none.,SRC_INTERNAL_HEURISTIC_V0_2,needs_review
ENT_PHILOTES,classical_planet,mercury,0,low,Algorithmic seed score from v0.1 category/domains/tags; matched: none.,SRC_INTERNAL_HEURISTIC_V0_2,needs_review
ENT_PHILOTES,classical_planet,venus,0,low,Algorithmic seed score from v0.1 category/domains/tags; matched: none.,SRC_INTERNAL_HEURISTIC_V0_2,needs_review
ENT_PHILOTES,classical_planet,sun,0,low,Algorithmic seed score from v0.1 category/domains/tags; matched: none.,SRC_INTERNAL_HEURISTIC_V0_2,needs_review
ENT_PHILOTES,classical_planet,mars,0,low,Algorithmic seed score from v0.1 category/domains/tags; matched: none.,SRC_INTERNAL_HEURISTIC_V0_2,needs_review
ENT_PHILOTES,classical_planet,jupiter,0,low,Algorithmic seed score from v0.1 category/domains/tags; matched: none.,SRC_INTERNAL_HEURISTIC_V0_2,needs_review
ENT_PHILOTES,classical_planet,saturn,0,low,Algorithmic seed score from v0.1 category/domains/tags; matched: none.,SRC_INTERNAL_HEURISTIC_V0_2,needs_review
ENT_PONOS,classical_element,earth,0,low,Algorithmic seed score from v0.1 category/domains/tags; matched: none.,SRC_INTERNAL_HEURISTIC_V0_2,needs_review
ENT_PONOS,classical_element,water,0,low,Algorithmic seed score from v0.1 category/domains/tags; matched: none.,SRC_INTERNAL_HEURISTIC_V0_2,needs_review
ENT_PONOS,classical_element,fire,0,low,Algorithmic seed score from v0.1 category/domains/tags; matched: none.,SRC_INTERNAL_HEURISTIC_V0_2,needs_review
ENT_PONOS,classical_element,air,0,low,Algorithmic seed score from v0.1 category/domains/tags; matched: none.,SRC_INTERNAL_HEURISTIC_V0_2,needs_review
ENT_PONOS,classical_planet,moon,0,low,Algorithmic seed score from v0.1 category/domains/tags; matched: none.,SRC_INTERNAL_HEURISTIC_V0_2,needs_review
ENT_PONOS,classical_planet,mercury,0,low,Algorithmic seed score from v0.1 category/domains/tags; matched: none.,SRC_INTERNAL_HEURISTIC_V0_2,needs_review
ENT_PONOS,classical_planet,venus,0,low,Algorithmic seed score from v0.1 category/domains/tags; matched: none.,SRC_INTERNAL_HEURISTIC_V0_2,needs_review
ENT_PONOS,classical_planet,sun,0,low,Algorithmic seed score from v0.1 category/domains/tags; matched: none.,SRC_INTERNAL_HEURISTIC_V0_2,needs_review
ENT_PONOS,classical_planet,mars,0,low,Algorithmic seed score from v0.1 category/domains/tags; matched: none.,SRC_INTERNAL_HEURISTIC_V0_2,needs_review
ENT_PONOS,classical_planet,jupiter,0,low,Algorithmic seed score from v0.1 category/domains/tags; matched: none.,SRC_INTERNAL_HEURISTIC_V0_2,needs_review
ENT_PONOS,classical_planet,saturn,0,low,Algorithmic seed score from v0.1 category/domains/tags; matched: none.,SRC_INTERNAL_HEURISTIC_V0_2,needs_review
ENT_POROS,classical_element,earth,0,low,Algorithmic seed score from v0.1 category/domains/tags; matched: none.,SRC_INTERNAL_HEURISTIC_V0_2,needs_review
ENT_POROS,classical_element,water,0,low,Algorithmic seed score from v0.1 category/domains/tags; matched: none.,SRC_INTERNAL_HEURISTIC_V0_2,needs_review
ENT_POROS,classical_element,fire,0,low,Algorithmic seed score from v0.1 category/domains/tags; matched: none.,SRC_INTERNAL_HEURISTIC_V0_2,needs_review
ENT_POROS,classical_element,air,0,low,Algorithmic seed score from v0.1 category/domains/tags; matched: none.,SRC_INTERNAL_HEURISTIC_V0_2,needs_review
ENT_POROS,classical_planet,moon,0,low,Algorithmic seed score from v0.1 category/domains/tags; matched: none.,SRC_INTERNAL_HEURISTIC_V0_2,needs_review
ENT_POROS,classical_planet,mercury,0,low,Algorithmic seed score from v0.1 category/domains/tags; matched: none.,SRC_INTERNAL_HEURISTIC_V0_2,needs_review
ENT_POROS,classical_planet,venus,0,low,Algorithmic seed score from v0.1 category/domains/tags; matched: none.,SRC_INTERNAL_HEURISTIC_V0_2,needs_review
ENT_POROS,classical_planet,sun,0,low,Algorithmic seed score from v0.1 category/domains/tags; matched: none.,SRC_INTERNAL_HEURISTIC_V0_2,needs_review
ENT_POROS,classical_planet,mars,0,low,Algorithmic seed score from v0.1 category/domains/tags; matched: none.,SRC_INTERNAL_HEURISTIC_V0_2,needs_review
ENT_POROS,classical_planet,jupiter,0,low,Algorithmic seed score from v0.1 category/domains/tags; matched: none.,SRC_INTERNAL_HEURISTIC_V0_2,needs_review
ENT_POROS,classical_planet,saturn,0,low,Algorithmic seed score from v0.1 category/domains/tags; matched: none.,SRC_INTERNAL_HEURISTIC_V0_2,needs_review
ENT_POTHOS,classical_element,earth,0,low,Algorithmic seed score from v0.1 category/domains/tags; matched: none.,SRC_INTERNAL_HEURISTIC_V0_2,needs_review
ENT_POTHOS,classical_element,water,0,low,Algorithmic seed score from v0.1 category/domains/tags; matched: none.,SRC_INTERNAL_HEURISTIC_V0_2,needs_review
ENT_POTHOS,classical_element,fire,0,low,Algorithmic seed score from v0.1 category/domains/tags; matched: none.,SRC_INTERNAL_HEURISTIC_V0_2,needs_review
ENT_POTHOS,classical_element,air,0,low,Algorithmic seed score from v0.1 category/domains/tags; matched: none.,SRC_INTERNAL_HEURISTIC_V0_2,needs_review
ENT_POTHOS,classical_planet,moon,0,low,Algorithmic seed score from v0.1 category/domains/tags; matched: none.,SRC_INTERNAL_HEURISTIC_V0_2,needs_review
ENT_POTHOS,classical_planet,mercury,0,low,Algorithmic seed score from v0.1 category/domains/tags; matched: none.,SRC_INTERNAL_HEURISTIC_V0_2,needs_review
ENT_POTHOS,classical_planet,venus,4,medium,Algorithmic seed score from v0.1 category/domains/tags; matched: none.,SRC_INTERNAL_HEURISTIC_V0_2,needs_review
ENT_POTHOS,classical_planet,sun,0,low,Algorithmic seed score from v0.1 category/domains/tags; matched: none.,SRC_INTERNAL_HEURISTIC_V0_2,needs_review
ENT_POTHOS,classical_planet,mars,0,low,Algorithmic seed score from v0.1 category/domains/tags; matched: none.,SRC_INTERNAL_HEURISTIC_V0_2,needs_review
ENT_POTHOS,classical_planet,jupiter,0,low,Algorithmic seed score from v0.1 category/domains/tags; matched: none.,SRC_INTERNAL_HEURISTIC_V0_2,needs_review
ENT_POTHOS,classical_planet,saturn,0,low,Algorithmic seed score from v0.1 category/domains/tags; matched: none.,SRC_INTERNAL_HEURISTIC_V0_2,needs_review
ENT_SOPHROSYNE,classical_element,earth,0,low,Algorithmic seed score from v0.1 category/domains/tags; matched: none.,SRC_INTERNAL_HEURISTIC_V0_2,needs_review
ENT_SOPHROSYNE,classical_element,water,0,low,Algorithmic seed score from v0.1 category/domains/tags; matched: none.,SRC_INTERNAL_HEURISTIC_V0_2,needs_review
ENT_SOPHROSYNE,classical_element,fire,0,low,Algorithmic seed score from v0.1 category/domains/tags; matched: none.,SRC_INTERNAL_HEURISTIC_V0_2,needs_review
ENT_SOPHROSYNE,classical_element,air,0,low,Algorithmic seed score from v0.1 category/domains/tags; matched: none.,SRC_INTERNAL_HEURISTIC_V0_2,needs_review
ENT_SOPHROSYNE,classical_planet,moon,0,low,Algorithmic seed score from v0.1 category/domains/tags; matched: none.,SRC_INTERNAL_HEURISTIC_V0_2,needs_review
ENT_SOPHROSYNE,classical_planet,mercury,0,low,Algorithmic seed score from v0.1 category/domains/tags; matched: none.,SRC_INTERNAL_HEURISTIC_V0_2,needs_review
ENT_SOPHROSYNE,classical_planet,venus,0,low,Algorithmic seed score from v0.1 category/domains/tags; matched: none.,SRC_INTERNAL_HEURISTIC_V0_2,needs_review
ENT_SOPHROSYNE,classical_planet,sun,0,low,Algorithmic seed score from v0.1 category/domains/tags; matched: none.,SRC_INTERNAL_HEURISTIC_V0_2,needs_review
ENT_SOPHROSYNE,classical_planet,mars,0,low,Algorithmic seed score from v0.1 category/domains/tags; matched: none.,SRC_INTERNAL_HEURISTIC_V0_2,needs_review
ENT_SOPHROSYNE,classical_planet,jupiter,0,low,Algorithmic seed score from v0.1 category/domains/tags; matched: none.,SRC_INTERNAL_HEURISTIC_V0_2,needs_review
ENT_SOPHROSYNE,classical_planet,saturn,0,low,Algorithmic seed score from v0.1 category/domains/tags; matched: none.,SRC_INTERNAL_HEURISTIC_V0_2,needs_review
ENT_SOTER,classical_element,earth,0,low,Algorithmic seed score from v0.1 category/domains/tags; matched: none.,SRC_INTERNAL_HEURISTIC_V0_2,needs_review
ENT_SOTER,classical_element,water,0,low,Algorithmic seed score from v0.1 category/domains/tags; matched: none.,SRC_INTERNAL_HEURISTIC_V0_2,needs_review
ENT_SOTER,classical_element,fire,0,low,Algorithmic seed score from v0.1 category/domains/tags; matched: none.,SRC_INTERNAL_HEURISTIC_V0_2,needs_review
ENT_SOTER,classical_element,air,0,low,Algorithmic seed score from v0.1 category/domains/tags; matched: none.,SRC_INTERNAL_HEURISTIC_V0_2,needs_review
ENT_SOTER,classical_planet,moon,0,low,Algorithmic seed score from v0.1 category/domains/tags; matched: none.,SRC_INTERNAL_HEURISTIC_V0_2,needs_review
ENT_SOTER,classical_planet,mercury,0,low,Algorithmic seed score from v0.1 category/domains/tags; matched: none.,SRC_INTERNAL_HEURISTIC_V0_2,needs_review
ENT_SOTER,classical_planet,venus,0,low,Algorithmic seed score from v0.1 category/domains/tags; matched: none.,SRC_INTERNAL_HEURISTIC_V0_2,needs_review
ENT_SOTER,classical_planet,sun,0,low,Algorithmic seed score from v0.1 category/domains/tags; matched: none.,SRC_INTERNAL_HEURISTIC_V0_2,needs_review
ENT_SOTER,classical_planet,mars,0,low,Algorithmic seed score from v0.1 category/domains/tags; matched: none.,SRC_INTERNAL_HEURISTIC_V0_2,needs_review
ENT_SOTER,classical_planet,jupiter,0,low,Algorithmic seed score from v0.1 category/domains/tags; matched: none.,SRC_INTERNAL_HEURISTIC_V0_2,needs_review
ENT_SOTER,classical_planet,saturn,0,low,Algorithmic seed score from v0.1 category/domains/tags; matched: none.,SRC_INTERNAL_HEURISTIC_V0_2,needs_review
ENT_SOTERIA,classical_element,earth,0,low,Algorithmic seed score from v0.1 category/domains/tags; matched: none.,SRC_INTERNAL_HEURISTIC_V0_2,needs_review
ENT_SOTERIA,classical_element,water,0,low,Algorithmic seed score from v0.1 category/domains/tags; matched: none.,SRC_INTERNAL_HEURISTIC_V0_2,needs_review
ENT_SOTERIA,classical_element,fire,0,low,Algorithmic seed score from v0.1 category/domains/tags; matched: none.,SRC_INTERNAL_HEURISTIC_V0_2,needs_review
ENT_SOTERIA,classical_element,air,0,low,Algorithmic seed score from v0.1 category/domains/tags; matched: none.,SRC_INTERNAL_HEURISTIC_V0_2,needs_review
ENT_SOTERIA,classical_planet,moon,0,low,Algorithmic seed score from v0.1 category/domains/tags; matched: none.,SRC_INTERNAL_HEURISTIC_V0_2,needs_review
ENT_SOTERIA,classical_planet,mercury,0,low,Algorithmic seed score from v0.1 category/domains/tags; matched: none.,SRC_INTERNAL_HEURISTIC_V0_2,needs_review
ENT_SOTERIA,classical_planet,venus,0,low,Algorithmic seed score from v0.1 category/domains/tags; matched: none.,SRC_INTERNAL_HEURISTIC_V0_2,needs_review
ENT_SOTERIA,classical_planet,sun,0,low,Algorithmic seed score from v0.1 category/domains/tags; matched: none.,SRC_INTERNAL_HEURISTIC_V0_2,needs_review
ENT_SOTERIA,classical_planet,mars,0,low,Algorithmic seed score from v0.1 category/domains/tags; matched: none.,SRC_INTERNAL_HEURISTIC_V0_2,needs_review
ENT_SOTERIA,classical_planet,jupiter,0,low,Algorithmic seed score from v0.1 category/domains/tags; matched: none.,SRC_INTERNAL_HEURISTIC_V0_2,needs_review
ENT_SOTERIA,classical_planet,saturn,0,low,Algorithmic seed score from v0.1 category/domains/tags; matched: none.,SRC_INTERNAL_HEURISTIC_V0_2,needs_review
ENT_TECHNE,classical_element,earth,0,low,Algorithmic seed score from v0.1 category/domains/tags; matched: none.,SRC_INTERNAL_HEURISTIC_V0_2,needs_review
ENT_TECHNE,classical_element,water,0,low,Algorithmic seed score from v0.1 category/domains/tags; matched: none.,SRC_INTERNAL_HEURISTIC_V0_2,needs_review
ENT_TECHNE,classical_element,fire,0,low,Algorithmic seed score from v0.1 category/domains/tags; matched: none.,SRC_INTERNAL_HEURISTIC_V0_2,needs_review
ENT_TECHNE,classical_element,air,0,low,Algorithmic seed score from v0.1 category/domains/tags; matched: none.,SRC_INTERNAL_HEURISTIC_V0_2,needs_review
ENT_TECHNE,classical_planet,moon,0,low,Algorithmic seed score from v0.1 category/domains/tags; matched: none.,SRC_INTERNAL_HEURISTIC_V0_2,needs_review
ENT_TECHNE,classical_planet,mercury,0,low,Algorithmic seed score from v0.1 category/domains/tags; matched: none.,SRC_INTERNAL_HEURISTIC_V0_2,needs_review
ENT_TECHNE,classical_planet,venus,0,low,Algorithmic seed score from v0.1 category/domains/tags; matched: none.,SRC_INTERNAL_HEURISTIC_V0_2,needs_review
ENT_TECHNE,classical_planet,sun,0,low,Algorithmic seed score from v0.1 category/domains/tags; matched: none.,SRC_INTERNAL_HEURISTIC_V0_2,needs_review
ENT_TECHNE,classical_planet,mars,0,low,Algorithmic seed score from v0.1 category/domains/tags; matched: none.,SRC_INTERNAL_HEURISTIC_V0_2,needs_review
ENT_TECHNE,classical_planet,jupiter,0,low,Algorithmic seed score from v0.1 category/domains/tags; matched: none.,SRC_INTERNAL_HEURISTIC_V0_2,needs_review
ENT_TECHNE,classical_planet,saturn,0,low,Algorithmic seed score from v0.1 category/domains/tags; matched: none.,SRC_INTERNAL_HEURISTIC_V0_2,needs_review
ENT_THANATOS_173,classical_element,earth,0,low,Algorithmic seed score from v0.1 category/domains/tags; matched: none.,SRC_INTERNAL_HEURISTIC_V0_2,needs_review
ENT_THANATOS_173,classical_element,water,0,low,Algorithmic seed score from v0.1 category/domains/tags; matched: none.,SRC_INTERNAL_HEURISTIC_V0_2,needs_review
ENT_THANATOS_173,classical_element,fire,0,low,Algorithmic seed score from v0.1 category/domains/tags; matched: none.,SRC_INTERNAL_HEURISTIC_V0_2,needs_review
ENT_THANATOS_173,classical_element,air,0,low,Algorithmic seed score from v0.1 category/domains/tags; matched: none.,SRC_INTERNAL_HEURISTIC_V0_2,needs_review
ENT_THANATOS_173,classical_planet,moon,0,low,Algorithmic seed score from v0.1 category/domains/tags; matched: none.,SRC_INTERNAL_HEURISTIC_V0_2,needs_review
ENT_THANATOS_173,classical_planet,mercury,0,low,Algorithmic seed score from v0.1 category/domains/tags; matched: none.,SRC_INTERNAL_HEURISTIC_V0_2,needs_review
ENT_THANATOS_173,classical_planet,venus,0,low,Algorithmic seed score from v0.1 category/domains/tags; matched: none.,SRC_INTERNAL_HEURISTIC_V0_2,needs_review
ENT_THANATOS_173,classical_planet,sun,0,low,Algorithmic seed score from v0.1 category/domains/tags; matched: none.,SRC_INTERNAL_HEURISTIC_V0_2,needs_review
ENT_THANATOS_173,classical_planet,mars,0,low,Algorithmic seed score from v0.1 category/domains/tags; matched: none.,SRC_INTERNAL_HEURISTIC_V0_2,needs_review
ENT_THANATOS_173,classical_planet,jupiter,0,low,Algorithmic seed score from v0.1 category/domains/tags; matched: none.,SRC_INTERNAL_HEURISTIC_V0_2,needs_review
ENT_THANATOS_173,classical_planet,saturn,4,medium,Algorithmic seed score from v0.1 category/domains/tags; matched: none.,SRC_INTERNAL_HEURISTIC_V0_2,needs_review
ENT_THEMIS_174,classical_element,earth,0,low,Algorithmic seed score from v0.1 category/domains/tags; matched: none.,SRC_INTERNAL_HEURISTIC_V0_2,needs_review
ENT_THEMIS_174,classical_element,water,0,low,Algorithmic seed score from v0.1 category/domains/tags; matched: none.,SRC_INTERNAL_HEURISTIC_V0_2,needs_review
ENT_THEMIS_174,classical_element,fire,0,low,Algorithmic seed score from v0.1 category/domains/tags; matched: none.,SRC_INTERNAL_HEURISTIC_V0_2,needs_review
ENT_THEMIS_174,classical_element,air,0,low,Algorithmic seed score from v0.1 category/domains/tags; matched: none.,SRC_INTERNAL_HEURISTIC_V0_2,needs_review
ENT_THEMIS_174,classical_planet,moon,0,low,Algorithmic seed score from v0.1 category/domains/tags; matched: none.,SRC_INTERNAL_HEURISTIC_V0_2,needs_review
ENT_THEMIS_174,classical_planet,mercury,0,low,Algorithmic seed score from v0.1 category/domains/tags; matched: none.,SRC_INTERNAL_HEURISTIC_V0_2,needs_review
ENT_THEMIS_174,classical_planet,venus,0,low,Algorithmic seed score from v0.1 category/domains/tags; matched: none.,SRC_INTERNAL_HEURISTIC_V0_2,needs_review
ENT_THEMIS_174,classical_planet,sun,0,low,Algorithmic seed score from v0.1 category/domains/tags; matched: none.,SRC_INTERNAL_HEURISTIC_V0_2,needs_review
ENT_THEMIS_174,classical_planet,mars,0,low,Algorithmic seed score from v0.1 category/domains/tags; matched: none.,SRC_INTERNAL_HEURISTIC_V0_2,needs_review
ENT_THEMIS_174,classical_planet,jupiter,3,low,Algorithmic seed score from v0.1 category/domains/tags; matched: none.,SRC_INTERNAL_HEURISTIC_V0_2,needs_review
ENT_THEMIS_174,classical_planet,saturn,0,low,Algorithmic seed score from v0.1 category/domains/tags; matched: none.,SRC_INTERNAL_HEURISTIC_V0_2,needs_review
ENT_THRASOS,classical_element,earth,0,low,Algorithmic seed score from v0.1 category/domains/tags; matched: none.,SRC_INTERNAL_HEURISTIC_V0_2,needs_review
ENT_THRASOS,classical_element,water,0,low,Algorithmic seed score from v0.1 category/domains/tags; matched: none.,SRC_INTERNAL_HEURISTIC_V0_2,needs_review
ENT_THRASOS,classical_element,fire,0,low,Algorithmic seed score from v0.1 category/domains/tags; matched: none.,SRC_INTERNAL_HEURISTIC_V0_2,needs_review
ENT_THRASOS,classical_element,air,0,low,Algorithmic seed score from v0.1 category/domains/tags; matched: none.,SRC_INTERNAL_HEURISTIC_V0_2,needs_review
ENT_THRASOS,classical_planet,moon,0,low,Algorithmic seed score from v0.1 category/domains/tags; matched: none.,SRC_INTERNAL_HEURISTIC_V0_2,needs_review
ENT_THRASOS,classical_planet,mercury,0,low,Algorithmic seed score from v0.1 category/domains/tags; matched: none.,SRC_INTERNAL_HEURISTIC_V0_2,needs_review
ENT_THRASOS,classical_planet,venus,0,low,Algorithmic seed score from v0.1 category/domains/tags; matched: none.,SRC_INTERNAL_HEURISTIC_V0_2,needs_review
ENT_THRASOS,classical_planet,sun,0,low,Algorithmic seed score from v0.1 category/domains/tags; matched: none.,SRC_INTERNAL_HEURISTIC_V0_2,needs_review
ENT_THRASOS,classical_planet,mars,0,low,Algorithmic seed score from v0.1 category/domains/tags; matched: none.,SRC_INTERNAL_HEURISTIC_V0_2,needs_review
ENT_THRASOS,classical_planet,jupiter,0,low,Algorithmic seed score from v0.1 category/domains/tags; matched: none.,SRC_INTERNAL_HEURISTIC_V0_2,needs_review
ENT_THRASOS,classical_planet,saturn,0,low,Algorithmic seed score from v0.1 category/domains/tags; matched: none.,SRC_INTERNAL_HEURISTIC_V0_2,needs_review
ENT_TYCHE_176,classical_element,earth,0,low,Algorithmic seed score from v0.1 category/domains/tags; matched: none.,SRC_INTERNAL_HEURISTIC_V0_2,needs_review
ENT_TYCHE_176,classical_element,water,0,low,Algorithmic seed score from v0.1 category/domains/tags; matched: none.,SRC_INTERNAL_HEURISTIC_V0_2,needs_review
ENT_TYCHE_176,classical_element,fire,0,low,Algorithmic seed score from v0.1 category/domains/tags; matched: none.,SRC_INTERNAL_HEURISTIC_V0_2,needs_review
ENT_TYCHE_176,classical_element,air,0,low,Algorithmic seed score from v0.1 category/domains/tags; matched: none.,SRC_INTERNAL_HEURISTIC_V0_2,needs_review
ENT_TYCHE_176,classical_planet,moon,0,low,Algorithmic seed score from v0.1 category/domains/tags; matched: none.,SRC_INTERNAL_HEURISTIC_V0_2,needs_review
ENT_TYCHE_176,classical_planet,mercury,0,low,Algorithmic seed score from v0.1 category/domains/tags; matched: none.,SRC_INTERNAL_HEURISTIC_V0_2,needs_review
ENT_TYCHE_176,classical_planet,venus,0,low,Algorithmic seed score from v0.1 category/domains/tags; matched: none.,SRC_INTERNAL_HEURISTIC_V0_2,needs_review
ENT_TYCHE_176,classical_planet,sun,0,low,Algorithmic seed score from v0.1 category/domains/tags; matched: none.,SRC_INTERNAL_HEURISTIC_V0_2,needs_review
ENT_TYCHE_176,classical_planet,mars,0,low,Algorithmic seed score from v0.1 category/domains/tags; matched: none.,SRC_INTERNAL_HEURISTIC_V0_2,needs_review
ENT_TYCHE_176,classical_planet,jupiter,0,low,Algorithmic seed score from v0.1 category/domains/tags; matched: none.,SRC_INTERNAL_HEURISTIC_V0_2,needs_review
ENT_TYCHE_176,classical_planet,saturn,0,low,Algorithmic seed score from v0.1 category/domains/tags; matched: none.,SRC_INTERNAL_HEURISTIC_V0_2,needs_review
ENT_ZELOS,classical_element,earth,0,low,Algorithmic seed score from v0.1 category/domains/tags; matched: none.,SRC_INTERNAL_HEURISTIC_V0_2,needs_review
ENT_ZELOS,classical_element,water,0,low,Algorithmic seed score from v0.1 category/domains/tags; matched: none.,SRC_INTERNAL_HEURISTIC_V0_2,needs_review
ENT_ZELOS,classical_element,fire,0,low,Algorithmic seed score from v0.1 category/domains/tags; matched: none.,SRC_INTERNAL_HEURISTIC_V0_2,needs_review
ENT_ZELOS,classical_element,air,0,low,Algorithmic seed score from v0.1 category/domains/tags; matched: none.,SRC_INTERNAL_HEURISTIC_V0_2,needs_review
ENT_ZELOS,classical_planet,moon,0,low,Algorithmic seed score from v0.1 category/domains/tags; matched: none.,SRC_INTERNAL_HEURISTIC_V0_2,needs_review
ENT_ZELOS,classical_planet,mercury,0,low,Algorithmic seed score from v0.1 category/domains/tags; matched: none.,SRC_INTERNAL_HEURISTIC_V0_2,needs_review
ENT_ZELOS,classical_planet,venus,0,low,Algorithmic seed score from v0.1 category/domains/tags; matched: none.,SRC_INTERNAL_HEURISTIC_V0_2,needs_review
ENT_ZELOS,classical_planet,sun,0,low,Algorithmic seed score from v0.1 category/domains/tags; matched: none.,SRC_INTERNAL_HEURISTIC_V0_2,needs_review
ENT_ZELOS,classical_planet,mars,0,low,Algorithmic seed score from v0.1 category/domains/tags; matched: none.,SRC_INTERNAL_HEURISTIC_V0_2,needs_review
ENT_ZELOS,classical_planet,jupiter,0,low,Algorithmic seed score from v0.1 category/domains/tags; matched: none.,SRC_INTERNAL_HEURISTIC_V0_2,needs_review
ENT_ZELOS,classical_planet,saturn,0,low,Algorithmic seed score from v0.1 category/domains/tags; matched: none.,SRC_INTERNAL_HEURISTIC_V0_2,needs_review
ENT_ADIKIA,classical_element,earth,0,low,Algorithmic seed score from v0.1 category/domains/tags; matched: none.,SRC_INTERNAL_HEURISTIC_V0_2,needs_review
ENT_ADIKIA,classical_element,water,0,low,Algorithmic seed score from v0.1 category/domains/tags; matched: none.,SRC_INTERNAL_HEURISTIC_V0_2,needs_review
ENT_ADIKIA,classical_element,fire,0,low,Algorithmic seed score from v0.1 category/domains/tags; matched: none.,SRC_INTERNAL_HEURISTIC_V0_2,needs_review
ENT_ADIKIA,classical_element,air,0,low,Algorithmic seed score from v0.1 category/domains/tags; matched: none.,SRC_INTERNAL_HEURISTIC_V0_2,needs_review
ENT_ADIKIA,classical_planet,moon,0,low,Algorithmic seed score from v0.1 category/domains/tags; matched: none.,SRC_INTERNAL_HEURISTIC_V0_2,needs_review
ENT_ADIKIA,classical_planet,mercury,0,low,Algorithmic seed score from v0.1 category/domains/tags; matched: none.,SRC_INTERNAL_HEURISTIC_V0_2,needs_review
ENT_ADIKIA,classical_planet,venus,0,low,Algorithmic seed score from v0.1 category/domains/tags; matched: none.,SRC_INTERNAL_HEURISTIC_V0_2,needs_review
ENT_ADIKIA,classical_planet,sun,0,low,Algorithmic seed score from v0.1 category/domains/tags; matched: none.,SRC_INTERNAL_HEURISTIC_V0_2,needs_review
ENT_ADIKIA,classical_planet,mars,0,low,Algorithmic seed score from v0.1 category/domains/tags; matched: none.,SRC_INTERNAL_HEURISTIC_V0_2,needs_review
ENT_ADIKIA,classical_planet,jupiter,0,low,Algorithmic seed score from v0.1 category/domains/tags; matched: none.,SRC_INTERNAL_HEURISTIC_V0_2,needs_review
ENT_ADIKIA,classical_planet,saturn,0,low,Algorithmic seed score from v0.1 category/domains/tags; matched: none.,SRC_INTERNAL_HEURISTIC_V0_2,needs_review
ENT_DIKAIOSYNE,classical_element,earth,0,low,Algorithmic seed score from v0.1 category/domains/tags; matched: none.,SRC_INTERNAL_HEURISTIC_V0_2,needs_review
ENT_DIKAIOSYNE,classical_element,water,0,low,Algorithmic seed score from v0.1 category/domains/tags; matched: none.,SRC_INTERNAL_HEURISTIC_V0_2,needs_review
ENT_DIKAIOSYNE,classical_element,fire,0,low,Algorithmic seed score from v0.1 category/domains/tags; matched: none.,SRC_INTERNAL_HEURISTIC_V0_2,needs_review
ENT_DIKAIOSYNE,classical_element,air,0,low,Algorithmic seed score from v0.1 category/domains/tags; matched: none.,SRC_INTERNAL_HEURISTIC_V0_2,needs_review
ENT_DIKAIOSYNE,classical_planet,moon,0,low,Algorithmic seed score from v0.1 category/domains/tags; matched: none.,SRC_INTERNAL_HEURISTIC_V0_2,needs_review
ENT_DIKAIOSYNE,classical_planet,mercury,0,low,Algorithmic seed score from v0.1 category/domains/tags; matched: none.,SRC_INTERNAL_HEURISTIC_V0_2,needs_review
ENT_DIKAIOSYNE,classical_planet,venus,0,low,Algorithmic seed score from v0.1 category/domains/tags; matched: none.,SRC_INTERNAL_HEURISTIC_V0_2,needs_review
ENT_DIKAIOSYNE,classical_planet,sun,0,low,Algorithmic seed score from v0.1 category/domains/tags; matched: none.,SRC_INTERNAL_HEURISTIC_V0_2,needs_review
ENT_DIKAIOSYNE,classical_planet,mars,0,low,Algorithmic seed score from v0.1 category/domains/tags; matched: none.,SRC_INTERNAL_HEURISTIC_V0_2,needs_review
ENT_DIKAIOSYNE,classical_planet,jupiter,0,low,Algorithmic seed score from v0.1 category/domains/tags; matched: none.,SRC_INTERNAL_HEURISTIC_V0_2,needs_review
ENT_DIKAIOSYNE,classical_planet,saturn,0,low,Algorithmic seed score from v0.1 category/domains/tags; matched: none.,SRC_INTERNAL_HEURISTIC_V0_2,needs_review
ENT_ELEOS,classical_element,earth,0,low,Algorithmic seed score from v0.1 category/domains/tags; matched: none.,SRC_INTERNAL_HEURISTIC_V0_2,needs_review
ENT_ELEOS,classical_element,water,0,low,Algorithmic seed score from v0.1 category/domains/tags; matched: none.,SRC_INTERNAL_HEURISTIC_V0_2,needs_review
ENT_ELEOS,classical_element,fire,0,low,Algorithmic seed score from v0.1 category/domains/tags; matched: none.,SRC_INTERNAL_HEURISTIC_V0_2,needs_review
ENT_ELEOS,classical_element,air,0,low,Algorithmic seed score from v0.1 category/domains/tags; matched: none.,SRC_INTERNAL_HEURISTIC_V0_2,needs_review
ENT_ELEOS,classical_planet,moon,0,low,Algorithmic seed score from v0.1 category/domains/tags; matched: none.,SRC_INTERNAL_HEURISTIC_V0_2,needs_review
ENT_ELEOS,classical_planet,mercury,0,low,Algorithmic seed score from v0.1 category/domains/tags; matched: none.,SRC_INTERNAL_HEURISTIC_V0_2,needs_review
ENT_ELEOS,classical_planet,venus,0,low,Algorithmic seed score from v0.1 category/domains/tags; matched: none.,SRC_INTERNAL_HEURISTIC_V0_2,needs_review
ENT_ELEOS,classical_planet,sun,0,low,Algorithmic seed score from v0.1 category/domains/tags; matched: none.,SRC_INTERNAL_HEURISTIC_V0_2,needs_review
ENT_ELEOS,classical_planet,mars,0,low,Algorithmic seed score from v0.1 category/domains/tags; matched: none.,SRC_INTERNAL_HEURISTIC_V0_2,needs_review
ENT_ELEOS,classical_planet,jupiter,0,low,Algorithmic seed score from v0.1 category/domains/tags; matched: none.,SRC_INTERNAL_HEURISTIC_V0_2,needs_review
ENT_ELEOS,classical_planet,saturn,0,low,Algorithmic seed score from v0.1 category/domains/tags; matched: none.,SRC_INTERNAL_HEURISTIC_V0_2,needs_review
ENT_EPIPHRON,classical_element,earth,0,low,Algorithmic seed score from v0.1 category/domains/tags; matched: none.,SRC_INTERNAL_HEURISTIC_V0_2,needs_review
ENT_EPIPHRON,classical_element,water,0,low,Algorithmic seed score from v0.1 category/domains/tags; matched: none.,SRC_INTERNAL_HEURISTIC_V0_2,needs_review
ENT_EPIPHRON,classical_element,fire,0,low,Algorithmic seed score from v0.1 category/domains/tags; matched: none.,SRC_INTERNAL_HEURISTIC_V0_2,needs_review
ENT_EPIPHRON,classical_element,air,0,low,Algorithmic seed score from v0.1 category/domains/tags; matched: none.,SRC_INTERNAL_HEURISTIC_V0_2,needs_review
ENT_EPIPHRON,classical_planet,moon,0,low,Algorithmic seed score from v0.1 category/domains/tags; matched: none.,SRC_INTERNAL_HEURISTIC_V0_2,needs_review
ENT_EPIPHRON,classical_planet,mercury,0,low,Algorithmic seed score from v0.1 category/domains/tags; matched: none.,SRC_INTERNAL_HEURISTIC_V0_2,needs_review
ENT_EPIPHRON,classical_planet,venus,0,low,Algorithmic seed score from v0.1 category/domains/tags; matched: none.,SRC_INTERNAL_HEURISTIC_V0_2,needs_review
ENT_EPIPHRON,classical_planet,sun,0,low,Algorithmic seed score from v0.1 category/domains/tags; matched: none.,SRC_INTERNAL_HEURISTIC_V0_2,needs_review
ENT_EPIPHRON,classical_planet,mars,0,low,Algorithmic seed score from v0.1 category/domains/tags; matched: none.,SRC_INTERNAL_HEURISTIC_V0_2,needs_review
ENT_EPIPHRON,classical_planet,jupiter,0,low,Algorithmic seed score from v0.1 category/domains/tags; matched: none.,SRC_INTERNAL_HEURISTIC_V0_2,needs_review
ENT_EPIPHRON,classical_planet,saturn,0,low,Algorithmic seed score from v0.1 category/domains/tags; matched: none.,SRC_INTERNAL_HEURISTIC_V0_2,needs_review
ENT_EUSEBEIA,classical_element,earth,0,low,Algorithmic seed score from v0.1 category/domains/tags; matched: none.,SRC_INTERNAL_HEURISTIC_V0_2,needs_review
ENT_EUSEBEIA,classical_element,water,0,low,Algorithmic seed score from v0.1 category/domains/tags; matched: none.,SRC_INTERNAL_HEURISTIC_V0_2,needs_review
ENT_EUSEBEIA,classical_element,fire,0,low,Algorithmic seed score from v0.1 category/domains/tags; matched: none.,SRC_INTERNAL_HEURISTIC_V0_2,needs_review
ENT_EUSEBEIA,classical_element,air,0,low,Algorithmic seed score from v0.1 category/domains/tags; matched: none.,SRC_INTERNAL_HEURISTIC_V0_2,needs_review
ENT_EUSEBEIA,classical_planet,moon,0,low,Algorithmic seed score from v0.1 category/domains/tags; matched: none.,SRC_INTERNAL_HEURISTIC_V0_2,needs_review
ENT_EUSEBEIA,classical_planet,mercury,0,low,Algorithmic seed score from v0.1 category/domains/tags; matched: none.,SRC_INTERNAL_HEURISTIC_V0_2,needs_review
ENT_EUSEBEIA,classical_planet,venus,0,low,Algorithmic seed score from v0.1 category/domains/tags; matched: none.,SRC_INTERNAL_HEURISTIC_V0_2,needs_review
ENT_EUSEBEIA,classical_planet,sun,0,low,Algorithmic seed score from v0.1 category/domains/tags; matched: none.,SRC_INTERNAL_HEURISTIC_V0_2,needs_review
ENT_EUSEBEIA,classical_planet,mars,0,low,Algorithmic seed score from v0.1 category/domains/tags; matched: none.,SRC_INTERNAL_HEURISTIC_V0_2,needs_review
ENT_EUSEBEIA,classical_planet,jupiter,0,low,Algorithmic seed score from v0.1 category/domains/tags; matched: none.,SRC_INTERNAL_HEURISTIC_V0_2,needs_review
ENT_EUSEBEIA,classical_planet,saturn,0,low,Algorithmic seed score from v0.1 category/domains/tags; matched: none.,SRC_INTERNAL_HEURISTIC_V0_2,needs_review
ENT_HORKOS,classical_element,earth,0,low,Algorithmic seed score from v0.1 category/domains/tags; matched: none.,SRC_INTERNAL_HEURISTIC_V0_2,needs_review
ENT_HORKOS,classical_element,water,0,low,Algorithmic seed score from v0.1 category/domains/tags; matched: none.,SRC_INTERNAL_HEURISTIC_V0_2,needs_review
ENT_HORKOS,classical_element,fire,0,low,Algorithmic seed score from v0.1 category/domains/tags; matched: none.,SRC_INTERNAL_HEURISTIC_V0_2,needs_review
ENT_HORKOS,classical_element,air,0,low,Algorithmic seed score from v0.1 category/domains/tags; matched: none.,SRC_INTERNAL_HEURISTIC_V0_2,needs_review
ENT_HORKOS,classical_planet,moon,0,low,Algorithmic seed score from v0.1 category/domains/tags; matched: none.,SRC_INTERNAL_HEURISTIC_V0_2,needs_review
ENT_HORKOS,classical_planet,mercury,0,low,Algorithmic seed score from v0.1 category/domains/tags; matched: none.,SRC_INTERNAL_HEURISTIC_V0_2,needs_review
ENT_HORKOS,classical_planet,venus,0,low,Algorithmic seed score from v0.1 category/domains/tags; matched: none.,SRC_INTERNAL_HEURISTIC_V0_2,needs_review
ENT_HORKOS,classical_planet,sun,0,low,Algorithmic seed score from v0.1 category/domains/tags; matched: none.,SRC_INTERNAL_HEURISTIC_V0_2,needs_review
ENT_HORKOS,classical_planet,mars,0,low,Algorithmic seed score from v0.1 category/domains/tags; matched: none.,SRC_INTERNAL_HEURISTIC_V0_2,needs_review
ENT_HORKOS,classical_planet,jupiter,0,low,Algorithmic seed score from v0.1 category/domains/tags; matched: none.,SRC_INTERNAL_HEURISTIC_V0_2,needs_review
ENT_HORKOS,classical_planet,saturn,0,low,Algorithmic seed score from v0.1 category/domains/tags; matched: none.,SRC_INTERNAL_HEURISTIC_V0_2,needs_review
ENT_KAIROS,classical_element,earth,0,low,Algorithmic seed score from v0.1 category/domains/tags; matched: none.,SRC_INTERNAL_HEURISTIC_V0_2,needs_review
ENT_KAIROS,classical_element,water,0,low,Algorithmic seed score from v0.1 category/domains/tags; matched: none.,SRC_INTERNAL_HEURISTIC_V0_2,needs_review
ENT_KAIROS,classical_element,fire,0,low,Algorithmic seed score from v0.1 category/domains/tags; matched: none.,SRC_INTERNAL_HEURISTIC_V0_2,needs_review
ENT_KAIROS,classical_element,air,5,medium,Algorithmic seed score from v0.1 category/domains/tags; matched: air.,SRC_INTERNAL_HEURISTIC_V0_2,needs_review
ENT_KAIROS,classical_planet,moon,0,low,Algorithmic seed score from v0.1 category/domains/tags; matched: none.,SRC_INTERNAL_HEURISTIC_V0_2,needs_review
ENT_KAIROS,classical_planet,mercury,0,low,Algorithmic seed score from v0.1 category/domains/tags; matched: none.,SRC_INTERNAL_HEURISTIC_V0_2,needs_review
ENT_KAIROS,classical_planet,venus,0,low,Algorithmic seed score from v0.1 category/domains/tags; matched: none.,SRC_INTERNAL_HEURISTIC_V0_2,needs_review
ENT_KAIROS,classical_planet,sun,0,low,Algorithmic seed score from v0.1 category/domains/tags; matched: none.,SRC_INTERNAL_HEURISTIC_V0_2,needs_review
ENT_KAIROS,classical_planet,mars,0,low,Algorithmic seed score from v0.1 category/domains/tags; matched: none.,SRC_INTERNAL_HEURISTIC_V0_2,needs_review
ENT_KAIROS,classical_planet,jupiter,0,low,Algorithmic seed score from v0.1 category/domains/tags; matched: none.,SRC_INTERNAL_HEURISTIC_V0_2,needs_review
ENT_KAIROS,classical_planet,saturn,0,low,Algorithmic seed score from v0.1 category/domains/tags; matched: none.,SRC_INTERNAL_HEURISTIC_V0_2,needs_review
ENT_KAKIA,classical_element,earth,0,low,Algorithmic seed score from v0.1 category/domains/tags; matched: none.,SRC_INTERNAL_HEURISTIC_V0_2,needs_review
ENT_KAKIA,classical_element,water,0,low,Algorithmic seed score from v0.1 category/domains/tags; matched: none.,SRC_INTERNAL_HEURISTIC_V0_2,needs_review
ENT_KAKIA,classical_element,fire,0,low,Algorithmic seed score from v0.1 category/domains/tags; matched: none.,SRC_INTERNAL_HEURISTIC_V0_2,needs_review
ENT_KAKIA,classical_element,air,0,low,Algorithmic seed score from v0.1 category/domains/tags; matched: none.,SRC_INTERNAL_HEURISTIC_V0_2,needs_review
ENT_KAKIA,classical_planet,moon,0,low,Algorithmic seed score from v0.1 category/domains/tags; matched: none.,SRC_INTERNAL_HEURISTIC_V0_2,needs_review
ENT_KAKIA,classical_planet,mercury,0,low,Algorithmic seed score from v0.1 category/domains/tags; matched: none.,SRC_INTERNAL_HEURISTIC_V0_2,needs_review
ENT_KAKIA,classical_planet,venus,0,low,Algorithmic seed score from v0.1 category/domains/tags; matched: none.,SRC_INTERNAL_HEURISTIC_V0_2,needs_review
ENT_KAKIA,classical_planet,sun,0,low,Algorithmic seed score from v0.1 category/domains/tags; matched: none.,SRC_INTERNAL_HEURISTIC_V0_2,needs_review
ENT_KAKIA,classical_planet,mars,0,low,Algorithmic seed score from v0.1 category/domains/tags; matched: none.,SRC_INTERNAL_HEURISTIC_V0_2,needs_review
ENT_KAKIA,classical_planet,jupiter,0,low,Algorithmic seed score from v0.1 category/domains/tags; matched: none.,SRC_INTERNAL_HEURISTIC_V0_2,needs_review
ENT_KAKIA,classical_planet,saturn,0,low,Algorithmic seed score from v0.1 category/domains/tags; matched: none.,SRC_INTERNAL_HEURISTIC_V0_2,needs_review
ENT_LITAE,classical_element,earth,0,low,Algorithmic seed score from v0.1 category/domains/tags; matched: none.,SRC_INTERNAL_HEURISTIC_V0_2,needs_review
ENT_LITAE,classical_element,water,0,low,Algorithmic seed score from v0.1 category/domains/tags; matched: none.,SRC_INTERNAL_HEURISTIC_V0_2,needs_review
ENT_LITAE,classical_element,fire,0,low,Algorithmic seed score from v0.1 category/domains/tags; matched: none.,SRC_INTERNAL_HEURISTIC_V0_2,needs_review
ENT_LITAE,classical_element,air,0,low,Algorithmic seed score from v0.1 category/domains/tags; matched: none.,SRC_INTERNAL_HEURISTIC_V0_2,needs_review
ENT_LITAE,classical_planet,moon,0,low,Algorithmic seed score from v0.1 category/domains/tags; matched: none.,SRC_INTERNAL_HEURISTIC_V0_2,needs_review
ENT_LITAE,classical_planet,mercury,0,low,Algorithmic seed score from v0.1 category/domains/tags; matched: none.,SRC_INTERNAL_HEURISTIC_V0_2,needs_review
ENT_LITAE,classical_planet,venus,0,low,Algorithmic seed score from v0.1 category/domains/tags; matched: none.,SRC_INTERNAL_HEURISTIC_V0_2,needs_review
ENT_LITAE,classical_planet,sun,0,low,Algorithmic seed score from v0.1 category/domains/tags; matched: none.,SRC_INTERNAL_HEURISTIC_V0_2,needs_review
ENT_LITAE,classical_planet,mars,0,low,Algorithmic seed score from v0.1 category/domains/tags; matched: none.,SRC_INTERNAL_HEURISTIC_V0_2,needs_review
ENT_LITAE,classical_planet,jupiter,0,low,Algorithmic seed score from v0.1 category/domains/tags; matched: none.,SRC_INTERNAL_HEURISTIC_V0_2,needs_review
ENT_LITAE,classical_planet,saturn,0,low,Algorithmic seed score from v0.1 category/domains/tags; matched: none.,SRC_INTERNAL_HEURISTIC_V0_2,needs_review
ENT_NEIKEA,classical_element,earth,0,low,Algorithmic seed score from v0.1 category/domains/tags; matched: none.,SRC_INTERNAL_HEURISTIC_V0_2,needs_review
ENT_NEIKEA,classical_element,water,0,low,Algorithmic seed score from v0.1 category/domains/tags; matched: none.,SRC_INTERNAL_HEURISTIC_V0_2,needs_review
ENT_NEIKEA,classical_element,fire,0,low,Algorithmic seed score from v0.1 category/domains/tags; matched: none.,SRC_INTERNAL_HEURISTIC_V0_2,needs_review
ENT_NEIKEA,classical_element,air,0,low,Algorithmic seed score from v0.1 category/domains/tags; matched: none.,SRC_INTERNAL_HEURISTIC_V0_2,needs_review
ENT_NEIKEA,classical_planet,moon,0,low,Algorithmic seed score from v0.1 category/domains/tags; matched: none.,SRC_INTERNAL_HEURISTIC_V0_2,needs_review
ENT_NEIKEA,classical_planet,mercury,0,low,Algorithmic seed score from v0.1 category/domains/tags; matched: none.,SRC_INTERNAL_HEURISTIC_V0_2,needs_review
ENT_NEIKEA,classical_planet,venus,0,low,Algorithmic seed score from v0.1 category/domains/tags; matched: none.,SRC_INTERNAL_HEURISTIC_V0_2,needs_review
ENT_NEIKEA,classical_planet,sun,0,low,Algorithmic seed score from v0.1 category/domains/tags; matched: none.,SRC_INTERNAL_HEURISTIC_V0_2,needs_review
ENT_NEIKEA,classical_planet,mars,0,low,Algorithmic seed score from v0.1 category/domains/tags; matched: none.,SRC_INTERNAL_HEURISTIC_V0_2,needs_review
ENT_NEIKEA,classical_planet,jupiter,0,low,Algorithmic seed score from v0.1 category/domains/tags; matched: none.,SRC_INTERNAL_HEURISTIC_V0_2,needs_review
ENT_NEIKEA,classical_planet,saturn,0,low,Algorithmic seed score from v0.1 category/domains/tags; matched: none.,SRC_INTERNAL_HEURISTIC_V0_2,needs_review
ENT_NOMOS,classical_element,earth,0,low,Algorithmic seed score from v0.1 category/domains/tags; matched: none.,SRC_INTERNAL_HEURISTIC_V0_2,needs_review
ENT_NOMOS,classical_element,water,0,low,Algorithmic seed score from v0.1 category/domains/tags; matched: none.,SRC_INTERNAL_HEURISTIC_V0_2,needs_review
ENT_NOMOS,classical_element,fire,0,low,Algorithmic seed score from v0.1 category/domains/tags; matched: none.,SRC_INTERNAL_HEURISTIC_V0_2,needs_review
ENT_NOMOS,classical_element,air,0,low,Algorithmic seed score from v0.1 category/domains/tags; matched: none.,SRC_INTERNAL_HEURISTIC_V0_2,needs_review
ENT_NOMOS,classical_planet,moon,0,low,Algorithmic seed score from v0.1 category/domains/tags; matched: none.,SRC_INTERNAL_HEURISTIC_V0_2,needs_review
ENT_NOMOS,classical_planet,mercury,0,low,Algorithmic seed score from v0.1 category/domains/tags; matched: none.,SRC_INTERNAL_HEURISTIC_V0_2,needs_review
ENT_NOMOS,classical_planet,venus,0,low,Algorithmic seed score from v0.1 category/domains/tags; matched: none.,SRC_INTERNAL_HEURISTIC_V0_2,needs_review
ENT_NOMOS,classical_planet,sun,0,low,Algorithmic seed score from v0.1 category/domains/tags; matched: none.,SRC_INTERNAL_HEURISTIC_V0_2,needs_review
ENT_NOMOS,classical_planet,mars,0,low,Algorithmic seed score from v0.1 category/domains/tags; matched: none.,SRC_INTERNAL_HEURISTIC_V0_2,needs_review
ENT_NOMOS,classical_planet,jupiter,0,low,Algorithmic seed score from v0.1 category/domains/tags; matched: none.,SRC_INTERNAL_HEURISTIC_V0_2,needs_review
ENT_NOMOS,classical_planet,saturn,0,low,Algorithmic seed score from v0.1 category/domains/tags; matched: none.,SRC_INTERNAL_HEURISTIC_V0_2,needs_review
ENT_PALIOXIS,classical_element,earth,0,low,Algorithmic seed score from v0.1 category/domains/tags; matched: none.,SRC_INTERNAL_HEURISTIC_V0_2,needs_review
ENT_PALIOXIS,classical_element,water,0,low,Algorithmic seed score from v0.1 category/domains/tags; matched: none.,SRC_INTERNAL_HEURISTIC_V0_2,needs_review
ENT_PALIOXIS,classical_element,fire,0,low,Algorithmic seed score from v0.1 category/domains/tags; matched: none.,SRC_INTERNAL_HEURISTIC_V0_2,needs_review
ENT_PALIOXIS,classical_element,air,0,low,Algorithmic seed score from v0.1 category/domains/tags; matched: none.,SRC_INTERNAL_HEURISTIC_V0_2,needs_review
ENT_PALIOXIS,classical_planet,moon,0,low,Algorithmic seed score from v0.1 category/domains/tags; matched: none.,SRC_INTERNAL_HEURISTIC_V0_2,needs_review
ENT_PALIOXIS,classical_planet,mercury,0,low,Algorithmic seed score from v0.1 category/domains/tags; matched: none.,SRC_INTERNAL_HEURISTIC_V0_2,needs_review
ENT_PALIOXIS,classical_planet,venus,0,low,Algorithmic seed score from v0.1 category/domains/tags; matched: none.,SRC_INTERNAL_HEURISTIC_V0_2,needs_review
ENT_PALIOXIS,classical_planet,sun,0,low,Algorithmic seed score from v0.1 category/domains/tags; matched: none.,SRC_INTERNAL_HEURISTIC_V0_2,needs_review
ENT_PALIOXIS,classical_planet,mars,0,low,Algorithmic seed score from v0.1 category/domains/tags; matched: none.,SRC_INTERNAL_HEURISTIC_V0_2,needs_review
ENT_PALIOXIS,classical_planet,jupiter,0,low,Algorithmic seed score from v0.1 category/domains/tags; matched: none.,SRC_INTERNAL_HEURISTIC_V0_2,needs_review
ENT_PALIOXIS,classical_planet,saturn,0,low,Algorithmic seed score from v0.1 category/domains/tags; matched: none.,SRC_INTERNAL_HEURISTIC_V0_2,needs_review
ENT_POINE,classical_element,earth,0,low,Algorithmic seed score from v0.1 category/domains/tags; matched: none.,SRC_INTERNAL_HEURISTIC_V0_2,needs_review
ENT_POINE,classical_element,water,0,low,Algorithmic seed score from v0.1 category/domains/tags; matched: none.,SRC_INTERNAL_HEURISTIC_V0_2,needs_review
ENT_POINE,classical_element,fire,0,low,Algorithmic seed score from v0.1 category/domains/tags; matched: none.,SRC_INTERNAL_HEURISTIC_V0_2,needs_review
ENT_POINE,classical_element,air,0,low,Algorithmic seed score from v0.1 category/domains/tags; matched: none.,SRC_INTERNAL_HEURISTIC_V0_2,needs_review
ENT_POINE,classical_planet,moon,0,low,Algorithmic seed score from v0.1 category/domains/tags; matched: none.,SRC_INTERNAL_HEURISTIC_V0_2,needs_review
ENT_POINE,classical_planet,mercury,0,low,Algorithmic seed score from v0.1 category/domains/tags; matched: none.,SRC_INTERNAL_HEURISTIC_V0_2,needs_review
ENT_POINE,classical_planet,venus,0,low,Algorithmic seed score from v0.1 category/domains/tags; matched: none.,SRC_INTERNAL_HEURISTIC_V0_2,needs_review
ENT_POINE,classical_planet,sun,0,low,Algorithmic seed score from v0.1 category/domains/tags; matched: none.,SRC_INTERNAL_HEURISTIC_V0_2,needs_review
ENT_POINE,classical_planet,mars,0,low,Algorithmic seed score from v0.1 category/domains/tags; matched: none.,SRC_INTERNAL_HEURISTIC_V0_2,needs_review
ENT_POINE,classical_planet,jupiter,0,low,Algorithmic seed score from v0.1 category/domains/tags; matched: none.,SRC_INTERNAL_HEURISTIC_V0_2,needs_review
ENT_POINE,classical_planet,saturn,0,low,Algorithmic seed score from v0.1 category/domains/tags; matched: none.,SRC_INTERNAL_HEURISTIC_V0_2,needs_review
ENT_PRAXIS,classical_element,earth,0,low,Algorithmic seed score from v0.1 category/domains/tags; matched: none.,SRC_INTERNAL_HEURISTIC_V0_2,needs_review
ENT_PRAXIS,classical_element,water,0,low,Algorithmic seed score from v0.1 category/domains/tags; matched: none.,SRC_INTERNAL_HEURISTIC_V0_2,needs_review
ENT_PRAXIS,classical_element,fire,0,low,Algorithmic seed score from v0.1 category/domains/tags; matched: none.,SRC_INTERNAL_HEURISTIC_V0_2,needs_review
ENT_PRAXIS,classical_element,air,0,low,Algorithmic seed score from v0.1 category/domains/tags; matched: none.,SRC_INTERNAL_HEURISTIC_V0_2,needs_review
ENT_PRAXIS,classical_planet,moon,0,low,Algorithmic seed score from v0.1 category/domains/tags; matched: none.,SRC_INTERNAL_HEURISTIC_V0_2,needs_review
ENT_PRAXIS,classical_planet,mercury,0,low,Algorithmic seed score from v0.1 category/domains/tags; matched: none.,SRC_INTERNAL_HEURISTIC_V0_2,needs_review
ENT_PRAXIS,classical_planet,venus,0,low,Algorithmic seed score from v0.1 category/domains/tags; matched: none.,SRC_INTERNAL_HEURISTIC_V0_2,needs_review
ENT_PRAXIS,classical_planet,sun,0,low,Algorithmic seed score from v0.1 category/domains/tags; matched: none.,SRC_INTERNAL_HEURISTIC_V0_2,needs_review
ENT_PRAXIS,classical_planet,mars,0,low,Algorithmic seed score from v0.1 category/domains/tags; matched: none.,SRC_INTERNAL_HEURISTIC_V0_2,needs_review
ENT_PRAXIS,classical_planet,jupiter,0,low,Algorithmic seed score from v0.1 category/domains/tags; matched: none.,SRC_INTERNAL_HEURISTIC_V0_2,needs_review
ENT_PRAXIS,classical_planet,saturn,0,low,Algorithmic seed score from v0.1 category/domains/tags; matched: none.,SRC_INTERNAL_HEURISTIC_V0_2,needs_review
ENT_PROIOXIS,classical_element,earth,0,low,Algorithmic seed score from v0.1 category/domains/tags; matched: none.,SRC_INTERNAL_HEURISTIC_V0_2,needs_review
ENT_PROIOXIS,classical_element,water,0,low,Algorithmic seed score from v0.1 category/domains/tags; matched: none.,SRC_INTERNAL_HEURISTIC_V0_2,needs_review
ENT_PROIOXIS,classical_element,fire,0,low,Algorithmic seed score from v0.1 category/domains/tags; matched: none.,SRC_INTERNAL_HEURISTIC_V0_2,needs_review
ENT_PROIOXIS,classical_element,air,0,low,Algorithmic seed score from v0.1 category/domains/tags; matched: none.,SRC_INTERNAL_HEURISTIC_V0_2,needs_review
ENT_PROIOXIS,classical_planet,moon,0,low,Algorithmic seed score from v0.1 category/domains/tags; matched: none.,SRC_INTERNAL_HEURISTIC_V0_2,needs_review
ENT_PROIOXIS,classical_planet,mercury,0,low,Algorithmic seed score from v0.1 category/domains/tags; matched: none.,SRC_INTERNAL_HEURISTIC_V0_2,needs_review
ENT_PROIOXIS,classical_planet,venus,0,low,Algorithmic seed score from v0.1 category/domains/tags; matched: none.,SRC_INTERNAL_HEURISTIC_V0_2,needs_review
ENT_PROIOXIS,classical_planet,sun,0,low,Algorithmic seed score from v0.1 category/domains/tags; matched: none.,SRC_INTERNAL_HEURISTIC_V0_2,needs_review
ENT_PROIOXIS,classical_planet,mars,0,low,Algorithmic seed score from v0.1 category/domains/tags; matched: none.,SRC_INTERNAL_HEURISTIC_V0_2,needs_review
ENT_PROIOXIS,classical_planet,jupiter,0,low,Algorithmic seed score from v0.1 category/domains/tags; matched: none.,SRC_INTERNAL_HEURISTIC_V0_2,needs_review
ENT_PROIOXIS,classical_planet,saturn,0,low,Algorithmic seed score from v0.1 category/domains/tags; matched: none.,SRC_INTERNAL_HEURISTIC_V0_2,needs_review
ENT_PSEUDOLOGOI,classical_element,earth,0,low,Algorithmic seed score from v0.1 category/domains/tags; matched: none.,SRC_INTERNAL_HEURISTIC_V0_2,needs_review
ENT_PSEUDOLOGOI,classical_element,water,0,low,Algorithmic seed score from v0.1 category/domains/tags; matched: none.,SRC_INTERNAL_HEURISTIC_V0_2,needs_review
ENT_PSEUDOLOGOI,classical_element,fire,0,low,Algorithmic seed score from v0.1 category/domains/tags; matched: none.,SRC_INTERNAL_HEURISTIC_V0_2,needs_review
ENT_PSEUDOLOGOI,classical_element,air,0,low,Algorithmic seed score from v0.1 category/domains/tags; matched: none.,SRC_INTERNAL_HEURISTIC_V0_2,needs_review
ENT_PSEUDOLOGOI,classical_planet,moon,0,low,Algorithmic seed score from v0.1 category/domains/tags; matched: none.,SRC_INTERNAL_HEURISTIC_V0_2,needs_review
ENT_PSEUDOLOGOI,classical_planet,mercury,0,low,Algorithmic seed score from v0.1 category/domains/tags; matched: none.,SRC_INTERNAL_HEURISTIC_V0_2,needs_review
ENT_PSEUDOLOGOI,classical_planet,venus,0,low,Algorithmic seed score from v0.1 category/domains/tags; matched: none.,SRC_INTERNAL_HEURISTIC_V0_2,needs_review
ENT_PSEUDOLOGOI,classical_planet,sun,0,low,Algorithmic seed score from v0.1 category/domains/tags; matched: none.,SRC_INTERNAL_HEURISTIC_V0_2,needs_review
ENT_PSEUDOLOGOI,classical_planet,mars,0,low,Algorithmic seed score from v0.1 category/domains/tags; matched: none.,SRC_INTERNAL_HEURISTIC_V0_2,needs_review
ENT_PSEUDOLOGOI,classical_planet,jupiter,0,low,Algorithmic seed score from v0.1 category/domains/tags; matched: none.,SRC_INTERNAL_HEURISTIC_V0_2,needs_review
ENT_PSEUDOLOGOI,classical_planet,saturn,0,low,Algorithmic seed score from v0.1 category/domains/tags; matched: none.,SRC_INTERNAL_HEURISTIC_V0_2,needs_review
ENT_NEREUS,classical_element,earth,2,low,Algorithmic seed score from v0.1 category/domains/tags; matched: nymph.,SRC_INTERNAL_HEURISTIC_V0_2,needs_review
ENT_NEREUS,classical_element,water,5,medium,"Algorithmic seed score from v0.1 category/domains/tags; matched: sea, nereid.",SRC_INTERNAL_HEURISTIC_V0_2,needs_review
ENT_NEREUS,classical_element,fire,0,low,Algorithmic seed score from v0.1 category/domains/tags; matched: none.,SRC_INTERNAL_HEURISTIC_V0_2,needs_review
ENT_NEREUS,classical_element,air,2,low,Algorithmic seed score from v0.1 category/domains/tags; matched: prophecy.,SRC_INTERNAL_HEURISTIC_V0_2,needs_review
ENT_NEREUS,classical_planet,moon,0,low,Algorithmic seed score from v0.1 category/domains/tags; matched: none.,SRC_INTERNAL_HEURISTIC_V0_2,needs_review
ENT_NEREUS,classical_planet,mercury,3,low,Algorithmic seed score from v0.1 category/domains/tags; matched: prophecy.,SRC_INTERNAL_HEURISTIC_V0_2,needs_review
ENT_NEREUS,classical_planet,venus,2,low,Algorithmic seed score from v0.1 category/domains/tags; matched: nymph.,SRC_INTERNAL_HEURISTIC_V0_2,needs_review
ENT_NEREUS,classical_planet,sun,3,low,Algorithmic seed score from v0.1 category/domains/tags; matched: prophecy.,SRC_INTERNAL_HEURISTIC_V0_2,needs_review
ENT_NEREUS,classical_planet,mars,0,low,Algorithmic seed score from v0.1 category/domains/tags; matched: none.,SRC_INTERNAL_HEURISTIC_V0_2,needs_review
ENT_NEREUS,classical_planet,jupiter,0,low,Algorithmic seed score from v0.1 category/domains/tags; matched: none.,SRC_INTERNAL_HEURISTIC_V0_2,needs_review
ENT_NEREUS,classical_planet,saturn,0,low,Algorithmic seed score from v0.1 category/domains/tags; matched: none.,SRC_INTERNAL_HEURISTIC_V0_2,needs_review
ENT_DORIS,classical_element,earth,2,low,Algorithmic seed score from v0.1 category/domains/tags; matched: nymph.,SRC_INTERNAL_HEURISTIC_V0_2,needs_review
ENT_DORIS,classical_element,water,5,medium,"Algorithmic seed score from v0.1 category/domains/tags; matched: sea, nereid, ocean.",SRC_INTERNAL_HEURISTIC_V0_2,needs_review
ENT_DORIS,classical_element,fire,0,low,Algorithmic seed score from v0.1 category/domains/tags; matched: none.,SRC_INTERNAL_HEURISTIC_V0_2,needs_review
ENT_DORIS,classical_element,air,0,low,Algorithmic seed score from v0.1 category/domains/tags; matched: none.,SRC_INTERNAL_HEURISTIC_V0_2,needs_review
ENT_DORIS,classical_planet,moon,0,low,Algorithmic seed score from v0.1 category/domains/tags; matched: none.,SRC_INTERNAL_HEURISTIC_V0_2,needs_review
ENT_DORIS,classical_planet,mercury,0,low,Algorithmic seed score from v0.1 category/domains/tags; matched: none.,SRC_INTERNAL_HEURISTIC_V0_2,needs_review
ENT_DORIS,classical_planet,venus,2,low,Algorithmic seed score from v0.1 category/domains/tags; matched: nymph.,SRC_INTERNAL_HEURISTIC_V0_2,needs_review
ENT_DORIS,classical_planet,sun,0,low,Algorithmic seed score from v0.1 category/domains/tags; matched: none.,SRC_INTERNAL_HEURISTIC_V0_2,needs_review
ENT_DORIS,classical_planet,mars,0,low,Algorithmic seed score from v0.1 category/domains/tags; matched: none.,SRC_INTERNAL_HEURISTIC_V0_2,needs_review
ENT_DORIS,classical_planet,jupiter,0,low,Algorithmic seed score from v0.1 category/domains/tags; matched: none.,SRC_INTERNAL_HEURISTIC_V0_2,needs_review
ENT_DORIS,classical_planet,saturn,0,low,Algorithmic seed score from v0.1 category/domains/tags; matched: none.,SRC_INTERNAL_HEURISTIC_V0_2,needs_review
ENT_THAUMAS,classical_element,earth,2,low,Algorithmic seed score from v0.1 category/domains/tags; matched: nymph.,SRC_INTERNAL_HEURISTIC_V0_2,needs_review
ENT_THAUMAS,classical_element,water,5,medium,"Algorithmic seed score from v0.1 category/domains/tags; matched: sea, nereid.",SRC_INTERNAL_HEURISTIC_V0_2,needs_review
ENT_THAUMAS,classical_element,fire,0,low,Algorithmic seed score from v0.1 category/domains/tags; matched: none.,SRC_INTERNAL_HEURISTIC_V0_2,needs_review
ENT_THAUMAS,classical_element,air,0,low,Algorithmic seed score from v0.1 category/domains/tags; matched: none.,SRC_INTERNAL_HEURISTIC_V0_2,needs_review
ENT_THAUMAS,classical_planet,moon,0,low,Algorithmic seed score from v0.1 category/domains/tags; matched: none.,SRC_INTERNAL_HEURISTIC_V0_2,needs_review
ENT_THAUMAS,classical_planet,mercury,0,low,Algorithmic seed score from v0.1 category/domains/tags; matched: none.,SRC_INTERNAL_HEURISTIC_V0_2,needs_review
ENT_THAUMAS,classical_planet,venus,2,low,Algorithmic seed score from v0.1 category/domains/tags; matched: nymph.,SRC_INTERNAL_HEURISTIC_V0_2,needs_review
ENT_THAUMAS,classical_planet,sun,0,low,Algorithmic seed score from v0.1 category/domains/tags; matched: none.,SRC_INTERNAL_HEURISTIC_V0_2,needs_review
ENT_THAUMAS,classical_planet,mars,0,low,Algorithmic seed score from v0.1 category/domains/tags; matched: none.,SRC_INTERNAL_HEURISTIC_V0_2,needs_review
ENT_THAUMAS,classical_planet,jupiter,0,low,Algorithmic seed score from v0.1 category/domains/tags; matched: none.,SRC_INTERNAL_HEURISTIC_V0_2,needs_review
ENT_THAUMAS,classical_planet,saturn,0,low,Algorithmic seed score from v0.1 category/domains/tags; matched: none.,SRC_INTERNAL_HEURISTIC_V0_2,needs_review
ENT_PHORCYS,classical_element,earth,2,low,Algorithmic seed score from v0.1 category/domains/tags; matched: nymph.,SRC_INTERNAL_HEURISTIC_V0_2,needs_review
ENT_PHORCYS,classical_element,water,5,medium,"Algorithmic seed score from v0.1 category/domains/tags; matched: sea, nereid.",SRC_INTERNAL_HEURISTIC_V0_2,needs_review
ENT_PHORCYS,classical_element,fire,0,low,Algorithmic seed score from v0.1 category/domains/tags; matched: none.,SRC_INTERNAL_HEURISTIC_V0_2,needs_review
ENT_PHORCYS,classical_element,air,0,low,Algorithmic seed score from v0.1 category/domains/tags; matched: none.,SRC_INTERNAL_HEURISTIC_V0_2,needs_review
ENT_PHORCYS,classical_planet,moon,0,low,Algorithmic seed score from v0.1 category/domains/tags; matched: none.,SRC_INTERNAL_HEURISTIC_V0_2,needs_review
ENT_PHORCYS,classical_planet,mercury,0,low,Algorithmic seed score from v0.1 category/domains/tags; matched: none.,SRC_INTERNAL_HEURISTIC_V0_2,needs_review
ENT_PHORCYS,classical_planet,venus,2,low,Algorithmic seed score from v0.1 category/domains/tags; matched: nymph.,SRC_INTERNAL_HEURISTIC_V0_2,needs_review
ENT_PHORCYS,classical_planet,sun,0,low,Algorithmic seed score from v0.1 category/domains/tags; matched: none.,SRC_INTERNAL_HEURISTIC_V0_2,needs_review
ENT_PHORCYS,classical_planet,mars,0,low,Algorithmic seed score from v0.1 category/domains/tags; matched: none.,SRC_INTERNAL_HEURISTIC_V0_2,needs_review
ENT_PHORCYS,classical_planet,jupiter,0,low,Algorithmic seed score from v0.1 category/domains/tags; matched: none.,SRC_INTERNAL_HEURISTIC_V0_2,needs_review
ENT_PHORCYS,classical_planet,saturn,0,low,Algorithmic seed score from v0.1 category/domains/tags; matched: none.,SRC_INTERNAL_HEURISTIC_V0_2,needs_review
ENT_CETO,classical_element,earth,2,low,Algorithmic seed score from v0.1 category/domains/tags; matched: nymph.,SRC_INTERNAL_HEURISTIC_V0_2,needs_review
ENT_CETO,classical_element,water,5,medium,"Algorithmic seed score from v0.1 category/domains/tags; matched: sea, nereid.",SRC_INTERNAL_HEURISTIC_V0_2,needs_review
ENT_CETO,classical_element,fire,0,low,Algorithmic seed score from v0.1 category/domains/tags; matched: none.,SRC_INTERNAL_HEURISTIC_V0_2,needs_review
ENT_CETO,classical_element,air,0,low,Algorithmic seed score from v0.1 category/domains/tags; matched: none.,SRC_INTERNAL_HEURISTIC_V0_2,needs_review
ENT_CETO,classical_planet,moon,0,low,Algorithmic seed score from v0.1 category/domains/tags; matched: none.,SRC_INTERNAL_HEURISTIC_V0_2,needs_review
ENT_CETO,classical_planet,mercury,0,low,Algorithmic seed score from v0.1 category/domains/tags; matched: none.,SRC_INTERNAL_HEURISTIC_V0_2,needs_review
ENT_CETO,classical_planet,venus,2,low,Algorithmic seed score from v0.1 category/domains/tags; matched: nymph.,SRC_INTERNAL_HEURISTIC_V0_2,needs_review
ENT_CETO,classical_planet,sun,0,low,Algorithmic seed score from v0.1 category/domains/tags; matched: none.,SRC_INTERNAL_HEURISTIC_V0_2,needs_review
ENT_CETO,classical_planet,mars,0,low,Algorithmic seed score from v0.1 category/domains/tags; matched: none.,SRC_INTERNAL_HEURISTIC_V0_2,needs_review
ENT_CETO,classical_planet,jupiter,0,low,Algorithmic seed score from v0.1 category/domains/tags; matched: none.,SRC_INTERNAL_HEURISTIC_V0_2,needs_review
ENT_CETO,classical_planet,saturn,0,low,Algorithmic seed score from v0.1 category/domains/tags; matched: none.,SRC_INTERNAL_HEURISTIC_V0_2,needs_review
ENT_EURYBIA_SEA,classical_element,earth,2,low,Algorithmic seed score from v0.1 category/domains/tags; matched: nymph.,SRC_INTERNAL_HEURISTIC_V0_2,needs_review
ENT_EURYBIA_SEA,classical_element,water,5,medium,"Algorithmic seed score from v0.1 category/domains/tags; matched: sea, nereid.",SRC_INTERNAL_HEURISTIC_V0_2,needs_review
ENT_EURYBIA_SEA,classical_element,fire,0,low,Algorithmic seed score from v0.1 category/domains/tags; matched: none.,SRC_INTERNAL_HEURISTIC_V0_2,needs_review
ENT_EURYBIA_SEA,classical_element,air,0,low,Algorithmic seed score from v0.1 category/domains/tags; matched: none.,SRC_INTERNAL_HEURISTIC_V0_2,needs_review
ENT_EURYBIA_SEA,classical_planet,moon,0,low,Algorithmic seed score from v0.1 category/domains/tags; matched: none.,SRC_INTERNAL_HEURISTIC_V0_2,needs_review
ENT_EURYBIA_SEA,classical_planet,mercury,0,low,Algorithmic seed score from v0.1 category/domains/tags; matched: none.,SRC_INTERNAL_HEURISTIC_V0_2,needs_review
ENT_EURYBIA_SEA,classical_planet,venus,2,low,Algorithmic seed score from v0.1 category/domains/tags; matched: nymph.,SRC_INTERNAL_HEURISTIC_V0_2,needs_review
ENT_EURYBIA_SEA,classical_planet,sun,0,low,Algorithmic seed score from v0.1 category/domains/tags; matched: none.,SRC_INTERNAL_HEURISTIC_V0_2,needs_review
ENT_EURYBIA_SEA,classical_planet,mars,0,low,Algorithmic seed score from v0.1 category/domains/tags; matched: none.,SRC_INTERNAL_HEURISTIC_V0_2,needs_review
ENT_EURYBIA_SEA,classical_planet,jupiter,0,low,Algorithmic seed score from v0.1 category/domains/tags; matched: none.,SRC_INTERNAL_HEURISTIC_V0_2,needs_review
ENT_EURYBIA_SEA,classical_planet,saturn,0,low,Algorithmic seed score from v0.1 category/domains/tags; matched: none.,SRC_INTERNAL_HEURISTIC_V0_2,needs_review
ENT_TRITON,classical_element,earth,2,low,Algorithmic seed score from v0.1 category/domains/tags; matched: nymph.,SRC_INTERNAL_HEURISTIC_V0_2,needs_review
ENT_TRITON,classical_element,water,5,medium,"Algorithmic seed score from v0.1 category/domains/tags; matched: sea, nereid.",SRC_INTERNAL_HEURISTIC_V0_2,needs_review
ENT_TRITON,classical_element,fire,0,low,Algorithmic seed score from v0.1 category/domains/tags; matched: none.,SRC_INTERNAL_HEURISTIC_V0_2,needs_review
ENT_TRITON,classical_element,air,3,low,Algorithmic seed score from v0.1 category/domains/tags; matched: messenger.,SRC_INTERNAL_HEURISTIC_V0_2,needs_review
ENT_TRITON,classical_planet,moon,0,low,Algorithmic seed score from v0.1 category/domains/tags; matched: none.,SRC_INTERNAL_HEURISTIC_V0_2,needs_review
ENT_TRITON,classical_planet,mercury,5,medium,Algorithmic seed score from v0.1 category/domains/tags; matched: messenger.,SRC_INTERNAL_HEURISTIC_V0_2,needs_review
ENT_TRITON,classical_planet,venus,2,low,Algorithmic seed score from v0.1 category/domains/tags; matched: nymph.,SRC_INTERNAL_HEURISTIC_V0_2,needs_review
ENT_TRITON,classical_planet,sun,0,low,Algorithmic seed score from v0.1 category/domains/tags; matched: none.,SRC_INTERNAL_HEURISTIC_V0_2,needs_review
ENT_TRITON,classical_planet,mars,0,low,Algorithmic seed score from v0.1 category/domains/tags; matched: none.,SRC_INTERNAL_HEURISTIC_V0_2,needs_review
ENT_TRITON,classical_planet,jupiter,0,low,Algorithmic seed score from v0.1 category/domains/tags; matched: none.,SRC_INTERNAL_HEURISTIC_V0_2,needs_review
ENT_TRITON,classical_planet,saturn,0,low,Algorithmic seed score from v0.1 category/domains/tags; matched: none.,SRC_INTERNAL_HEURISTIC_V0_2,needs_review
ENT_PROTEUS,classical_element,earth,2,low,Algorithmic seed score from v0.1 category/domains/tags; matched: nymph.,SRC_INTERNAL_HEURISTIC_V0_2,needs_review
ENT_PROTEUS,classical_element,water,5,medium,"Algorithmic seed score from v0.1 category/domains/tags; matched: sea, nereid.",SRC_INTERNAL_HEURISTIC_V0_2,needs_review
ENT_PROTEUS,classical_element,fire,0,low,Algorithmic seed score from v0.1 category/domains/tags; matched: none.,SRC_INTERNAL_HEURISTIC_V0_2,needs_review
ENT_PROTEUS,classical_element,air,2,low,Algorithmic seed score from v0.1 category/domains/tags; matched: prophecy.,SRC_INTERNAL_HEURISTIC_V0_2,needs_review
ENT_PROTEUS,classical_planet,moon,0,low,Algorithmic seed score from v0.1 category/domains/tags; matched: none.,SRC_INTERNAL_HEURISTIC_V0_2,needs_review
ENT_PROTEUS,classical_planet,mercury,3,low,Algorithmic seed score from v0.1 category/domains/tags; matched: prophecy.,SRC_INTERNAL_HEURISTIC_V0_2,needs_review
ENT_PROTEUS,classical_planet,venus,2,low,Algorithmic seed score from v0.1 category/domains/tags; matched: nymph.,SRC_INTERNAL_HEURISTIC_V0_2,needs_review
ENT_PROTEUS,classical_planet,sun,3,low,Algorithmic seed score from v0.1 category/domains/tags; matched: prophecy.,SRC_INTERNAL_HEURISTIC_V0_2,needs_review
ENT_PROTEUS,classical_planet,mars,0,low,Algorithmic seed score from v0.1 category/domains/tags; matched: none.,SRC_INTERNAL_HEURISTIC_V0_2,needs_review
ENT_PROTEUS,classical_planet,jupiter,0,low,Algorithmic seed score from v0.1 category/domains/tags; matched: none.,SRC_INTERNAL_HEURISTIC_V0_2,needs_review
ENT_PROTEUS,classical_planet,saturn,0,low,Algorithmic seed score from v0.1 category/domains/tags; matched: none.,SRC_INTERNAL_HEURISTIC_V0_2,needs_review
ENT_GLAUCUS,classical_element,earth,2,low,Algorithmic seed score from v0.1 category/domains/tags; matched: nymph.,SRC_INTERNAL_HEURISTIC_V0_2,needs_review
ENT_GLAUCUS,classical_element,water,5,medium,"Algorithmic seed score from v0.1 category/domains/tags; matched: sea, nereid.",SRC_INTERNAL_HEURISTIC_V0_2,needs_review
ENT_GLAUCUS,classical_element,fire,0,low,Algorithmic seed score from v0.1 category/domains/tags; matched: none.,SRC_INTERNAL_HEURISTIC_V0_2,needs_review
ENT_GLAUCUS,classical_element,air,2,low,Algorithmic seed score from v0.1 category/domains/tags; matched: prophecy.,SRC_INTERNAL_HEURISTIC_V0_2,needs_review
ENT_GLAUCUS,classical_planet,moon,0,low,Algorithmic seed score from v0.1 category/domains/tags; matched: none.,SRC_INTERNAL_HEURISTIC_V0_2,needs_review
ENT_GLAUCUS,classical_planet,mercury,3,low,Algorithmic seed score from v0.1 category/domains/tags; matched: prophecy.,SRC_INTERNAL_HEURISTIC_V0_2,needs_review
ENT_GLAUCUS,classical_planet,venus,2,low,Algorithmic seed score from v0.1 category/domains/tags; matched: nymph.,SRC_INTERNAL_HEURISTIC_V0_2,needs_review
ENT_GLAUCUS,classical_planet,sun,3,low,Algorithmic seed score from v0.1 category/domains/tags; matched: prophecy.,SRC_INTERNAL_HEURISTIC_V0_2,needs_review
ENT_GLAUCUS,classical_planet,mars,0,low,Algorithmic seed score from v0.1 category/domains/tags; matched: none.,SRC_INTERNAL_HEURISTIC_V0_2,needs_review
ENT_GLAUCUS,classical_planet,jupiter,0,low,Algorithmic seed score from v0.1 category/domains/tags; matched: none.,SRC_INTERNAL_HEURISTIC_V0_2,needs_review
ENT_GLAUCUS,classical_planet,saturn,0,low,Algorithmic seed score from v0.1 category/domains/tags; matched: none.,SRC_INTERNAL_HEURISTIC_V0_2,needs_review
ENT_PALAEMON,classical_element,earth,2,low,Algorithmic seed score from v0.1 category/domains/tags; matched: nymph.,SRC_INTERNAL_HEURISTIC_V0_2,needs_review
ENT_PALAEMON,classical_element,water,5,medium,"Algorithmic seed score from v0.1 category/domains/tags; matched: sea, nereid.",SRC_INTERNAL_HEURISTIC_V0_2,needs_review
ENT_PALAEMON,classical_element,fire,0,low,Algorithmic seed score from v0.1 category/domains/tags; matched: none.,SRC_INTERNAL_HEURISTIC_V0_2,needs_review
ENT_PALAEMON,classical_element,air,0,low,Algorithmic seed score from v0.1 category/domains/tags; matched: none.,SRC_INTERNAL_HEURISTIC_V0_2,needs_review
ENT_PALAEMON,classical_planet,moon,0,low,Algorithmic seed score from v0.1 category/domains/tags; matched: none.,SRC_INTERNAL_HEURISTIC_V0_2,needs_review
ENT_PALAEMON,classical_planet,mercury,0,low,Algorithmic seed score from v0.1 category/domains/tags; matched: none.,SRC_INTERNAL_HEURISTIC_V0_2,needs_review
ENT_PALAEMON,classical_planet,venus,2,low,Algorithmic seed score from v0.1 category/domains/tags; matched: nymph.,SRC_INTERNAL_HEURISTIC_V0_2,needs_review
ENT_PALAEMON,classical_planet,sun,0,low,Algorithmic seed score from v0.1 category/domains/tags; matched: none.,SRC_INTERNAL_HEURISTIC_V0_2,needs_review
ENT_PALAEMON,classical_planet,mars,0,low,Algorithmic seed score from v0.1 category/domains/tags; matched: none.,SRC_INTERNAL_HEURISTIC_V0_2,needs_review
ENT_PALAEMON,classical_planet,jupiter,0,low,Algorithmic seed score from v0.1 category/domains/tags; matched: none.,SRC_INTERNAL_HEURISTIC_V0_2,needs_review
ENT_PALAEMON,classical_planet,saturn,0,low,Algorithmic seed score from v0.1 category/domains/tags; matched: none.,SRC_INTERNAL_HEURISTIC_V0_2,needs_review
ENT_LEUCOTHEA,classical_element,earth,2,low,Algorithmic seed score from v0.1 category/domains/tags; matched: nymph.,SRC_INTERNAL_HEURISTIC_V0_2,needs_review
ENT_LEUCOTHEA,classical_element,water,5,medium,"Algorithmic seed score from v0.1 category/domains/tags; matched: sea, nereid.",SRC_INTERNAL_HEURISTIC_V0_2,needs_review
ENT_LEUCOTHEA,classical_element,fire,0,low,Algorithmic seed score from v0.1 category/domains/tags; matched: none.,SRC_INTERNAL_HEURISTIC_V0_2,needs_review
ENT_LEUCOTHEA,classical_element,air,0,low,Algorithmic seed score from v0.1 category/domains/tags; matched: none.,SRC_INTERNAL_HEURISTIC_V0_2,needs_review
ENT_LEUCOTHEA,classical_planet,moon,0,low,Algorithmic seed score from v0.1 category/domains/tags; matched: none.,SRC_INTERNAL_HEURISTIC_V0_2,needs_review
ENT_LEUCOTHEA,classical_planet,mercury,0,low,Algorithmic seed score from v0.1 category/domains/tags; matched: none.,SRC_INTERNAL_HEURISTIC_V0_2,needs_review
ENT_LEUCOTHEA,classical_planet,venus,2,low,Algorithmic seed score from v0.1 category/domains/tags; matched: nymph.,SRC_INTERNAL_HEURISTIC_V0_2,needs_review
ENT_LEUCOTHEA,classical_planet,sun,0,low,Algorithmic seed score from v0.1 category/domains/tags; matched: none.,SRC_INTERNAL_HEURISTIC_V0_2,needs_review
ENT_LEUCOTHEA,classical_planet,mars,0,low,Algorithmic seed score from v0.1 category/domains/tags; matched: none.,SRC_INTERNAL_HEURISTIC_V0_2,needs_review
ENT_LEUCOTHEA,classical_planet,jupiter,0,low,Algorithmic seed score from v0.1 category/domains/tags; matched: none.,SRC_INTERNAL_HEURISTIC_V0_2,needs_review
ENT_LEUCOTHEA,classical_planet,saturn,0,low,Algorithmic seed score from v0.1 category/domains/tags; matched: none.,SRC_INTERNAL_HEURISTIC_V0_2,needs_review
ENT_THETIS,classical_element,earth,2,low,Algorithmic seed score from v0.1 category/domains/tags; matched: nymph.,SRC_INTERNAL_HEURISTIC_V0_2,needs_review
ENT_THETIS,classical_element,water,5,medium,"Algorithmic seed score from v0.1 category/domains/tags; matched: sea, nereid.",SRC_INTERNAL_HEURISTIC_V0_2,needs_review
ENT_THETIS,classical_element,fire,0,low,Algorithmic seed score from v0.1 category/domains/tags; matched: none.,SRC_INTERNAL_HEURISTIC_V0_2,needs_review
ENT_THETIS,classical_element,air,0,low,Algorithmic seed score from v0.1 category/domains/tags; matched: none.,SRC_INTERNAL_HEURISTIC_V0_2,needs_review
ENT_THETIS,classical_planet,moon,0,low,Algorithmic seed score from v0.1 category/domains/tags; matched: none.,SRC_INTERNAL_HEURISTIC_V0_2,needs_review
ENT_THETIS,classical_planet,mercury,0,low,Algorithmic seed score from v0.1 category/domains/tags; matched: none.,SRC_INTERNAL_HEURISTIC_V0_2,needs_review
ENT_THETIS,classical_planet,venus,2,low,Algorithmic seed score from v0.1 category/domains/tags; matched: nymph.,SRC_INTERNAL_HEURISTIC_V0_2,needs_review
ENT_THETIS,classical_planet,sun,0,low,Algorithmic seed score from v0.1 category/domains/tags; matched: none.,SRC_INTERNAL_HEURISTIC_V0_2,needs_review
ENT_THETIS,classical_planet,mars,0,low,Algorithmic seed score from v0.1 category/domains/tags; matched: none.,SRC_INTERNAL_HEURISTIC_V0_2,needs_review
ENT_THETIS,classical_planet,jupiter,0,low,Algorithmic seed score from v0.1 category/domains/tags; matched: none.,SRC_INTERNAL_HEURISTIC_V0_2,needs_review
ENT_THETIS,classical_planet,saturn,0,low,Algorithmic seed score from v0.1 category/domains/tags; matched: none.,SRC_INTERNAL_HEURISTIC_V0_2,needs_review
ENT_AMPHITRITE,classical_element,earth,2,low,Algorithmic seed score from v0.1 category/domains/tags; matched: nymph.,SRC_INTERNAL_HEURISTIC_V0_2,needs_review
ENT_AMPHITRITE,classical_element,water,5,medium,"Algorithmic seed score from v0.1 category/domains/tags; matched: sea, nereid.",SRC_INTERNAL_HEURISTIC_V0_2,needs_review
ENT_AMPHITRITE,classical_element,fire,0,low,Algorithmic seed score from v0.1 category/domains/tags; matched: none.,SRC_INTERNAL_HEURISTIC_V0_2,needs_review
ENT_AMPHITRITE,classical_element,air,0,low,Algorithmic seed score from v0.1 category/domains/tags; matched: none.,SRC_INTERNAL_HEURISTIC_V0_2,needs_review
ENT_AMPHITRITE,classical_planet,moon,0,low,Algorithmic seed score from v0.1 category/domains/tags; matched: none.,SRC_INTERNAL_HEURISTIC_V0_2,needs_review
ENT_AMPHITRITE,classical_planet,mercury,0,low,Algorithmic seed score from v0.1 category/domains/tags; matched: none.,SRC_INTERNAL_HEURISTIC_V0_2,needs_review
ENT_AMPHITRITE,classical_planet,venus,2,low,Algorithmic seed score from v0.1 category/domains/tags; matched: nymph.,SRC_INTERNAL_HEURISTIC_V0_2,needs_review
ENT_AMPHITRITE,classical_planet,sun,0,low,Algorithmic seed score from v0.1 category/domains/tags; matched: none.,SRC_INTERNAL_HEURISTIC_V0_2,needs_review
ENT_AMPHITRITE,classical_planet,mars,0,low,Algorithmic seed score from v0.1 category/domains/tags; matched: none.,SRC_INTERNAL_HEURISTIC_V0_2,needs_review
ENT_AMPHITRITE,classical_planet,jupiter,0,low,Algorithmic seed score from v0.1 category/domains/tags; matched: none.,SRC_INTERNAL_HEURISTIC_V0_2,needs_review
ENT_AMPHITRITE,classical_planet,saturn,0,low,Algorithmic seed score from v0.1 category/domains/tags; matched: none.,SRC_INTERNAL_HEURISTIC_V0_2,needs_review
ENT_GALATEA,classical_element,earth,2,low,Algorithmic seed score from v0.1 category/domains/tags; matched: nymph.,SRC_INTERNAL_HEURISTIC_V0_2,needs_review
ENT_GALATEA,classical_element,water,5,medium,"Algorithmic seed score from v0.1 category/domains/tags; matched: sea, nereid.",SRC_INTERNAL_HEURISTIC_V0_2,needs_review
ENT_GALATEA,classical_element,fire,0,low,Algorithmic seed score from v0.1 category/domains/tags; matched: none.,SRC_INTERNAL_HEURISTIC_V0_2,needs_review
ENT_GALATEA,classical_element,air,0,low,Algorithmic seed score from v0.1 category/domains/tags; matched: none.,SRC_INTERNAL_HEURISTIC_V0_2,needs_review
ENT_GALATEA,classical_planet,moon,0,low,Algorithmic seed score from v0.1 category/domains/tags; matched: none.,SRC_INTERNAL_HEURISTIC_V0_2,needs_review
ENT_GALATEA,classical_planet,mercury,0,low,Algorithmic seed score from v0.1 category/domains/tags; matched: none.,SRC_INTERNAL_HEURISTIC_V0_2,needs_review
ENT_GALATEA,classical_planet,venus,2,low,Algorithmic seed score from v0.1 category/domains/tags; matched: nymph.,SRC_INTERNAL_HEURISTIC_V0_2,needs_review
ENT_GALATEA,classical_planet,sun,0,low,Algorithmic seed score from v0.1 category/domains/tags; matched: none.,SRC_INTERNAL_HEURISTIC_V0_2,needs_review
ENT_GALATEA,classical_planet,mars,0,low,Algorithmic seed score from v0.1 category/domains/tags; matched: none.,SRC_INTERNAL_HEURISTIC_V0_2,needs_review
ENT_GALATEA,classical_planet,jupiter,0,low,Algorithmic seed score from v0.1 category/domains/tags; matched: none.,SRC_INTERNAL_HEURISTIC_V0_2,needs_review
ENT_GALATEA,classical_planet,saturn,0,low,Algorithmic seed score from v0.1 category/domains/tags; matched: none.,SRC_INTERNAL_HEURISTIC_V0_2,needs_review
ENT_PSAMATHE,classical_element,earth,2,low,Algorithmic seed score from v0.1 category/domains/tags; matched: nymph.,SRC_INTERNAL_HEURISTIC_V0_2,needs_review
ENT_PSAMATHE,classical_element,water,5,medium,"Algorithmic seed score from v0.1 category/domains/tags; matched: sea, nereid.",SRC_INTERNAL_HEURISTIC_V0_2,needs_review
ENT_PSAMATHE,classical_element,fire,0,low,Algorithmic seed score from v0.1 category/domains/tags; matched: none.,SRC_INTERNAL_HEURISTIC_V0_2,needs_review
ENT_PSAMATHE,classical_element,air,0,low,Algorithmic seed score from v0.1 category/domains/tags; matched: none.,SRC_INTERNAL_HEURISTIC_V0_2,needs_review
ENT_PSAMATHE,classical_planet,moon,0,low,Algorithmic seed score from v0.1 category/domains/tags; matched: none.,SRC_INTERNAL_HEURISTIC_V0_2,needs_review
ENT_PSAMATHE,classical_planet,mercury,0,low,Algorithmic seed score from v0.1 category/domains/tags; matched: none.,SRC_INTERNAL_HEURISTIC_V0_2,needs_review
ENT_PSAMATHE,classical_planet,venus,2,low,Algorithmic seed score from v0.1 category/domains/tags; matched: nymph.,SRC_INTERNAL_HEURISTIC_V0_2,needs_review
ENT_PSAMATHE,classical_planet,sun,0,low,Algorithmic seed score from v0.1 category/domains/tags; matched: none.,SRC_INTERNAL_HEURISTIC_V0_2,needs_review
ENT_PSAMATHE,classical_planet,mars,0,low,Algorithmic seed score from v0.1 category/domains/tags; matched: none.,SRC_INTERNAL_HEURISTIC_V0_2,needs_review
ENT_PSAMATHE,classical_planet,jupiter,0,low,Algorithmic seed score from v0.1 category/domains/tags; matched: none.,SRC_INTERNAL_HEURISTIC_V0_2,needs_review
ENT_PSAMATHE,classical_planet,saturn,0,low,Algorithmic seed score from v0.1 category/domains/tags; matched: none.,SRC_INTERNAL_HEURISTIC_V0_2,needs_review
ENT_CYMODOCE,classical_element,earth,2,low,Algorithmic seed score from v0.1 category/domains/tags; matched: nymph.,SRC_INTERNAL_HEURISTIC_V0_2,needs_review
ENT_CYMODOCE,classical_element,water,5,medium,"Algorithmic seed score from v0.1 category/domains/tags; matched: sea, nereid.",SRC_INTERNAL_HEURISTIC_V0_2,needs_review
ENT_CYMODOCE,classical_element,fire,0,low,Algorithmic seed score from v0.1 category/domains/tags; matched: none.,SRC_INTERNAL_HEURISTIC_V0_2,needs_review
ENT_CYMODOCE,classical_element,air,0,low,Algorithmic seed score from v0.1 category/domains/tags; matched: none.,SRC_INTERNAL_HEURISTIC_V0_2,needs_review
ENT_CYMODOCE,classical_planet,moon,0,low,Algorithmic seed score from v0.1 category/domains/tags; matched: none.,SRC_INTERNAL_HEURISTIC_V0_2,needs_review
ENT_CYMODOCE,classical_planet,mercury,0,low,Algorithmic seed score from v0.1 category/domains/tags; matched: none.,SRC_INTERNAL_HEURISTIC_V0_2,needs_review
ENT_CYMODOCE,classical_planet,venus,2,low,Algorithmic seed score from v0.1 category/domains/tags; matched: nymph.,SRC_INTERNAL_HEURISTIC_V0_2,needs_review
ENT_CYMODOCE,classical_planet,sun,0,low,Algorithmic seed score from v0.1 category/domains/tags; matched: none.,SRC_INTERNAL_HEURISTIC_V0_2,needs_review
ENT_CYMODOCE,classical_planet,mars,0,low,Algorithmic seed score from v0.1 category/domains/tags; matched: none.,SRC_INTERNAL_HEURISTIC_V0_2,needs_review
ENT_CYMODOCE,classical_planet,jupiter,0,low,Algorithmic seed score from v0.1 category/domains/tags; matched: none.,SRC_INTERNAL_HEURISTIC_V0_2,needs_review
ENT_CYMODOCE,classical_planet,saturn,0,low,Algorithmic seed score from v0.1 category/domains/tags; matched: none.,SRC_INTERNAL_HEURISTIC_V0_2,needs_review
ENT_DYNAMENE,classical_element,earth,2,low,Algorithmic seed score from v0.1 category/domains/tags; matched: nymph.,SRC_INTERNAL_HEURISTIC_V0_2,needs_review
ENT_DYNAMENE,classical_element,water,5,medium,"Algorithmic seed score from v0.1 category/domains/tags; matched: sea, nereid.",SRC_INTERNAL_HEURISTIC_V0_2,needs_review
ENT_DYNAMENE,classical_element,fire,0,low,Algorithmic seed score from v0.1 category/domains/tags; matched: none.,SRC_INTERNAL_HEURISTIC_V0_2,needs_review
ENT_DYNAMENE,classical_element,air,0,low,Algorithmic seed score from v0.1 category/domains/tags; matched: none.,SRC_INTERNAL_HEURISTIC_V0_2,needs_review
ENT_DYNAMENE,classical_planet,moon,0,low,Algorithmic seed score from v0.1 category/domains/tags; matched: none.,SRC_INTERNAL_HEURISTIC_V0_2,needs_review
ENT_DYNAMENE,classical_planet,mercury,0,low,Algorithmic seed score from v0.1 category/domains/tags; matched: none.,SRC_INTERNAL_HEURISTIC_V0_2,needs_review
ENT_DYNAMENE,classical_planet,venus,2,low,Algorithmic seed score from v0.1 category/domains/tags; matched: nymph.,SRC_INTERNAL_HEURISTIC_V0_2,needs_review
ENT_DYNAMENE,classical_planet,sun,0,low,Algorithmic seed score from v0.1 category/domains/tags; matched: none.,SRC_INTERNAL_HEURISTIC_V0_2,needs_review
ENT_DYNAMENE,classical_planet,mars,0,low,Algorithmic seed score from v0.1 category/domains/tags; matched: none.,SRC_INTERNAL_HEURISTIC_V0_2,needs_review
ENT_DYNAMENE,classical_planet,jupiter,0,low,Algorithmic seed score from v0.1 category/domains/tags; matched: none.,SRC_INTERNAL_HEURISTIC_V0_2,needs_review
ENT_DYNAMENE,classical_planet,saturn,0,low,Algorithmic seed score from v0.1 category/domains/tags; matched: none.,SRC_INTERNAL_HEURISTIC_V0_2,needs_review
ENT_PHERUSA,classical_element,earth,2,low,Algorithmic seed score from v0.1 category/domains/tags; matched: nymph.,SRC_INTERNAL_HEURISTIC_V0_2,needs_review
ENT_PHERUSA,classical_element,water,5,medium,"Algorithmic seed score from v0.1 category/domains/tags; matched: sea, nereid.",SRC_INTERNAL_HEURISTIC_V0_2,needs_review
ENT_PHERUSA,classical_element,fire,0,low,Algorithmic seed score from v0.1 category/domains/tags; matched: none.,SRC_INTERNAL_HEURISTIC_V0_2,needs_review
ENT_PHERUSA,classical_element,air,0,low,Algorithmic seed score from v0.1 category/domains/tags; matched: none.,SRC_INTERNAL_HEURISTIC_V0_2,needs_review
ENT_PHERUSA,classical_planet,moon,0,low,Algorithmic seed score from v0.1 category/domains/tags; matched: none.,SRC_INTERNAL_HEURISTIC_V0_2,needs_review
ENT_PHERUSA,classical_planet,mercury,0,low,Algorithmic seed score from v0.1 category/domains/tags; matched: none.,SRC_INTERNAL_HEURISTIC_V0_2,needs_review
ENT_PHERUSA,classical_planet,venus,2,low,Algorithmic seed score from v0.1 category/domains/tags; matched: nymph.,SRC_INTERNAL_HEURISTIC_V0_2,needs_review
ENT_PHERUSA,classical_planet,sun,0,low,Algorithmic seed score from v0.1 category/domains/tags; matched: none.,SRC_INTERNAL_HEURISTIC_V0_2,needs_review
ENT_PHERUSA,classical_planet,mars,0,low,Algorithmic seed score from v0.1 category/domains/tags; matched: none.,SRC_INTERNAL_HEURISTIC_V0_2,needs_review
ENT_PHERUSA,classical_planet,jupiter,0,low,Algorithmic seed score from v0.1 category/domains/tags; matched: none.,SRC_INTERNAL_HEURISTIC_V0_2,needs_review
ENT_PHERUSA,classical_planet,saturn,0,low,Algorithmic seed score from v0.1 category/domains/tags; matched: none.,SRC_INTERNAL_HEURISTIC_V0_2,needs_review
ENT_PROTO,classical_element,earth,2,low,Algorithmic seed score from v0.1 category/domains/tags; matched: nymph.,SRC_INTERNAL_HEURISTIC_V0_2,needs_review
ENT_PROTO,classical_element,water,5,medium,"Algorithmic seed score from v0.1 category/domains/tags; matched: sea, nereid.",SRC_INTERNAL_HEURISTIC_V0_2,needs_review
ENT_PROTO,classical_element,fire,0,low,Algorithmic seed score from v0.1 category/domains/tags; matched: none.,SRC_INTERNAL_HEURISTIC_V0_2,needs_review
ENT_PROTO,classical_element,air,0,low,Algorithmic seed score from v0.1 category/domains/tags; matched: none.,SRC_INTERNAL_HEURISTIC_V0_2,needs_review
ENT_PROTO,classical_planet,moon,0,low,Algorithmic seed score from v0.1 category/domains/tags; matched: none.,SRC_INTERNAL_HEURISTIC_V0_2,needs_review
ENT_PROTO,classical_planet,mercury,0,low,Algorithmic seed score from v0.1 category/domains/tags; matched: none.,SRC_INTERNAL_HEURISTIC_V0_2,needs_review
ENT_PROTO,classical_planet,venus,2,low,Algorithmic seed score from v0.1 category/domains/tags; matched: nymph.,SRC_INTERNAL_HEURISTIC_V0_2,needs_review
ENT_PROTO,classical_planet,sun,0,low,Algorithmic seed score from v0.1 category/domains/tags; matched: none.,SRC_INTERNAL_HEURISTIC_V0_2,needs_review
ENT_PROTO,classical_planet,mars,0,low,Algorithmic seed score from v0.1 category/domains/tags; matched: none.,SRC_INTERNAL_HEURISTIC_V0_2,needs_review
ENT_PROTO,classical_planet,jupiter,0,low,Algorithmic seed score from v0.1 category/domains/tags; matched: none.,SRC_INTERNAL_HEURISTIC_V0_2,needs_review
ENT_PROTO,classical_planet,saturn,0,low,Algorithmic seed score from v0.1 category/domains/tags; matched: none.,SRC_INTERNAL_HEURISTIC_V0_2,needs_review
ENT_ACTAEA,classical_element,earth,2,low,Algorithmic seed score from v0.1 category/domains/tags; matched: nymph.,SRC_INTERNAL_HEURISTIC_V0_2,needs_review
ENT_ACTAEA,classical_element,water,5,medium,"Algorithmic seed score from v0.1 category/domains/tags; matched: sea, nereid.",SRC_INTERNAL_HEURISTIC_V0_2,needs_review
ENT_ACTAEA,classical_element,fire,0,low,Algorithmic seed score from v0.1 category/domains/tags; matched: none.,SRC_INTERNAL_HEURISTIC_V0_2,needs_review
ENT_ACTAEA,classical_element,air,0,low,Algorithmic seed score from v0.1 category/domains/tags; matched: none.,SRC_INTERNAL_HEURISTIC_V0_2,needs_review
ENT_ACTAEA,classical_planet,moon,0,low,Algorithmic seed score from v0.1 category/domains/tags; matched: none.,SRC_INTERNAL_HEURISTIC_V0_2,needs_review
ENT_ACTAEA,classical_planet,mercury,0,low,Algorithmic seed score from v0.1 category/domains/tags; matched: none.,SRC_INTERNAL_HEURISTIC_V0_2,needs_review
ENT_ACTAEA,classical_planet,venus,2,low,Algorithmic seed score from v0.1 category/domains/tags; matched: nymph.,SRC_INTERNAL_HEURISTIC_V0_2,needs_review
ENT_ACTAEA,classical_planet,sun,0,low,Algorithmic seed score from v0.1 category/domains/tags; matched: none.,SRC_INTERNAL_HEURISTIC_V0_2,needs_review
ENT_ACTAEA,classical_planet,mars,0,low,Algorithmic seed score from v0.1 category/domains/tags; matched: none.,SRC_INTERNAL_HEURISTIC_V0_2,needs_review
ENT_ACTAEA,classical_planet,jupiter,0,low,Algorithmic seed score from v0.1 category/domains/tags; matched: none.,SRC_INTERNAL_HEURISTIC_V0_2,needs_review
ENT_ACTAEA,classical_planet,saturn,0,low,Algorithmic seed score from v0.1 category/domains/tags; matched: none.,SRC_INTERNAL_HEURISTIC_V0_2,needs_review
ENT_DOTO,classical_element,earth,2,low,Algorithmic seed score from v0.1 category/domains/tags; matched: nymph.,SRC_INTERNAL_HEURISTIC_V0_2,needs_review
ENT_DOTO,classical_element,water,5,medium,"Algorithmic seed score from v0.1 category/domains/tags; matched: sea, nereid.",SRC_INTERNAL_HEURISTIC_V0_2,needs_review
ENT_DOTO,classical_element,fire,0,low,Algorithmic seed score from v0.1 category/domains/tags; matched: none.,SRC_INTERNAL_HEURISTIC_V0_2,needs_review
ENT_DOTO,classical_element,air,0,low,Algorithmic seed score from v0.1 category/domains/tags; matched: none.,SRC_INTERNAL_HEURISTIC_V0_2,needs_review
ENT_DOTO,classical_planet,moon,0,low,Algorithmic seed score from v0.1 category/domains/tags; matched: none.,SRC_INTERNAL_HEURISTIC_V0_2,needs_review
ENT_DOTO,classical_planet,mercury,0,low,Algorithmic seed score from v0.1 category/domains/tags; matched: none.,SRC_INTERNAL_HEURISTIC_V0_2,needs_review
ENT_DOTO,classical_planet,venus,2,low,Algorithmic seed score from v0.1 category/domains/tags; matched: nymph.,SRC_INTERNAL_HEURISTIC_V0_2,needs_review
ENT_DOTO,classical_planet,sun,0,low,Algorithmic seed score from v0.1 category/domains/tags; matched: none.,SRC_INTERNAL_HEURISTIC_V0_2,needs_review
ENT_DOTO,classical_planet,mars,0,low,Algorithmic seed score from v0.1 category/domains/tags; matched: none.,SRC_INTERNAL_HEURISTIC_V0_2,needs_review
ENT_DOTO,classical_planet,jupiter,0,low,Algorithmic seed score from v0.1 category/domains/tags; matched: none.,SRC_INTERNAL_HEURISTIC_V0_2,needs_review
ENT_DOTO,classical_planet,saturn,0,low,Algorithmic seed score from v0.1 category/domains/tags; matched: none.,SRC_INTERNAL_HEURISTIC_V0_2,needs_review
ENT_EUARNE,classical_element,earth,2,low,Algorithmic seed score from v0.1 category/domains/tags; matched: nymph.,SRC_INTERNAL_HEURISTIC_V0_2,needs_review
ENT_EUARNE,classical_element,water,5,medium,"Algorithmic seed score from v0.1 category/domains/tags; matched: sea, nereid.",SRC_INTERNAL_HEURISTIC_V0_2,needs_review
ENT_EUARNE,classical_element,fire,0,low,Algorithmic seed score from v0.1 category/domains/tags; matched: none.,SRC_INTERNAL_HEURISTIC_V0_2,needs_review
ENT_EUARNE,classical_element,air,0,low,Algorithmic seed score from v0.1 category/domains/tags; matched: none.,SRC_INTERNAL_HEURISTIC_V0_2,needs_review
ENT_EUARNE,classical_planet,moon,0,low,Algorithmic seed score from v0.1 category/domains/tags; matched: none.,SRC_INTERNAL_HEURISTIC_V0_2,needs_review
ENT_EUARNE,classical_planet,mercury,0,low,Algorithmic seed score from v0.1 category/domains/tags; matched: none.,SRC_INTERNAL_HEURISTIC_V0_2,needs_review
ENT_EUARNE,classical_planet,venus,2,low,Algorithmic seed score from v0.1 category/domains/tags; matched: nymph.,SRC_INTERNAL_HEURISTIC_V0_2,needs_review
ENT_EUARNE,classical_planet,sun,0,low,Algorithmic seed score from v0.1 category/domains/tags; matched: none.,SRC_INTERNAL_HEURISTIC_V0_2,needs_review
ENT_EUARNE,classical_planet,mars,0,low,Algorithmic seed score from v0.1 category/domains/tags; matched: none.,SRC_INTERNAL_HEURISTIC_V0_2,needs_review
ENT_EUARNE,classical_planet,jupiter,0,low,Algorithmic seed score from v0.1 category/domains/tags; matched: none.,SRC_INTERNAL_HEURISTIC_V0_2,needs_review
ENT_EUARNE,classical_planet,saturn,0,low,Algorithmic seed score from v0.1 category/domains/tags; matched: none.,SRC_INTERNAL_HEURISTIC_V0_2,needs_review
ENT_HIPPONOE,classical_element,earth,2,low,Algorithmic seed score from v0.1 category/domains/tags; matched: nymph.,SRC_INTERNAL_HEURISTIC_V0_2,needs_review
ENT_HIPPONOE,classical_element,water,5,medium,"Algorithmic seed score from v0.1 category/domains/tags; matched: sea, nereid.",SRC_INTERNAL_HEURISTIC_V0_2,needs_review
ENT_HIPPONOE,classical_element,fire,0,low,Algorithmic seed score from v0.1 category/domains/tags; matched: none.,SRC_INTERNAL_HEURISTIC_V0_2,needs_review
ENT_HIPPONOE,classical_element,air,0,low,Algorithmic seed score from v0.1 category/domains/tags; matched: none.,SRC_INTERNAL_HEURISTIC_V0_2,needs_review
ENT_HIPPONOE,classical_planet,moon,0,low,Algorithmic seed score from v0.1 category/domains/tags; matched: none.,SRC_INTERNAL_HEURISTIC_V0_2,needs_review
ENT_HIPPONOE,classical_planet,mercury,0,low,Algorithmic seed score from v0.1 category/domains/tags; matched: none.,SRC_INTERNAL_HEURISTIC_V0_2,needs_review
ENT_HIPPONOE,classical_planet,venus,2,low,Algorithmic seed score from v0.1 category/domains/tags; matched: nymph.,SRC_INTERNAL_HEURISTIC_V0_2,needs_review
ENT_HIPPONOE,classical_planet,sun,0,low,Algorithmic seed score from v0.1 category/domains/tags; matched: none.,SRC_INTERNAL_HEURISTIC_V0_2,needs_review
ENT_HIPPONOE,classical_planet,mars,0,low,Algorithmic seed score from v0.1 category/domains/tags; matched: none.,SRC_INTERNAL_HEURISTIC_V0_2,needs_review
ENT_HIPPONOE,classical_planet,jupiter,0,low,Algorithmic seed score from v0.1 category/domains/tags; matched: none.,SRC_INTERNAL_HEURISTIC_V0_2,needs_review
ENT_HIPPONOE,classical_planet,saturn,0,low,Algorithmic seed score from v0.1 category/domains/tags; matched: none.,SRC_INTERNAL_HEURISTIC_V0_2,needs_review
ENT_NESO,classical_element,earth,2,low,Algorithmic seed score from v0.1 category/domains/tags; matched: nymph.,SRC_INTERNAL_HEURISTIC_V0_2,needs_review
ENT_NESO,classical_element,water,5,medium,"Algorithmic seed score from v0.1 category/domains/tags; matched: sea, nereid.",SRC_INTERNAL_HEURISTIC_V0_2,needs_review
ENT_NESO,classical_element,fire,0,low,Algorithmic seed score from v0.1 category/domains/tags; matched: none.,SRC_INTERNAL_HEURISTIC_V0_2,needs_review
ENT_NESO,classical_element,air,0,low,Algorithmic seed score from v0.1 category/domains/tags; matched: none.,SRC_INTERNAL_HEURISTIC_V0_2,needs_review
ENT_NESO,classical_planet,moon,0,low,Algorithmic seed score from v0.1 category/domains/tags; matched: none.,SRC_INTERNAL_HEURISTIC_V0_2,needs_review
ENT_NESO,classical_planet,mercury,0,low,Algorithmic seed score from v0.1 category/domains/tags; matched: none.,SRC_INTERNAL_HEURISTIC_V0_2,needs_review
ENT_NESO,classical_planet,venus,2,low,Algorithmic seed score from v0.1 category/domains/tags; matched: nymph.,SRC_INTERNAL_HEURISTIC_V0_2,needs_review
ENT_NESO,classical_planet,sun,0,low,Algorithmic seed score from v0.1 category/domains/tags; matched: none.,SRC_INTERNAL_HEURISTIC_V0_2,needs_review
ENT_NESO,classical_planet,mars,0,low,Algorithmic seed score from v0.1 category/domains/tags; matched: none.,SRC_INTERNAL_HEURISTIC_V0_2,needs_review
ENT_NESO,classical_planet,jupiter,0,low,Algorithmic seed score from v0.1 category/domains/tags; matched: none.,SRC_INTERNAL_HEURISTIC_V0_2,needs_review
ENT_NESO,classical_planet,saturn,0,low,Algorithmic seed score from v0.1 category/domains/tags; matched: none.,SRC_INTERNAL_HEURISTIC_V0_2,needs_review
ENT_THALIA_NEREID,classical_element,earth,2,low,Algorithmic seed score from v0.1 category/domains/tags; matched: nymph.,SRC_INTERNAL_HEURISTIC_V0_2,needs_review
ENT_THALIA_NEREID,classical_element,water,5,medium,"Algorithmic seed score from v0.1 category/domains/tags; matched: sea, nereid.",SRC_INTERNAL_HEURISTIC_V0_2,needs_review
ENT_THALIA_NEREID,classical_element,fire,0,low,Algorithmic seed score from v0.1 category/domains/tags; matched: none.,SRC_INTERNAL_HEURISTIC_V0_2,needs_review
ENT_THALIA_NEREID,classical_element,air,0,low,Algorithmic seed score from v0.1 category/domains/tags; matched: none.,SRC_INTERNAL_HEURISTIC_V0_2,needs_review
ENT_THALIA_NEREID,classical_planet,moon,0,low,Algorithmic seed score from v0.1 category/domains/tags; matched: none.,SRC_INTERNAL_HEURISTIC_V0_2,needs_review
ENT_THALIA_NEREID,classical_planet,mercury,0,low,Algorithmic seed score from v0.1 category/domains/tags; matched: none.,SRC_INTERNAL_HEURISTIC_V0_2,needs_review
ENT_THALIA_NEREID,classical_planet,venus,2,low,Algorithmic seed score from v0.1 category/domains/tags; matched: nymph.,SRC_INTERNAL_HEURISTIC_V0_2,needs_review
ENT_THALIA_NEREID,classical_planet,sun,0,low,Algorithmic seed score from v0.1 category/domains/tags; matched: none.,SRC_INTERNAL_HEURISTIC_V0_2,needs_review
ENT_THALIA_NEREID,classical_planet,mars,0,low,Algorithmic seed score from v0.1 category/domains/tags; matched: none.,SRC_INTERNAL_HEURISTIC_V0_2,needs_review
ENT_THALIA_NEREID,classical_planet,jupiter,0,low,Algorithmic seed score from v0.1 category/domains/tags; matched: none.,SRC_INTERNAL_HEURISTIC_V0_2,needs_review
ENT_THALIA_NEREID,classical_planet,saturn,0,low,Algorithmic seed score from v0.1 category/domains/tags; matched: none.,SRC_INTERNAL_HEURISTIC_V0_2,needs_review
ENT_EUDORA_NEREID,classical_element,earth,2,low,Algorithmic seed score from v0.1 category/domains/tags; matched: nymph.,SRC_INTERNAL_HEURISTIC_V0_2,needs_review
ENT_EUDORA_NEREID,classical_element,water,5,medium,"Algorithmic seed score from v0.1 category/domains/tags; matched: sea, nereid.",SRC_INTERNAL_HEURISTIC_V0_2,needs_review
ENT_EUDORA_NEREID,classical_element,fire,0,low,Algorithmic seed score from v0.1 category/domains/tags; matched: none.,SRC_INTERNAL_HEURISTIC_V0_2,needs_review
ENT_EUDORA_NEREID,classical_element,air,0,low,Algorithmic seed score from v0.1 category/domains/tags; matched: none.,SRC_INTERNAL_HEURISTIC_V0_2,needs_review
ENT_EUDORA_NEREID,classical_planet,moon,0,low,Algorithmic seed score from v0.1 category/domains/tags; matched: none.,SRC_INTERNAL_HEURISTIC_V0_2,needs_review
ENT_EUDORA_NEREID,classical_planet,mercury,0,low,Algorithmic seed score from v0.1 category/domains/tags; matched: none.,SRC_INTERNAL_HEURISTIC_V0_2,needs_review
ENT_EUDORA_NEREID,classical_planet,venus,2,low,Algorithmic seed score from v0.1 category/domains/tags; matched: nymph.,SRC_INTERNAL_HEURISTIC_V0_2,needs_review
ENT_EUDORA_NEREID,classical_planet,sun,0,low,Algorithmic seed score from v0.1 category/domains/tags; matched: none.,SRC_INTERNAL_HEURISTIC_V0_2,needs_review
ENT_EUDORA_NEREID,classical_planet,mars,0,low,Algorithmic seed score from v0.1 category/domains/tags; matched: none.,SRC_INTERNAL_HEURISTIC_V0_2,needs_review
ENT_EUDORA_NEREID,classical_planet,jupiter,0,low,Algorithmic seed score from v0.1 category/domains/tags; matched: none.,SRC_INTERNAL_HEURISTIC_V0_2,needs_review
ENT_EUDORA_NEREID,classical_planet,saturn,0,low,Algorithmic seed score from v0.1 category/domains/tags; matched: none.,SRC_INTERNAL_HEURISTIC_V0_2,needs_review
ENT_SAO,classical_element,earth,2,low,Algorithmic seed score from v0.1 category/domains/tags; matched: nymph.,SRC_INTERNAL_HEURISTIC_V0_2,needs_review
ENT_SAO,classical_element,water,5,medium,"Algorithmic seed score from v0.1 category/domains/tags; matched: sea, nereid.",SRC_INTERNAL_HEURISTIC_V0_2,needs_review
ENT_SAO,classical_element,fire,0,low,Algorithmic seed score from v0.1 category/domains/tags; matched: none.,SRC_INTERNAL_HEURISTIC_V0_2,needs_review
ENT_SAO,classical_element,air,0,low,Algorithmic seed score from v0.1 category/domains/tags; matched: none.,SRC_INTERNAL_HEURISTIC_V0_2,needs_review
ENT_SAO,classical_planet,moon,0,low,Algorithmic seed score from v0.1 category/domains/tags; matched: none.,SRC_INTERNAL_HEURISTIC_V0_2,needs_review
ENT_SAO,classical_planet,mercury,0,low,Algorithmic seed score from v0.1 category/domains/tags; matched: none.,SRC_INTERNAL_HEURISTIC_V0_2,needs_review
ENT_SAO,classical_planet,venus,2,low,Algorithmic seed score from v0.1 category/domains/tags; matched: nymph.,SRC_INTERNAL_HEURISTIC_V0_2,needs_review
ENT_SAO,classical_planet,sun,0,low,Algorithmic seed score from v0.1 category/domains/tags; matched: none.,SRC_INTERNAL_HEURISTIC_V0_2,needs_review
ENT_SAO,classical_planet,mars,0,low,Algorithmic seed score from v0.1 category/domains/tags; matched: none.,SRC_INTERNAL_HEURISTIC_V0_2,needs_review
ENT_SAO,classical_planet,jupiter,0,low,Algorithmic seed score from v0.1 category/domains/tags; matched: none.,SRC_INTERNAL_HEURISTIC_V0_2,needs_review
ENT_SAO,classical_planet,saturn,0,low,Algorithmic seed score from v0.1 category/domains/tags; matched: none.,SRC_INTERNAL_HEURISTIC_V0_2,needs_review
ENT_SPEIO,classical_element,earth,4,medium,"Algorithmic seed score from v0.1 category/domains/tags; matched: cave, nymph.",SRC_INTERNAL_HEURISTIC_V0_2,needs_review
ENT_SPEIO,classical_element,water,5,medium,"Algorithmic seed score from v0.1 category/domains/tags; matched: sea, nereid.",SRC_INTERNAL_HEURISTIC_V0_2,needs_review
ENT_SPEIO,classical_element,fire,0,low,Algorithmic seed score from v0.1 category/domains/tags; matched: none.,SRC_INTERNAL_HEURISTIC_V0_2,needs_review
ENT_SPEIO,classical_element,air,0,low,Algorithmic seed score from v0.1 category/domains/tags; matched: none.,SRC_INTERNAL_HEURISTIC_V0_2,needs_review
ENT_SPEIO,classical_planet,moon,0,low,Algorithmic seed score from v0.1 category/domains/tags; matched: none.,SRC_INTERNAL_HEURISTIC_V0_2,needs_review
ENT_SPEIO,classical_planet,mercury,0,low,Algorithmic seed score from v0.1 category/domains/tags; matched: none.,SRC_INTERNAL_HEURISTIC_V0_2,needs_review
ENT_SPEIO,classical_planet,venus,2,low,Algorithmic seed score from v0.1 category/domains/tags; matched: nymph.,SRC_INTERNAL_HEURISTIC_V0_2,needs_review
ENT_SPEIO,classical_planet,sun,0,low,Algorithmic seed score from v0.1 category/domains/tags; matched: none.,SRC_INTERNAL_HEURISTIC_V0_2,needs_review
ENT_SPEIO,classical_planet,mars,0,low,Algorithmic seed score from v0.1 category/domains/tags; matched: none.,SRC_INTERNAL_HEURISTIC_V0_2,needs_review
ENT_SPEIO,classical_planet,jupiter,0,low,Algorithmic seed score from v0.1 category/domains/tags; matched: none.,SRC_INTERNAL_HEURISTIC_V0_2,needs_review
ENT_SPEIO,classical_planet,saturn,0,low,Algorithmic seed score from v0.1 category/domains/tags; matched: none.,SRC_INTERNAL_HEURISTIC_V0_2,needs_review
ENT_GLAUCE,classical_element,earth,2,low,Algorithmic seed score from v0.1 category/domains/tags; matched: nymph.,SRC_INTERNAL_HEURISTIC_V0_2,needs_review
ENT_GLAUCE,classical_element,water,5,medium,"Algorithmic seed score from v0.1 category/domains/tags; matched: sea, nereid.",SRC_INTERNAL_HEURISTIC_V0_2,needs_review
ENT_GLAUCE,classical_element,fire,0,low,Algorithmic seed score from v0.1 category/domains/tags; matched: none.,SRC_INTERNAL_HEURISTIC_V0_2,needs_review
ENT_GLAUCE,classical_element,air,0,low,Algorithmic seed score from v0.1 category/domains/tags; matched: none.,SRC_INTERNAL_HEURISTIC_V0_2,needs_review
ENT_GLAUCE,classical_planet,moon,0,low,Algorithmic seed score from v0.1 category/domains/tags; matched: none.,SRC_INTERNAL_HEURISTIC_V0_2,needs_review
ENT_GLAUCE,classical_planet,mercury,0,low,Algorithmic seed score from v0.1 category/domains/tags; matched: none.,SRC_INTERNAL_HEURISTIC_V0_2,needs_review
ENT_GLAUCE,classical_planet,venus,2,low,Algorithmic seed score from v0.1 category/domains/tags; matched: nymph.,SRC_INTERNAL_HEURISTIC_V0_2,needs_review
ENT_GLAUCE,classical_planet,sun,0,low,Algorithmic seed score from v0.1 category/domains/tags; matched: none.,SRC_INTERNAL_HEURISTIC_V0_2,needs_review
ENT_GLAUCE,classical_planet,mars,0,low,Algorithmic seed score from v0.1 category/domains/tags; matched: none.,SRC_INTERNAL_HEURISTIC_V0_2,needs_review
ENT_GLAUCE,classical_planet,jupiter,0,low,Algorithmic seed score from v0.1 category/domains/tags; matched: none.,SRC_INTERNAL_HEURISTIC_V0_2,needs_review
ENT_GLAUCE,classical_planet,saturn,0,low,Algorithmic seed score from v0.1 category/domains/tags; matched: none.,SRC_INTERNAL_HEURISTIC_V0_2,needs_review
ENT_CYMOTHOE,classical_element,earth,2,low,Algorithmic seed score from v0.1 category/domains/tags; matched: nymph.,SRC_INTERNAL_HEURISTIC_V0_2,needs_review
ENT_CYMOTHOE,classical_element,water,5,medium,"Algorithmic seed score from v0.1 category/domains/tags; matched: sea, nereid.",SRC_INTERNAL_HEURISTIC_V0_2,needs_review
ENT_CYMOTHOE,classical_element,fire,0,low,Algorithmic seed score from v0.1 category/domains/tags; matched: none.,SRC_INTERNAL_HEURISTIC_V0_2,needs_review
ENT_CYMOTHOE,classical_element,air,0,low,Algorithmic seed score from v0.1 category/domains/tags; matched: none.,SRC_INTERNAL_HEURISTIC_V0_2,needs_review
ENT_CYMOTHOE,classical_planet,moon,0,low,Algorithmic seed score from v0.1 category/domains/tags; matched: none.,SRC_INTERNAL_HEURISTIC_V0_2,needs_review
ENT_CYMOTHOE,classical_planet,mercury,0,low,Algorithmic seed score from v0.1 category/domains/tags; matched: none.,SRC_INTERNAL_HEURISTIC_V0_2,needs_review
ENT_CYMOTHOE,classical_planet,venus,2,low,Algorithmic seed score from v0.1 category/domains/tags; matched: nymph.,SRC_INTERNAL_HEURISTIC_V0_2,needs_review
ENT_CYMOTHOE,classical_planet,sun,0,low,Algorithmic seed score from v0.1 category/domains/tags; matched: none.,SRC_INTERNAL_HEURISTIC_V0_2,needs_review
ENT_CYMOTHOE,classical_planet,mars,0,low,Algorithmic seed score from v0.1 category/domains/tags; matched: none.,SRC_INTERNAL_HEURISTIC_V0_2,needs_review
ENT_CYMOTHOE,classical_planet,jupiter,0,low,Algorithmic seed score from v0.1 category/domains/tags; matched: none.,SRC_INTERNAL_HEURISTIC_V0_2,needs_review
ENT_CYMOTHOE,classical_planet,saturn,0,low,Algorithmic seed score from v0.1 category/domains/tags; matched: none.,SRC_INTERNAL_HEURISTIC_V0_2,needs_review
ENT_MELITE,classical_element,earth,2,low,Algorithmic seed score from v0.1 category/domains/tags; matched: nymph.,SRC_INTERNAL_HEURISTIC_V0_2,needs_review
ENT_MELITE,classical_element,water,5,medium,"Algorithmic seed score from v0.1 category/domains/tags; matched: sea, nereid.",SRC_INTERNAL_HEURISTIC_V0_2,needs_review
ENT_MELITE,classical_element,fire,0,low,Algorithmic seed score from v0.1 category/domains/tags; matched: none.,SRC_INTERNAL_HEURISTIC_V0_2,needs_review
ENT_MELITE,classical_element,air,0,low,Algorithmic seed score from v0.1 category/domains/tags; matched: none.,SRC_INTERNAL_HEURISTIC_V0_2,needs_review
ENT_MELITE,classical_planet,moon,0,low,Algorithmic seed score from v0.1 category/domains/tags; matched: none.,SRC_INTERNAL_HEURISTIC_V0_2,needs_review
ENT_MELITE,classical_planet,mercury,0,low,Algorithmic seed score from v0.1 category/domains/tags; matched: none.,SRC_INTERNAL_HEURISTIC_V0_2,needs_review
ENT_MELITE,classical_planet,venus,2,low,Algorithmic seed score from v0.1 category/domains/tags; matched: nymph.,SRC_INTERNAL_HEURISTIC_V0_2,needs_review
ENT_MELITE,classical_planet,sun,0,low,Algorithmic seed score from v0.1 category/domains/tags; matched: none.,SRC_INTERNAL_HEURISTIC_V0_2,needs_review
ENT_MELITE,classical_planet,mars,0,low,Algorithmic seed score from v0.1 category/domains/tags; matched: none.,SRC_INTERNAL_HEURISTIC_V0_2,needs_review
ENT_MELITE,classical_planet,jupiter,0,low,Algorithmic seed score from v0.1 category/domains/tags; matched: none.,SRC_INTERNAL_HEURISTIC_V0_2,needs_review
ENT_MELITE,classical_planet,saturn,0,low,Algorithmic seed score from v0.1 category/domains/tags; matched: none.,SRC_INTERNAL_HEURISTIC_V0_2,needs_review
ENT_ACHELOOS,classical_element,earth,4,medium,Algorithmic seed score from v0.1 category/domains/tags; matched: river.,SRC_INTERNAL_HEURISTIC_V0_2,needs_review
ENT_ACHELOOS,classical_element,water,5,medium,"Algorithmic seed score from v0.1 category/domains/tags; matched: river, water, freshwater, potamos.",SRC_INTERNAL_HEURISTIC_V0_2,needs_review
ENT_ACHELOOS,classical_element,fire,0,low,Algorithmic seed score from v0.1 category/domains/tags; matched: none.,SRC_INTERNAL_HEURISTIC_V0_2,needs_review
ENT_ACHELOOS,classical_element,air,0,low,Algorithmic seed score from v0.1 category/domains/tags; matched: none.,SRC_INTERNAL_HEURISTIC_V0_2,needs_review
ENT_ACHELOOS,classical_planet,moon,0,low,Algorithmic seed score from v0.1 category/domains/tags; matched: none.,SRC_INTERNAL_HEURISTIC_V0_2,needs_review
ENT_ACHELOOS,classical_planet,mercury,0,low,Algorithmic seed score from v0.1 category/domains/tags; matched: none.,SRC_INTERNAL_HEURISTIC_V0_2,needs_review
ENT_ACHELOOS,classical_planet,venus,0,low,Algorithmic seed score from v0.1 category/domains/tags; matched: none.,SRC_INTERNAL_HEURISTIC_V0_2,needs_review
ENT_ACHELOOS,classical_planet,sun,0,low,Algorithmic seed score from v0.1 category/domains/tags; matched: none.,SRC_INTERNAL_HEURISTIC_V0_2,needs_review
ENT_ACHELOOS,classical_planet,mars,0,low,Algorithmic seed score from v0.1 category/domains/tags; matched: none.,SRC_INTERNAL_HEURISTIC_V0_2,needs_review
ENT_ACHELOOS,classical_planet,jupiter,0,low,Algorithmic seed score from v0.1 category/domains/tags; matched: none.,SRC_INTERNAL_HEURISTIC_V0_2,needs_review
ENT_ACHELOOS,classical_planet,saturn,0,low,Algorithmic seed score from v0.1 category/domains/tags; matched: none.,SRC_INTERNAL_HEURISTIC_V0_2,needs_review
ENT_ALPHEUS,classical_element,earth,4,medium,Algorithmic seed score from v0.1 category/domains/tags; matched: river.,SRC_INTERNAL_HEURISTIC_V0_2,needs_review
ENT_ALPHEUS,classical_element,water,5,medium,"Algorithmic seed score from v0.1 category/domains/tags; matched: river, water, freshwater, potamos.",SRC_INTERNAL_HEURISTIC_V0_2,needs_review
ENT_ALPHEUS,classical_element,fire,0,low,Algorithmic seed score from v0.1 category/domains/tags; matched: none.,SRC_INTERNAL_HEURISTIC_V0_2,needs_review
ENT_ALPHEUS,classical_element,air,0,low,Algorithmic seed score from v0.1 category/domains/tags; matched: none.,SRC_INTERNAL_HEURISTIC_V0_2,needs_review
ENT_ALPHEUS,classical_planet,moon,0,low,Algorithmic seed score from v0.1 category/domains/tags; matched: none.,SRC_INTERNAL_HEURISTIC_V0_2,needs_review
ENT_ALPHEUS,classical_planet,mercury,0,low,Algorithmic seed score from v0.1 category/domains/tags; matched: none.,SRC_INTERNAL_HEURISTIC_V0_2,needs_review
ENT_ALPHEUS,classical_planet,venus,0,low,Algorithmic seed score from v0.1 category/domains/tags; matched: none.,SRC_INTERNAL_HEURISTIC_V0_2,needs_review
ENT_ALPHEUS,classical_planet,sun,0,low,Algorithmic seed score from v0.1 category/domains/tags; matched: none.,SRC_INTERNAL_HEURISTIC_V0_2,needs_review
ENT_ALPHEUS,classical_planet,mars,0,low,Algorithmic seed score from v0.1 category/domains/tags; matched: none.,SRC_INTERNAL_HEURISTIC_V0_2,needs_review
ENT_ALPHEUS,classical_planet,jupiter,0,low,Algorithmic seed score from v0.1 category/domains/tags; matched: none.,SRC_INTERNAL_HEURISTIC_V0_2,needs_review
ENT_ALPHEUS,classical_planet,saturn,0,low,Algorithmic seed score from v0.1 category/domains/tags; matched: none.,SRC_INTERNAL_HEURISTIC_V0_2,needs_review
ENT_PENEUS,classical_element,earth,4,medium,Algorithmic seed score from v0.1 category/domains/tags; matched: river.,SRC_INTERNAL_HEURISTIC_V0_2,needs_review
ENT_PENEUS,classical_element,water,5,medium,"Algorithmic seed score from v0.1 category/domains/tags; matched: river, water, freshwater, potamos.",SRC_INTERNAL_HEURISTIC_V0_2,needs_review
ENT_PENEUS,classical_element,fire,0,low,Algorithmic seed score from v0.1 category/domains/tags; matched: none.,SRC_INTERNAL_HEURISTIC_V0_2,needs_review
ENT_PENEUS,classical_element,air,0,low,Algorithmic seed score from v0.1 category/domains/tags; matched: none.,SRC_INTERNAL_HEURISTIC_V0_2,needs_review
ENT_PENEUS,classical_planet,moon,0,low,Algorithmic seed score from v0.1 category/domains/tags; matched: none.,SRC_INTERNAL_HEURISTIC_V0_2,needs_review
ENT_PENEUS,classical_planet,mercury,0,low,Algorithmic seed score from v0.1 category/domains/tags; matched: none.,SRC_INTERNAL_HEURISTIC_V0_2,needs_review
ENT_PENEUS,classical_planet,venus,0,low,Algorithmic seed score from v0.1 category/domains/tags; matched: none.,SRC_INTERNAL_HEURISTIC_V0_2,needs_review
ENT_PENEUS,classical_planet,sun,0,low,Algorithmic seed score from v0.1 category/domains/tags; matched: none.,SRC_INTERNAL_HEURISTIC_V0_2,needs_review
ENT_PENEUS,classical_planet,mars,0,low,Algorithmic seed score from v0.1 category/domains/tags; matched: none.,SRC_INTERNAL_HEURISTIC_V0_2,needs_review
ENT_PENEUS,classical_planet,jupiter,0,low,Algorithmic seed score from v0.1 category/domains/tags; matched: none.,SRC_INTERNAL_HEURISTIC_V0_2,needs_review
ENT_PENEUS,classical_planet,saturn,0,low,Algorithmic seed score from v0.1 category/domains/tags; matched: none.,SRC_INTERNAL_HEURISTIC_V0_2,needs_review
ENT_SCAMANDER,classical_element,earth,4,medium,Algorithmic seed score from v0.1 category/domains/tags; matched: river.,SRC_INTERNAL_HEURISTIC_V0_2,needs_review
ENT_SCAMANDER,classical_element,water,5,medium,"Algorithmic seed score from v0.1 category/domains/tags; matched: river, water, freshwater, potamos.",SRC_INTERNAL_HEURISTIC_V0_2,needs_review
ENT_SCAMANDER,classical_element,fire,0,low,Algorithmic seed score from v0.1 category/domains/tags; matched: none.,SRC_INTERNAL_HEURISTIC_V0_2,needs_review
ENT_SCAMANDER,classical_element,air,0,low,Algorithmic seed score from v0.1 category/domains/tags; matched: none.,SRC_INTERNAL_HEURISTIC_V0_2,needs_review
ENT_SCAMANDER,classical_planet,moon,0,low,Algorithmic seed score from v0.1 category/domains/tags; matched: none.,SRC_INTERNAL_HEURISTIC_V0_2,needs_review
ENT_SCAMANDER,classical_planet,mercury,0,low,Algorithmic seed score from v0.1 category/domains/tags; matched: none.,SRC_INTERNAL_HEURISTIC_V0_2,needs_review
ENT_SCAMANDER,classical_planet,venus,0,low,Algorithmic seed score from v0.1 category/domains/tags; matched: none.,SRC_INTERNAL_HEURISTIC_V0_2,needs_review
ENT_SCAMANDER,classical_planet,sun,0,low,Algorithmic seed score from v0.1 category/domains/tags; matched: none.,SRC_INTERNAL_HEURISTIC_V0_2,needs_review
ENT_SCAMANDER,classical_planet,mars,0,low,Algorithmic seed score from v0.1 category/domains/tags; matched: none.,SRC_INTERNAL_HEURISTIC_V0_2,needs_review
ENT_SCAMANDER,classical_planet,jupiter,0,low,Algorithmic seed score from v0.1 category/domains/tags; matched: none.,SRC_INTERNAL_HEURISTIC_V0_2,needs_review
ENT_SCAMANDER,classical_planet,saturn,0,low,Algorithmic seed score from v0.1 category/domains/tags; matched: none.,SRC_INTERNAL_HEURISTIC_V0_2,needs_review
ENT_SIMOEIS,classical_element,earth,4,medium,Algorithmic seed score from v0.1 category/domains/tags; matched: river.,SRC_INTERNAL_HEURISTIC_V0_2,needs_review
ENT_SIMOEIS,classical_element,water,5,medium,"Algorithmic seed score from v0.1 category/domains/tags; matched: river, water, freshwater, potamos.",SRC_INTERNAL_HEURISTIC_V0_2,needs_review
ENT_SIMOEIS,classical_element,fire,0,low,Algorithmic seed score from v0.1 category/domains/tags; matched: none.,SRC_INTERNAL_HEURISTIC_V0_2,needs_review
ENT_SIMOEIS,classical_element,air,0,low,Algorithmic seed score from v0.1 category/domains/tags; matched: none.,SRC_INTERNAL_HEURISTIC_V0_2,needs_review
ENT_SIMOEIS,classical_planet,moon,0,low,Algorithmic seed score from v0.1 category/domains/tags; matched: none.,SRC_INTERNAL_HEURISTIC_V0_2,needs_review
ENT_SIMOEIS,classical_planet,mercury,0,low,Algorithmic seed score from v0.1 category/domains/tags; matched: none.,SRC_INTERNAL_HEURISTIC_V0_2,needs_review
ENT_SIMOEIS,classical_planet,venus,0,low,Algorithmic seed score from v0.1 category/domains/tags; matched: none.,SRC_INTERNAL_HEURISTIC_V0_2,needs_review
ENT_SIMOEIS,classical_planet,sun,0,low,Algorithmic seed score from v0.1 category/domains/tags; matched: none.,SRC_INTERNAL_HEURISTIC_V0_2,needs_review
ENT_SIMOEIS,classical_planet,mars,0,low,Algorithmic seed score from v0.1 category/domains/tags; matched: none.,SRC_INTERNAL_HEURISTIC_V0_2,needs_review
ENT_SIMOEIS,classical_planet,jupiter,0,low,Algorithmic seed score from v0.1 category/domains/tags; matched: none.,SRC_INTERNAL_HEURISTIC_V0_2,needs_review
ENT_SIMOEIS,classical_planet,saturn,0,low,Algorithmic seed score from v0.1 category/domains/tags; matched: none.,SRC_INTERNAL_HEURISTIC_V0_2,needs_review
ENT_CEPHISSUS,classical_element,earth,4,medium,Algorithmic seed score from v0.1 category/domains/tags; matched: river.,SRC_INTERNAL_HEURISTIC_V0_2,needs_review
ENT_CEPHISSUS,classical_element,water,5,medium,"Algorithmic seed score from v0.1 category/domains/tags; matched: river, water, freshwater, potamos.",SRC_INTERNAL_HEURISTIC_V0_2,needs_review
ENT_CEPHISSUS,classical_element,fire,0,low,Algorithmic seed score from v0.1 category/domains/tags; matched: none.,SRC_INTERNAL_HEURISTIC_V0_2,needs_review
ENT_CEPHISSUS,classical_element,air,0,low,Algorithmic seed score from v0.1 category/domains/tags; matched: none.,SRC_INTERNAL_HEURISTIC_V0_2,needs_review
ENT_CEPHISSUS,classical_planet,moon,0,low,Algorithmic seed score from v0.1 category/domains/tags; matched: none.,SRC_INTERNAL_HEURISTIC_V0_2,needs_review
ENT_CEPHISSUS,classical_planet,mercury,0,low,Algorithmic seed score from v0.1 category/domains/tags; matched: none.,SRC_INTERNAL_HEURISTIC_V0_2,needs_review
ENT_CEPHISSUS,classical_planet,venus,0,low,Algorithmic seed score from v0.1 category/domains/tags; matched: none.,SRC_INTERNAL_HEURISTIC_V0_2,needs_review
ENT_CEPHISSUS,classical_planet,sun,0,low,Algorithmic seed score from v0.1 category/domains/tags; matched: none.,SRC_INTERNAL_HEURISTIC_V0_2,needs_review
ENT_CEPHISSUS,classical_planet,mars,0,low,Algorithmic seed score from v0.1 category/domains/tags; matched: none.,SRC_INTERNAL_HEURISTIC_V0_2,needs_review
ENT_CEPHISSUS,classical_planet,jupiter,0,low,Algorithmic seed score from v0.1 category/domains/tags; matched: none.,SRC_INTERNAL_HEURISTIC_V0_2,needs_review
ENT_CEPHISSUS,classical_planet,saturn,0,low,Algorithmic seed score from v0.1 category/domains/tags; matched: none.,SRC_INTERNAL_HEURISTIC_V0_2,needs_review
ENT_EUROTAS,classical_element,earth,4,medium,Algorithmic seed score from v0.1 category/domains/tags; matched: river.,SRC_INTERNAL_HEURISTIC_V0_2,needs_review
ENT_EUROTAS,classical_element,water,5,medium,"Algorithmic seed score from v0.1 category/domains/tags; matched: river, water, freshwater, potamos.",SRC_INTERNAL_HEURISTIC_V0_2,needs_review
ENT_EUROTAS,classical_element,fire,0,low,Algorithmic seed score from v0.1 category/domains/tags; matched: none.,SRC_INTERNAL_HEURISTIC_V0_2,needs_review
ENT_EUROTAS,classical_element,air,0,low,Algorithmic seed score from v0.1 category/domains/tags; matched: none.,SRC_INTERNAL_HEURISTIC_V0_2,needs_review
ENT_EUROTAS,classical_planet,moon,0,low,Algorithmic seed score from v0.1 category/domains/tags; matched: none.,SRC_INTERNAL_HEURISTIC_V0_2,needs_review
ENT_EUROTAS,classical_planet,mercury,0,low,Algorithmic seed score from v0.1 category/domains/tags; matched: none.,SRC_INTERNAL_HEURISTIC_V0_2,needs_review
ENT_EUROTAS,classical_planet,venus,0,low,Algorithmic seed score from v0.1 category/domains/tags; matched: none.,SRC_INTERNAL_HEURISTIC_V0_2,needs_review
ENT_EUROTAS,classical_planet,sun,0,low,Algorithmic seed score from v0.1 category/domains/tags; matched: none.,SRC_INTERNAL_HEURISTIC_V0_2,needs_review
ENT_EUROTAS,classical_planet,mars,0,low,Algorithmic seed score from v0.1 category/domains/tags; matched: none.,SRC_INTERNAL_HEURISTIC_V0_2,needs_review
ENT_EUROTAS,classical_planet,jupiter,0,low,Algorithmic seed score from v0.1 category/domains/tags; matched: none.,SRC_INTERNAL_HEURISTIC_V0_2,needs_review
ENT_EUROTAS,classical_planet,saturn,0,low,Algorithmic seed score from v0.1 category/domains/tags; matched: none.,SRC_INTERNAL_HEURISTIC_V0_2,needs_review
ENT_INACHUS,classical_element,earth,4,medium,Algorithmic seed score from v0.1 category/domains/tags; matched: river.,SRC_INTERNAL_HEURISTIC_V0_2,needs_review
ENT_INACHUS,classical_element,water,5,medium,"Algorithmic seed score from v0.1 category/domains/tags; matched: river, water, freshwater, potamos.",SRC_INTERNAL_HEURISTIC_V0_2,needs_review
ENT_INACHUS,classical_element,fire,0,low,Algorithmic seed score from v0.1 category/domains/tags; matched: none.,SRC_INTERNAL_HEURISTIC_V0_2,needs_review
ENT_INACHUS,classical_element,air,0,low,Algorithmic seed score from v0.1 category/domains/tags; matched: none.,SRC_INTERNAL_HEURISTIC_V0_2,needs_review
ENT_INACHUS,classical_planet,moon,0,low,Algorithmic seed score from v0.1 category/domains/tags; matched: none.,SRC_INTERNAL_HEURISTIC_V0_2,needs_review
ENT_INACHUS,classical_planet,mercury,0,low,Algorithmic seed score from v0.1 category/domains/tags; matched: none.,SRC_INTERNAL_HEURISTIC_V0_2,needs_review
ENT_INACHUS,classical_planet,venus,0,low,Algorithmic seed score from v0.1 category/domains/tags; matched: none.,SRC_INTERNAL_HEURISTIC_V0_2,needs_review
ENT_INACHUS,classical_planet,sun,0,low,Algorithmic seed score from v0.1 category/domains/tags; matched: none.,SRC_INTERNAL_HEURISTIC_V0_2,needs_review
ENT_INACHUS,classical_planet,mars,0,low,Algorithmic seed score from v0.1 category/domains/tags; matched: none.,SRC_INTERNAL_HEURISTIC_V0_2,needs_review
ENT_INACHUS,classical_planet,jupiter,0,low,Algorithmic seed score from v0.1 category/domains/tags; matched: none.,SRC_INTERNAL_HEURISTIC_V0_2,needs_review
ENT_INACHUS,classical_planet,saturn,0,low,Algorithmic seed score from v0.1 category/domains/tags; matched: none.,SRC_INTERNAL_HEURISTIC_V0_2,needs_review
ENT_LADON,classical_element,earth,4,medium,Algorithmic seed score from v0.1 category/domains/tags; matched: river.,SRC_INTERNAL_HEURISTIC_V0_2,needs_review
ENT_LADON,classical_element,water,5,medium,"Algorithmic seed score from v0.1 category/domains/tags; matched: river, water, freshwater, potamos.",SRC_INTERNAL_HEURISTIC_V0_2,needs_review
ENT_LADON,classical_element,fire,0,low,Algorithmic seed score from v0.1 category/domains/tags; matched: none.,SRC_INTERNAL_HEURISTIC_V0_2,needs_review
ENT_LADON,classical_element,air,0,low,Algorithmic seed score from v0.1 category/domains/tags; matched: none.,SRC_INTERNAL_HEURISTIC_V0_2,needs_review
ENT_LADON,classical_planet,moon,0,low,Algorithmic seed score from v0.1 category/domains/tags; matched: none.,SRC_INTERNAL_HEURISTIC_V0_2,needs_review
ENT_LADON,classical_planet,mercury,0,low,Algorithmic seed score from v0.1 category/domains/tags; matched: none.,SRC_INTERNAL_HEURISTIC_V0_2,needs_review
ENT_LADON,classical_planet,venus,0,low,Algorithmic seed score from v0.1 category/domains/tags; matched: none.,SRC_INTERNAL_HEURISTIC_V0_2,needs_review
ENT_LADON,classical_planet,sun,0,low,Algorithmic seed score from v0.1 category/domains/tags; matched: none.,SRC_INTERNAL_HEURISTIC_V0_2,needs_review
ENT_LADON,classical_planet,mars,0,low,Algorithmic seed score from v0.1 category/domains/tags; matched: none.,SRC_INTERNAL_HEURISTIC_V0_2,needs_review
ENT_LADON,classical_planet,jupiter,0,low,Algorithmic seed score from v0.1 category/domains/tags; matched: none.,SRC_INTERNAL_HEURISTIC_V0_2,needs_review
ENT_LADON,classical_planet,saturn,0,low,Algorithmic seed score from v0.1 category/domains/tags; matched: none.,SRC_INTERNAL_HEURISTIC_V0_2,needs_review
ENT_ASOPUS,classical_element,earth,4,medium,Algorithmic seed score from v0.1 category/domains/tags; matched: river.,SRC_INTERNAL_HEURISTIC_V0_2,needs_review
ENT_ASOPUS,classical_element,water,5,medium,"Algorithmic seed score from v0.1 category/domains/tags; matched: river, water, freshwater, potamos.",SRC_INTERNAL_HEURISTIC_V0_2,needs_review
ENT_ASOPUS,classical_element,fire,0,low,Algorithmic seed score from v0.1 category/domains/tags; matched: none.,SRC_INTERNAL_HEURISTIC_V0_2,needs_review
ENT_ASOPUS,classical_element,air,0,low,Algorithmic seed score from v0.1 category/domains/tags; matched: none.,SRC_INTERNAL_HEURISTIC_V0_2,needs_review
ENT_ASOPUS,classical_planet,moon,0,low,Algorithmic seed score from v0.1 category/domains/tags; matched: none.,SRC_INTERNAL_HEURISTIC_V0_2,needs_review
ENT_ASOPUS,classical_planet,mercury,0,low,Algorithmic seed score from v0.1 category/domains/tags; matched: none.,SRC_INTERNAL_HEURISTIC_V0_2,needs_review
ENT_ASOPUS,classical_planet,venus,0,low,Algorithmic seed score from v0.1 category/domains/tags; matched: none.,SRC_INTERNAL_HEURISTIC_V0_2,needs_review
ENT_ASOPUS,classical_planet,sun,0,low,Algorithmic seed score from v0.1 category/domains/tags; matched: none.,SRC_INTERNAL_HEURISTIC_V0_2,needs_review
ENT_ASOPUS,classical_planet,mars,0,low,Algorithmic seed score from v0.1 category/domains/tags; matched: none.,SRC_INTERNAL_HEURISTIC_V0_2,needs_review
ENT_ASOPUS,classical_planet,jupiter,0,low,Algorithmic seed score from v0.1 category/domains/tags; matched: none.,SRC_INTERNAL_HEURISTIC_V0_2,needs_review
ENT_ASOPUS,classical_planet,saturn,0,low,Algorithmic seed score from v0.1 category/domains/tags; matched: none.,SRC_INTERNAL_HEURISTIC_V0_2,needs_review
ENT_SPERCHEIOS,classical_element,earth,4,medium,Algorithmic seed score from v0.1 category/domains/tags; matched: river.,SRC_INTERNAL_HEURISTIC_V0_2,needs_review
ENT_SPERCHEIOS,classical_element,water,5,medium,"Algorithmic seed score from v0.1 category/domains/tags; matched: river, water, freshwater, potamos.",SRC_INTERNAL_HEURISTIC_V0_2,needs_review
ENT_SPERCHEIOS,classical_element,fire,0,low,Algorithmic seed score from v0.1 category/domains/tags; matched: none.,SRC_INTERNAL_HEURISTIC_V0_2,needs_review
ENT_SPERCHEIOS,classical_element,air,0,low,Algorithmic seed score from v0.1 category/domains/tags; matched: none.,SRC_INTERNAL_HEURISTIC_V0_2,needs_review
ENT_SPERCHEIOS,classical_planet,moon,0,low,Algorithmic seed score from v0.1 category/domains/tags; matched: none.,SRC_INTERNAL_HEURISTIC_V0_2,needs_review
ENT_SPERCHEIOS,classical_planet,mercury,0,low,Algorithmic seed score from v0.1 category/domains/tags; matched: none.,SRC_INTERNAL_HEURISTIC_V0_2,needs_review
ENT_SPERCHEIOS,classical_planet,venus,0,low,Algorithmic seed score from v0.1 category/domains/tags; matched: none.,SRC_INTERNAL_HEURISTIC_V0_2,needs_review
ENT_SPERCHEIOS,classical_planet,sun,0,low,Algorithmic seed score from v0.1 category/domains/tags; matched: none.,SRC_INTERNAL_HEURISTIC_V0_2,needs_review
ENT_SPERCHEIOS,classical_planet,mars,0,low,Algorithmic seed score from v0.1 category/domains/tags; matched: none.,SRC_INTERNAL_HEURISTIC_V0_2,needs_review
ENT_SPERCHEIOS,classical_planet,jupiter,0,low,Algorithmic seed score from v0.1 category/domains/tags; matched: none.,SRC_INTERNAL_HEURISTIC_V0_2,needs_review
ENT_SPERCHEIOS,classical_planet,saturn,0,low,Algorithmic seed score from v0.1 category/domains/tags; matched: none.,SRC_INTERNAL_HEURISTIC_V0_2,needs_review
ENT_HEBRUS,classical_element,earth,4,medium,Algorithmic seed score from v0.1 category/domains/tags; matched: river.,SRC_INTERNAL_HEURISTIC_V0_2,needs_review
ENT_HEBRUS,classical_element,water,5,medium,"Algorithmic seed score from v0.1 category/domains/tags; matched: river, water, freshwater, potamos.",SRC_INTERNAL_HEURISTIC_V0_2,needs_review
ENT_HEBRUS,classical_element,fire,0,low,Algorithmic seed score from v0.1 category/domains/tags; matched: none.,SRC_INTERNAL_HEURISTIC_V0_2,needs_review
ENT_HEBRUS,classical_element,air,0,low,Algorithmic seed score from v0.1 category/domains/tags; matched: none.,SRC_INTERNAL_HEURISTIC_V0_2,needs_review
ENT_HEBRUS,classical_planet,moon,0,low,Algorithmic seed score from v0.1 category/domains/tags; matched: none.,SRC_INTERNAL_HEURISTIC_V0_2,needs_review
ENT_HEBRUS,classical_planet,mercury,0,low,Algorithmic seed score from v0.1 category/domains/tags; matched: none.,SRC_INTERNAL_HEURISTIC_V0_2,needs_review
ENT_HEBRUS,classical_planet,venus,0,low,Algorithmic seed score from v0.1 category/domains/tags; matched: none.,SRC_INTERNAL_HEURISTIC_V0_2,needs_review
ENT_HEBRUS,classical_planet,sun,0,low,Algorithmic seed score from v0.1 category/domains/tags; matched: none.,SRC_INTERNAL_HEURISTIC_V0_2,needs_review
ENT_HEBRUS,classical_planet,mars,0,low,Algorithmic seed score from v0.1 category/domains/tags; matched: none.,SRC_INTERNAL_HEURISTIC_V0_2,needs_review
ENT_HEBRUS,classical_planet,jupiter,0,low,Algorithmic seed score from v0.1 category/domains/tags; matched: none.,SRC_INTERNAL_HEURISTIC_V0_2,needs_review
ENT_HEBRUS,classical_planet,saturn,0,low,Algorithmic seed score from v0.1 category/domains/tags; matched: none.,SRC_INTERNAL_HEURISTIC_V0_2,needs_review
ENT_ERIDANUS,classical_element,earth,4,medium,Algorithmic seed score from v0.1 category/domains/tags; matched: river.,SRC_INTERNAL_HEURISTIC_V0_2,needs_review
ENT_ERIDANUS,classical_element,water,5,medium,"Algorithmic seed score from v0.1 category/domains/tags; matched: river, water, freshwater, potamos.",SRC_INTERNAL_HEURISTIC_V0_2,needs_review
ENT_ERIDANUS,classical_element,fire,0,low,Algorithmic seed score from v0.1 category/domains/tags; matched: none.,SRC_INTERNAL_HEURISTIC_V0_2,needs_review
ENT_ERIDANUS,classical_element,air,0,low,Algorithmic seed score from v0.1 category/domains/tags; matched: none.,SRC_INTERNAL_HEURISTIC_V0_2,needs_review
ENT_ERIDANUS,classical_planet,moon,0,low,Algorithmic seed score from v0.1 category/domains/tags; matched: none.,SRC_INTERNAL_HEURISTIC_V0_2,needs_review
ENT_ERIDANUS,classical_planet,mercury,0,low,Algorithmic seed score from v0.1 category/domains/tags; matched: none.,SRC_INTERNAL_HEURISTIC_V0_2,needs_review
ENT_ERIDANUS,classical_planet,venus,0,low,Algorithmic seed score from v0.1 category/domains/tags; matched: none.,SRC_INTERNAL_HEURISTIC_V0_2,needs_review
ENT_ERIDANUS,classical_planet,sun,0,low,Algorithmic seed score from v0.1 category/domains/tags; matched: none.,SRC_INTERNAL_HEURISTIC_V0_2,needs_review
ENT_ERIDANUS,classical_planet,mars,0,low,Algorithmic seed score from v0.1 category/domains/tags; matched: none.,SRC_INTERNAL_HEURISTIC_V0_2,needs_review
ENT_ERIDANUS,classical_planet,jupiter,0,low,Algorithmic seed score from v0.1 category/domains/tags; matched: none.,SRC_INTERNAL_HEURISTIC_V0_2,needs_review
ENT_ERIDANUS,classical_planet,saturn,0,low,Algorithmic seed score from v0.1 category/domains/tags; matched: none.,SRC_INTERNAL_HEURISTIC_V0_2,needs_review
ENT_NILE,classical_element,earth,4,medium,Algorithmic seed score from v0.1 category/domains/tags; matched: river.,SRC_INTERNAL_HEURISTIC_V0_2,needs_review
ENT_NILE,classical_element,water,5,medium,"Algorithmic seed score from v0.1 category/domains/tags; matched: river, water, freshwater, potamos.",SRC_INTERNAL_HEURISTIC_V0_2,needs_review
ENT_NILE,classical_element,fire,0,low,Algorithmic seed score from v0.1 category/domains/tags; matched: none.,SRC_INTERNAL_HEURISTIC_V0_2,needs_review
ENT_NILE,classical_element,air,0,low,Algorithmic seed score from v0.1 category/domains/tags; matched: none.,SRC_INTERNAL_HEURISTIC_V0_2,needs_review
ENT_NILE,classical_planet,moon,0,low,Algorithmic seed score from v0.1 category/domains/tags; matched: none.,SRC_INTERNAL_HEURISTIC_V0_2,needs_review
ENT_NILE,classical_planet,mercury,0,low,Algorithmic seed score from v0.1 category/domains/tags; matched: none.,SRC_INTERNAL_HEURISTIC_V0_2,needs_review
ENT_NILE,classical_planet,venus,0,low,Algorithmic seed score from v0.1 category/domains/tags; matched: none.,SRC_INTERNAL_HEURISTIC_V0_2,needs_review
ENT_NILE,classical_planet,sun,0,low,Algorithmic seed score from v0.1 category/domains/tags; matched: none.,SRC_INTERNAL_HEURISTIC_V0_2,needs_review
ENT_NILE,classical_planet,mars,0,low,Algorithmic seed score from v0.1 category/domains/tags; matched: none.,SRC_INTERNAL_HEURISTIC_V0_2,needs_review
ENT_NILE,classical_planet,jupiter,0,low,Algorithmic seed score from v0.1 category/domains/tags; matched: none.,SRC_INTERNAL_HEURISTIC_V0_2,needs_review
ENT_NILE,classical_planet,saturn,0,low,Algorithmic seed score from v0.1 category/domains/tags; matched: none.,SRC_INTERNAL_HEURISTIC_V0_2,needs_review
ENT_STRYMON,classical_element,earth,4,medium,Algorithmic seed score from v0.1 category/domains/tags; matched: river.,SRC_INTERNAL_HEURISTIC_V0_2,needs_review
ENT_STRYMON,classical_element,water,5,medium,"Algorithmic seed score from v0.1 category/domains/tags; matched: river, water, freshwater, potamos.",SRC_INTERNAL_HEURISTIC_V0_2,needs_review
ENT_STRYMON,classical_element,fire,0,low,Algorithmic seed score from v0.1 category/domains/tags; matched: none.,SRC_INTERNAL_HEURISTIC_V0_2,needs_review
ENT_STRYMON,classical_element,air,0,low,Algorithmic seed score from v0.1 category/domains/tags; matched: none.,SRC_INTERNAL_HEURISTIC_V0_2,needs_review
ENT_STRYMON,classical_planet,moon,0,low,Algorithmic seed score from v0.1 category/domains/tags; matched: none.,SRC_INTERNAL_HEURISTIC_V0_2,needs_review
ENT_STRYMON,classical_planet,mercury,0,low,Algorithmic seed score from v0.1 category/domains/tags; matched: none.,SRC_INTERNAL_HEURISTIC_V0_2,needs_review
ENT_STRYMON,classical_planet,venus,0,low,Algorithmic seed score from v0.1 category/domains/tags; matched: none.,SRC_INTERNAL_HEURISTIC_V0_2,needs_review
ENT_STRYMON,classical_planet,sun,0,low,Algorithmic seed score from v0.1 category/domains/tags; matched: none.,SRC_INTERNAL_HEURISTIC_V0_2,needs_review
ENT_STRYMON,classical_planet,mars,0,low,Algorithmic seed score from v0.1 category/domains/tags; matched: none.,SRC_INTERNAL_HEURISTIC_V0_2,needs_review
ENT_STRYMON,classical_planet,jupiter,0,low,Algorithmic seed score from v0.1 category/domains/tags; matched: none.,SRC_INTERNAL_HEURISTIC_V0_2,needs_review
ENT_STRYMON,classical_planet,saturn,0,low,Algorithmic seed score from v0.1 category/domains/tags; matched: none.,SRC_INTERNAL_HEURISTIC_V0_2,needs_review
ENT_AESAR,classical_element,earth,4,medium,Algorithmic seed score from v0.1 category/domains/tags; matched: river.,SRC_INTERNAL_HEURISTIC_V0_2,needs_review
ENT_AESAR,classical_element,water,5,medium,"Algorithmic seed score from v0.1 category/domains/tags; matched: river, water, freshwater, potamos.",SRC_INTERNAL_HEURISTIC_V0_2,needs_review
ENT_AESAR,classical_element,fire,0,low,Algorithmic seed score from v0.1 category/domains/tags; matched: none.,SRC_INTERNAL_HEURISTIC_V0_2,needs_review
ENT_AESAR,classical_element,air,0,low,Algorithmic seed score from v0.1 category/domains/tags; matched: none.,SRC_INTERNAL_HEURISTIC_V0_2,needs_review
ENT_AESAR,classical_planet,moon,0,low,Algorithmic seed score from v0.1 category/domains/tags; matched: none.,SRC_INTERNAL_HEURISTIC_V0_2,needs_review
ENT_AESAR,classical_planet,mercury,0,low,Algorithmic seed score from v0.1 category/domains/tags; matched: none.,SRC_INTERNAL_HEURISTIC_V0_2,needs_review
ENT_AESAR,classical_planet,venus,0,low,Algorithmic seed score from v0.1 category/domains/tags; matched: none.,SRC_INTERNAL_HEURISTIC_V0_2,needs_review
ENT_AESAR,classical_planet,sun,0,low,Algorithmic seed score from v0.1 category/domains/tags; matched: none.,SRC_INTERNAL_HEURISTIC_V0_2,needs_review
ENT_AESAR,classical_planet,mars,0,low,Algorithmic seed score from v0.1 category/domains/tags; matched: none.,SRC_INTERNAL_HEURISTIC_V0_2,needs_review
ENT_AESAR,classical_planet,jupiter,0,low,Algorithmic seed score from v0.1 category/domains/tags; matched: none.,SRC_INTERNAL_HEURISTIC_V0_2,needs_review
ENT_AESAR,classical_planet,saturn,0,low,Algorithmic seed score from v0.1 category/domains/tags; matched: none.,SRC_INTERNAL_HEURISTIC_V0_2,needs_review
ENT_ACHELOUS_MINOR,classical_element,earth,4,medium,Algorithmic seed score from v0.1 category/domains/tags; matched: river.,SRC_INTERNAL_HEURISTIC_V0_2,needs_review
ENT_ACHELOUS_MINOR,classical_element,water,5,medium,"Algorithmic seed score from v0.1 category/domains/tags; matched: river, water, freshwater, potamos.",SRC_INTERNAL_HEURISTIC_V0_2,needs_review
ENT_ACHELOUS_MINOR,classical_element,fire,0,low,Algorithmic seed score from v0.1 category/domains/tags; matched: none.,SRC_INTERNAL_HEURISTIC_V0_2,needs_review
ENT_ACHELOUS_MINOR,classical_element,air,0,low,Algorithmic seed score from v0.1 category/domains/tags; matched: none.,SRC_INTERNAL_HEURISTIC_V0_2,needs_review
ENT_ACHELOUS_MINOR,classical_planet,moon,0,low,Algorithmic seed score from v0.1 category/domains/tags; matched: none.,SRC_INTERNAL_HEURISTIC_V0_2,needs_review
ENT_ACHELOUS_MINOR,classical_planet,mercury,0,low,Algorithmic seed score from v0.1 category/domains/tags; matched: none.,SRC_INTERNAL_HEURISTIC_V0_2,needs_review
ENT_ACHELOUS_MINOR,classical_planet,venus,0,low,Algorithmic seed score from v0.1 category/domains/tags; matched: none.,SRC_INTERNAL_HEURISTIC_V0_2,needs_review
ENT_ACHELOUS_MINOR,classical_planet,sun,0,low,Algorithmic seed score from v0.1 category/domains/tags; matched: none.,SRC_INTERNAL_HEURISTIC_V0_2,needs_review
ENT_ACHELOUS_MINOR,classical_planet,mars,0,low,Algorithmic seed score from v0.1 category/domains/tags; matched: none.,SRC_INTERNAL_HEURISTIC_V0_2,needs_review
ENT_ACHELOUS_MINOR,classical_planet,jupiter,0,low,Algorithmic seed score from v0.1 category/domains/tags; matched: none.,SRC_INTERNAL_HEURISTIC_V0_2,needs_review
ENT_ACHELOUS_MINOR,classical_planet,saturn,0,low,Algorithmic seed score from v0.1 category/domains/tags; matched: none.,SRC_INTERNAL_HEURISTIC_V0_2,needs_review
ENT_ACHERON_RIVER,classical_element,earth,4,medium,Algorithmic seed score from v0.1 category/domains/tags; matched: river.,SRC_INTERNAL_HEURISTIC_V0_2,needs_review
ENT_ACHERON_RIVER,classical_element,water,5,medium,"Algorithmic seed score from v0.1 category/domains/tags; matched: river, water, freshwater, potamos.",SRC_INTERNAL_HEURISTIC_V0_2,needs_review
ENT_ACHERON_RIVER,classical_element,fire,0,low,Algorithmic seed score from v0.1 category/domains/tags; matched: none.,SRC_INTERNAL_HEURISTIC_V0_2,needs_review
ENT_ACHERON_RIVER,classical_element,air,0,low,Algorithmic seed score from v0.1 category/domains/tags; matched: none.,SRC_INTERNAL_HEURISTIC_V0_2,needs_review
ENT_ACHERON_RIVER,classical_planet,moon,0,low,Algorithmic seed score from v0.1 category/domains/tags; matched: none.,SRC_INTERNAL_HEURISTIC_V0_2,needs_review
ENT_ACHERON_RIVER,classical_planet,mercury,0,low,Algorithmic seed score from v0.1 category/domains/tags; matched: none.,SRC_INTERNAL_HEURISTIC_V0_2,needs_review
ENT_ACHERON_RIVER,classical_planet,venus,0,low,Algorithmic seed score from v0.1 category/domains/tags; matched: none.,SRC_INTERNAL_HEURISTIC_V0_2,needs_review
ENT_ACHERON_RIVER,classical_planet,sun,0,low,Algorithmic seed score from v0.1 category/domains/tags; matched: none.,SRC_INTERNAL_HEURISTIC_V0_2,needs_review
ENT_ACHERON_RIVER,classical_planet,mars,0,low,Algorithmic seed score from v0.1 category/domains/tags; matched: none.,SRC_INTERNAL_HEURISTIC_V0_2,needs_review
ENT_ACHERON_RIVER,classical_planet,jupiter,0,low,Algorithmic seed score from v0.1 category/domains/tags; matched: none.,SRC_INTERNAL_HEURISTIC_V0_2,needs_review
ENT_ACHERON_RIVER,classical_planet,saturn,0,low,Algorithmic seed score from v0.1 category/domains/tags; matched: none.,SRC_INTERNAL_HEURISTIC_V0_2,needs_review
ENT_AESEPUS,classical_element,earth,4,medium,Algorithmic seed score from v0.1 category/domains/tags; matched: river.,SRC_INTERNAL_HEURISTIC_V0_2,needs_review
ENT_AESEPUS,classical_element,water,5,medium,"Algorithmic seed score from v0.1 category/domains/tags; matched: river, water, freshwater, potamos.",SRC_INTERNAL_HEURISTIC_V0_2,needs_review
ENT_AESEPUS,classical_element,fire,0,low,Algorithmic seed score from v0.1 category/domains/tags; matched: none.,SRC_INTERNAL_HEURISTIC_V0_2,needs_review
ENT_AESEPUS,classical_element,air,0,low,Algorithmic seed score from v0.1 category/domains/tags; matched: none.,SRC_INTERNAL_HEURISTIC_V0_2,needs_review
ENT_AESEPUS,classical_planet,moon,0,low,Algorithmic seed score from v0.1 category/domains/tags; matched: none.,SRC_INTERNAL_HEURISTIC_V0_2,needs_review
ENT_AESEPUS,classical_planet,mercury,0,low,Algorithmic seed score from v0.1 category/domains/tags; matched: none.,SRC_INTERNAL_HEURISTIC_V0_2,needs_review
ENT_AESEPUS,classical_planet,venus,0,low,Algorithmic seed score from v0.1 category/domains/tags; matched: none.,SRC_INTERNAL_HEURISTIC_V0_2,needs_review
ENT_AESEPUS,classical_planet,sun,0,low,Algorithmic seed score from v0.1 category/domains/tags; matched: none.,SRC_INTERNAL_HEURISTIC_V0_2,needs_review
ENT_AESEPUS,classical_planet,mars,0,low,Algorithmic seed score from v0.1 category/domains/tags; matched: none.,SRC_INTERNAL_HEURISTIC_V0_2,needs_review
ENT_AESEPUS,classical_planet,jupiter,0,low,Algorithmic seed score from v0.1 category/domains/tags; matched: none.,SRC_INTERNAL_HEURISTIC_V0_2,needs_review
ENT_AESEPUS,classical_planet,saturn,0,low,Algorithmic seed score from v0.1 category/domains/tags; matched: none.,SRC_INTERNAL_HEURISTIC_V0_2,needs_review
ENT_AXIUS,classical_element,earth,4,medium,Algorithmic seed score from v0.1 category/domains/tags; matched: river.,SRC_INTERNAL_HEURISTIC_V0_2,needs_review
ENT_AXIUS,classical_element,water,5,medium,"Algorithmic seed score from v0.1 category/domains/tags; matched: river, water, freshwater, potamos.",SRC_INTERNAL_HEURISTIC_V0_2,needs_review
ENT_AXIUS,classical_element,fire,0,low,Algorithmic seed score from v0.1 category/domains/tags; matched: none.,SRC_INTERNAL_HEURISTIC_V0_2,needs_review
ENT_AXIUS,classical_element,air,0,low,Algorithmic seed score from v0.1 category/domains/tags; matched: none.,SRC_INTERNAL_HEURISTIC_V0_2,needs_review
ENT_AXIUS,classical_planet,moon,0,low,Algorithmic seed score from v0.1 category/domains/tags; matched: none.,SRC_INTERNAL_HEURISTIC_V0_2,needs_review
ENT_AXIUS,classical_planet,mercury,0,low,Algorithmic seed score from v0.1 category/domains/tags; matched: none.,SRC_INTERNAL_HEURISTIC_V0_2,needs_review
ENT_AXIUS,classical_planet,venus,0,low,Algorithmic seed score from v0.1 category/domains/tags; matched: none.,SRC_INTERNAL_HEURISTIC_V0_2,needs_review
ENT_AXIUS,classical_planet,sun,0,low,Algorithmic seed score from v0.1 category/domains/tags; matched: none.,SRC_INTERNAL_HEURISTIC_V0_2,needs_review
ENT_AXIUS,classical_planet,mars,0,low,Algorithmic seed score from v0.1 category/domains/tags; matched: none.,SRC_INTERNAL_HEURISTIC_V0_2,needs_review
ENT_AXIUS,classical_planet,jupiter,0,low,Algorithmic seed score from v0.1 category/domains/tags; matched: none.,SRC_INTERNAL_HEURISTIC_V0_2,needs_review
ENT_AXIUS,classical_planet,saturn,0,low,Algorithmic seed score from v0.1 category/domains/tags; matched: none.,SRC_INTERNAL_HEURISTIC_V0_2,needs_review
ENT_CAICUS,classical_element,earth,4,medium,Algorithmic seed score from v0.1 category/domains/tags; matched: river.,SRC_INTERNAL_HEURISTIC_V0_2,needs_review
ENT_CAICUS,classical_element,water,5,medium,"Algorithmic seed score from v0.1 category/domains/tags; matched: river, water, freshwater, potamos.",SRC_INTERNAL_HEURISTIC_V0_2,needs_review
ENT_CAICUS,classical_element,fire,0,low,Algorithmic seed score from v0.1 category/domains/tags; matched: none.,SRC_INTERNAL_HEURISTIC_V0_2,needs_review
ENT_CAICUS,classical_element,air,0,low,Algorithmic seed score from v0.1 category/domains/tags; matched: none.,SRC_INTERNAL_HEURISTIC_V0_2,needs_review
ENT_CAICUS,classical_planet,moon,0,low,Algorithmic seed score from v0.1 category/domains/tags; matched: none.,SRC_INTERNAL_HEURISTIC_V0_2,needs_review
ENT_CAICUS,classical_planet,mercury,0,low,Algorithmic seed score from v0.1 category/domains/tags; matched: none.,SRC_INTERNAL_HEURISTIC_V0_2,needs_review
ENT_CAICUS,classical_planet,venus,0,low,Algorithmic seed score from v0.1 category/domains/tags; matched: none.,SRC_INTERNAL_HEURISTIC_V0_2,needs_review
ENT_CAICUS,classical_planet,sun,0,low,Algorithmic seed score from v0.1 category/domains/tags; matched: none.,SRC_INTERNAL_HEURISTIC_V0_2,needs_review
ENT_CAICUS,classical_planet,mars,0,low,Algorithmic seed score from v0.1 category/domains/tags; matched: none.,SRC_INTERNAL_HEURISTIC_V0_2,needs_review
ENT_CAICUS,classical_planet,jupiter,0,low,Algorithmic seed score from v0.1 category/domains/tags; matched: none.,SRC_INTERNAL_HEURISTIC_V0_2,needs_review
ENT_CAICUS,classical_planet,saturn,0,low,Algorithmic seed score from v0.1 category/domains/tags; matched: none.,SRC_INTERNAL_HEURISTIC_V0_2,needs_review
ENT_CLADEUS,classical_element,earth,4,medium,Algorithmic seed score from v0.1 category/domains/tags; matched: river.,SRC_INTERNAL_HEURISTIC_V0_2,needs_review
ENT_CLADEUS,classical_element,water,5,medium,"Algorithmic seed score from v0.1 category/domains/tags; matched: river, water, freshwater, potamos.",SRC_INTERNAL_HEURISTIC_V0_2,needs_review
ENT_CLADEUS,classical_element,fire,0,low,Algorithmic seed score from v0.1 category/domains/tags; matched: none.,SRC_INTERNAL_HEURISTIC_V0_2,needs_review
ENT_CLADEUS,classical_element,air,0,low,Algorithmic seed score from v0.1 category/domains/tags; matched: none.,SRC_INTERNAL_HEURISTIC_V0_2,needs_review
ENT_CLADEUS,classical_planet,moon,0,low,Algorithmic seed score from v0.1 category/domains/tags; matched: none.,SRC_INTERNAL_HEURISTIC_V0_2,needs_review
ENT_CLADEUS,classical_planet,mercury,0,low,Algorithmic seed score from v0.1 category/domains/tags; matched: none.,SRC_INTERNAL_HEURISTIC_V0_2,needs_review
ENT_CLADEUS,classical_planet,venus,0,low,Algorithmic seed score from v0.1 category/domains/tags; matched: none.,SRC_INTERNAL_HEURISTIC_V0_2,needs_review
ENT_CLADEUS,classical_planet,sun,0,low,Algorithmic seed score from v0.1 category/domains/tags; matched: none.,SRC_INTERNAL_HEURISTIC_V0_2,needs_review
ENT_CLADEUS,classical_planet,mars,0,low,Algorithmic seed score from v0.1 category/domains/tags; matched: none.,SRC_INTERNAL_HEURISTIC_V0_2,needs_review
ENT_CLADEUS,classical_planet,jupiter,0,low,Algorithmic seed score from v0.1 category/domains/tags; matched: none.,SRC_INTERNAL_HEURISTIC_V0_2,needs_review
ENT_CLADEUS,classical_planet,saturn,0,low,Algorithmic seed score from v0.1 category/domains/tags; matched: none.,SRC_INTERNAL_HEURISTIC_V0_2,needs_review
ENT_CYDNUS,classical_element,earth,4,medium,Algorithmic seed score from v0.1 category/domains/tags; matched: river.,SRC_INTERNAL_HEURISTIC_V0_2,needs_review
ENT_CYDNUS,classical_element,water,5,medium,"Algorithmic seed score from v0.1 category/domains/tags; matched: river, water, freshwater, potamos.",SRC_INTERNAL_HEURISTIC_V0_2,needs_review
ENT_CYDNUS,classical_element,fire,0,low,Algorithmic seed score from v0.1 category/domains/tags; matched: none.,SRC_INTERNAL_HEURISTIC_V0_2,needs_review
ENT_CYDNUS,classical_element,air,0,low,Algorithmic seed score from v0.1 category/domains/tags; matched: none.,SRC_INTERNAL_HEURISTIC_V0_2,needs_review
ENT_CYDNUS,classical_planet,moon,0,low,Algorithmic seed score from v0.1 category/domains/tags; matched: none.,SRC_INTERNAL_HEURISTIC_V0_2,needs_review
ENT_CYDNUS,classical_planet,mercury,0,low,Algorithmic seed score from v0.1 category/domains/tags; matched: none.,SRC_INTERNAL_HEURISTIC_V0_2,needs_review
ENT_CYDNUS,classical_planet,venus,0,low,Algorithmic seed score from v0.1 category/domains/tags; matched: none.,SRC_INTERNAL_HEURISTIC_V0_2,needs_review
ENT_CYDNUS,classical_planet,sun,0,low,Algorithmic seed score from v0.1 category/domains/tags; matched: none.,SRC_INTERNAL_HEURISTIC_V0_2,needs_review
ENT_CYDNUS,classical_planet,mars,0,low,Algorithmic seed score from v0.1 category/domains/tags; matched: none.,SRC_INTERNAL_HEURISTIC_V0_2,needs_review
ENT_CYDNUS,classical_planet,jupiter,0,low,Algorithmic seed score from v0.1 category/domains/tags; matched: none.,SRC_INTERNAL_HEURISTIC_V0_2,needs_review
ENT_CYDNUS,classical_planet,saturn,0,low,Algorithmic seed score from v0.1 category/domains/tags; matched: none.,SRC_INTERNAL_HEURISTIC_V0_2,needs_review
ENT_EVENUS,classical_element,earth,4,medium,Algorithmic seed score from v0.1 category/domains/tags; matched: river.,SRC_INTERNAL_HEURISTIC_V0_2,needs_review
ENT_EVENUS,classical_element,water,5,medium,"Algorithmic seed score from v0.1 category/domains/tags; matched: river, water, freshwater, potamos.",SRC_INTERNAL_HEURISTIC_V0_2,needs_review
ENT_EVENUS,classical_element,fire,0,low,Algorithmic seed score from v0.1 category/domains/tags; matched: none.,SRC_INTERNAL_HEURISTIC_V0_2,needs_review
ENT_EVENUS,classical_element,air,0,low,Algorithmic seed score from v0.1 category/domains/tags; matched: none.,SRC_INTERNAL_HEURISTIC_V0_2,needs_review
ENT_EVENUS,classical_planet,moon,0,low,Algorithmic seed score from v0.1 category/domains/tags; matched: none.,SRC_INTERNAL_HEURISTIC_V0_2,needs_review
ENT_EVENUS,classical_planet,mercury,0,low,Algorithmic seed score from v0.1 category/domains/tags; matched: none.,SRC_INTERNAL_HEURISTIC_V0_2,needs_review
ENT_EVENUS,classical_planet,venus,0,low,Algorithmic seed score from v0.1 category/domains/tags; matched: none.,SRC_INTERNAL_HEURISTIC_V0_2,needs_review
ENT_EVENUS,classical_planet,sun,0,low,Algorithmic seed score from v0.1 category/domains/tags; matched: none.,SRC_INTERNAL_HEURISTIC_V0_2,needs_review
ENT_EVENUS,classical_planet,mars,0,low,Algorithmic seed score from v0.1 category/domains/tags; matched: none.,SRC_INTERNAL_HEURISTIC_V0_2,needs_review
ENT_EVENUS,classical_planet,jupiter,0,low,Algorithmic seed score from v0.1 category/domains/tags; matched: none.,SRC_INTERNAL_HEURISTIC_V0_2,needs_review
ENT_EVENUS,classical_planet,saturn,0,low,Algorithmic seed score from v0.1 category/domains/tags; matched: none.,SRC_INTERNAL_HEURISTIC_V0_2,needs_review
ENT_ERYMANTHUS,classical_element,earth,4,medium,Algorithmic seed score from v0.1 category/domains/tags; matched: river.,SRC_INTERNAL_HEURISTIC_V0_2,needs_review
ENT_ERYMANTHUS,classical_element,water,5,medium,"Algorithmic seed score from v0.1 category/domains/tags; matched: river, water, freshwater, potamos.",SRC_INTERNAL_HEURISTIC_V0_2,needs_review
ENT_ERYMANTHUS,classical_element,fire,0,low,Algorithmic seed score from v0.1 category/domains/tags; matched: none.,SRC_INTERNAL_HEURISTIC_V0_2,needs_review
ENT_ERYMANTHUS,classical_element,air,0,low,Algorithmic seed score from v0.1 category/domains/tags; matched: none.,SRC_INTERNAL_HEURISTIC_V0_2,needs_review
ENT_ERYMANTHUS,classical_planet,moon,0,low,Algorithmic seed score from v0.1 category/domains/tags; matched: none.,SRC_INTERNAL_HEURISTIC_V0_2,needs_review
ENT_ERYMANTHUS,classical_planet,mercury,0,low,Algorithmic seed score from v0.1 category/domains/tags; matched: none.,SRC_INTERNAL_HEURISTIC_V0_2,needs_review
ENT_ERYMANTHUS,classical_planet,venus,0,low,Algorithmic seed score from v0.1 category/domains/tags; matched: none.,SRC_INTERNAL_HEURISTIC_V0_2,needs_review
ENT_ERYMANTHUS,classical_planet,sun,0,low,Algorithmic seed score from v0.1 category/domains/tags; matched: none.,SRC_INTERNAL_HEURISTIC_V0_2,needs_review
ENT_ERYMANTHUS,classical_planet,mars,0,low,Algorithmic seed score from v0.1 category/domains/tags; matched: none.,SRC_INTERNAL_HEURISTIC_V0_2,needs_review
ENT_ERYMANTHUS,classical_planet,jupiter,0,low,Algorithmic seed score from v0.1 category/domains/tags; matched: none.,SRC_INTERNAL_HEURISTIC_V0_2,needs_review
ENT_ERYMANTHUS,classical_planet,saturn,0,low,Algorithmic seed score from v0.1 category/domains/tags; matched: none.,SRC_INTERNAL_HEURISTIC_V0_2,needs_review
ENT_GRANICUS,classical_element,earth,4,medium,Algorithmic seed score from v0.1 category/domains/tags; matched: river.,SRC_INTERNAL_HEURISTIC_V0_2,needs_review
ENT_GRANICUS,classical_element,water,5,medium,"Algorithmic seed score from v0.1 category/domains/tags; matched: river, water, freshwater, potamos.",SRC_INTERNAL_HEURISTIC_V0_2,needs_review
ENT_GRANICUS,classical_element,fire,0,low,Algorithmic seed score from v0.1 category/domains/tags; matched: none.,SRC_INTERNAL_HEURISTIC_V0_2,needs_review
ENT_GRANICUS,classical_element,air,0,low,Algorithmic seed score from v0.1 category/domains/tags; matched: none.,SRC_INTERNAL_HEURISTIC_V0_2,needs_review
ENT_GRANICUS,classical_planet,moon,0,low,Algorithmic seed score from v0.1 category/domains/tags; matched: none.,SRC_INTERNAL_HEURISTIC_V0_2,needs_review
ENT_GRANICUS,classical_planet,mercury,0,low,Algorithmic seed score from v0.1 category/domains/tags; matched: none.,SRC_INTERNAL_HEURISTIC_V0_2,needs_review
ENT_GRANICUS,classical_planet,venus,0,low,Algorithmic seed score from v0.1 category/domains/tags; matched: none.,SRC_INTERNAL_HEURISTIC_V0_2,needs_review
ENT_GRANICUS,classical_planet,sun,0,low,Algorithmic seed score from v0.1 category/domains/tags; matched: none.,SRC_INTERNAL_HEURISTIC_V0_2,needs_review
ENT_GRANICUS,classical_planet,mars,0,low,Algorithmic seed score from v0.1 category/domains/tags; matched: none.,SRC_INTERNAL_HEURISTIC_V0_2,needs_review
ENT_GRANICUS,classical_planet,jupiter,0,low,Algorithmic seed score from v0.1 category/domains/tags; matched: none.,SRC_INTERNAL_HEURISTIC_V0_2,needs_review
ENT_GRANICUS,classical_planet,saturn,0,low,Algorithmic seed score from v0.1 category/domains/tags; matched: none.,SRC_INTERNAL_HEURISTIC_V0_2,needs_review
ENT_ILISSUS,classical_element,earth,4,medium,Algorithmic seed score from v0.1 category/domains/tags; matched: river.,SRC_INTERNAL_HEURISTIC_V0_2,needs_review
ENT_ILISSUS,classical_element,water,5,medium,"Algorithmic seed score from v0.1 category/domains/tags; matched: river, water, freshwater, potamos.",SRC_INTERNAL_HEURISTIC_V0_2,needs_review
ENT_ILISSUS,classical_element,fire,0,low,Algorithmic seed score from v0.1 category/domains/tags; matched: none.,SRC_INTERNAL_HEURISTIC_V0_2,needs_review
ENT_ILISSUS,classical_element,air,0,low,Algorithmic seed score from v0.1 category/domains/tags; matched: none.,SRC_INTERNAL_HEURISTIC_V0_2,needs_review
ENT_ILISSUS,classical_planet,moon,0,low,Algorithmic seed score from v0.1 category/domains/tags; matched: none.,SRC_INTERNAL_HEURISTIC_V0_2,needs_review
ENT_ILISSUS,classical_planet,mercury,0,low,Algorithmic seed score from v0.1 category/domains/tags; matched: none.,SRC_INTERNAL_HEURISTIC_V0_2,needs_review
ENT_ILISSUS,classical_planet,venus,0,low,Algorithmic seed score from v0.1 category/domains/tags; matched: none.,SRC_INTERNAL_HEURISTIC_V0_2,needs_review
ENT_ILISSUS,classical_planet,sun,0,low,Algorithmic seed score from v0.1 category/domains/tags; matched: none.,SRC_INTERNAL_HEURISTIC_V0_2,needs_review
ENT_ILISSUS,classical_planet,mars,0,low,Algorithmic seed score from v0.1 category/domains/tags; matched: none.,SRC_INTERNAL_HEURISTIC_V0_2,needs_review
ENT_ILISSUS,classical_planet,jupiter,0,low,Algorithmic seed score from v0.1 category/domains/tags; matched: none.,SRC_INTERNAL_HEURISTIC_V0_2,needs_review
ENT_ILISSUS,classical_planet,saturn,0,low,Algorithmic seed score from v0.1 category/domains/tags; matched: none.,SRC_INTERNAL_HEURISTIC_V0_2,needs_review
ENT_ISMENUS,classical_element,earth,4,medium,Algorithmic seed score from v0.1 category/domains/tags; matched: river.,SRC_INTERNAL_HEURISTIC_V0_2,needs_review
ENT_ISMENUS,classical_element,water,5,medium,"Algorithmic seed score from v0.1 category/domains/tags; matched: river, water, freshwater, potamos.",SRC_INTERNAL_HEURISTIC_V0_2,needs_review
ENT_ISMENUS,classical_element,fire,0,low,Algorithmic seed score from v0.1 category/domains/tags; matched: none.,SRC_INTERNAL_HEURISTIC_V0_2,needs_review
ENT_ISMENUS,classical_element,air,0,low,Algorithmic seed score from v0.1 category/domains/tags; matched: none.,SRC_INTERNAL_HEURISTIC_V0_2,needs_review
ENT_ISMENUS,classical_planet,moon,0,low,Algorithmic seed score from v0.1 category/domains/tags; matched: none.,SRC_INTERNAL_HEURISTIC_V0_2,needs_review
ENT_ISMENUS,classical_planet,mercury,0,low,Algorithmic seed score from v0.1 category/domains/tags; matched: none.,SRC_INTERNAL_HEURISTIC_V0_2,needs_review
ENT_ISMENUS,classical_planet,venus,0,low,Algorithmic seed score from v0.1 category/domains/tags; matched: none.,SRC_INTERNAL_HEURISTIC_V0_2,needs_review
ENT_ISMENUS,classical_planet,sun,0,low,Algorithmic seed score from v0.1 category/domains/tags; matched: none.,SRC_INTERNAL_HEURISTIC_V0_2,needs_review
ENT_ISMENUS,classical_planet,mars,0,low,Algorithmic seed score from v0.1 category/domains/tags; matched: none.,SRC_INTERNAL_HEURISTIC_V0_2,needs_review
ENT_ISMENUS,classical_planet,jupiter,0,low,Algorithmic seed score from v0.1 category/domains/tags; matched: none.,SRC_INTERNAL_HEURISTIC_V0_2,needs_review
ENT_ISMENUS,classical_planet,saturn,0,low,Algorithmic seed score from v0.1 category/domains/tags; matched: none.,SRC_INTERNAL_HEURISTIC_V0_2,needs_review
ENT_MAEANDER,classical_element,earth,4,medium,Algorithmic seed score from v0.1 category/domains/tags; matched: river.,SRC_INTERNAL_HEURISTIC_V0_2,needs_review
ENT_MAEANDER,classical_element,water,5,medium,"Algorithmic seed score from v0.1 category/domains/tags; matched: river, water, freshwater, potamos.",SRC_INTERNAL_HEURISTIC_V0_2,needs_review
ENT_MAEANDER,classical_element,fire,0,low,Algorithmic seed score from v0.1 category/domains/tags; matched: none.,SRC_INTERNAL_HEURISTIC_V0_2,needs_review
ENT_MAEANDER,classical_element,air,0,low,Algorithmic seed score from v0.1 category/domains/tags; matched: none.,SRC_INTERNAL_HEURISTIC_V0_2,needs_review
ENT_MAEANDER,classical_planet,moon,0,low,Algorithmic seed score from v0.1 category/domains/tags; matched: none.,SRC_INTERNAL_HEURISTIC_V0_2,needs_review
ENT_MAEANDER,classical_planet,mercury,0,low,Algorithmic seed score from v0.1 category/domains/tags; matched: none.,SRC_INTERNAL_HEURISTIC_V0_2,needs_review
ENT_MAEANDER,classical_planet,venus,0,low,Algorithmic seed score from v0.1 category/domains/tags; matched: none.,SRC_INTERNAL_HEURISTIC_V0_2,needs_review
ENT_MAEANDER,classical_planet,sun,0,low,Algorithmic seed score from v0.1 category/domains/tags; matched: none.,SRC_INTERNAL_HEURISTIC_V0_2,needs_review
ENT_MAEANDER,classical_planet,mars,0,low,Algorithmic seed score from v0.1 category/domains/tags; matched: none.,SRC_INTERNAL_HEURISTIC_V0_2,needs_review
ENT_MAEANDER,classical_planet,jupiter,0,low,Algorithmic seed score from v0.1 category/domains/tags; matched: none.,SRC_INTERNAL_HEURISTIC_V0_2,needs_review
ENT_MAEANDER,classical_planet,saturn,0,low,Algorithmic seed score from v0.1 category/domains/tags; matched: none.,SRC_INTERNAL_HEURISTIC_V0_2,needs_review
ENT_MELES,classical_element,earth,4,medium,Algorithmic seed score from v0.1 category/domains/tags; matched: river.,SRC_INTERNAL_HEURISTIC_V0_2,needs_review
ENT_MELES,classical_element,water,5,medium,"Algorithmic seed score from v0.1 category/domains/tags; matched: river, water, freshwater, potamos.",SRC_INTERNAL_HEURISTIC_V0_2,needs_review
ENT_MELES,classical_element,fire,0,low,Algorithmic seed score from v0.1 category/domains/tags; matched: none.,SRC_INTERNAL_HEURISTIC_V0_2,needs_review
ENT_MELES,classical_element,air,0,low,Algorithmic seed score from v0.1 category/domains/tags; matched: none.,SRC_INTERNAL_HEURISTIC_V0_2,needs_review
ENT_MELES,classical_planet,moon,0,low,Algorithmic seed score from v0.1 category/domains/tags; matched: none.,SRC_INTERNAL_HEURISTIC_V0_2,needs_review
ENT_MELES,classical_planet,mercury,0,low,Algorithmic seed score from v0.1 category/domains/tags; matched: none.,SRC_INTERNAL_HEURISTIC_V0_2,needs_review
ENT_MELES,classical_planet,venus,0,low,Algorithmic seed score from v0.1 category/domains/tags; matched: none.,SRC_INTERNAL_HEURISTIC_V0_2,needs_review
ENT_MELES,classical_planet,sun,0,low,Algorithmic seed score from v0.1 category/domains/tags; matched: none.,SRC_INTERNAL_HEURISTIC_V0_2,needs_review
ENT_MELES,classical_planet,mars,0,low,Algorithmic seed score from v0.1 category/domains/tags; matched: none.,SRC_INTERNAL_HEURISTIC_V0_2,needs_review
ENT_MELES,classical_planet,jupiter,0,low,Algorithmic seed score from v0.1 category/domains/tags; matched: none.,SRC_INTERNAL_HEURISTIC_V0_2,needs_review
ENT_MELES,classical_planet,saturn,0,low,Algorithmic seed score from v0.1 category/domains/tags; matched: none.,SRC_INTERNAL_HEURISTIC_V0_2,needs_review
ENT_NESSUS,classical_element,earth,4,medium,Algorithmic seed score from v0.1 category/domains/tags; matched: river.,SRC_INTERNAL_HEURISTIC_V0_2,needs_review
ENT_NESSUS,classical_element,water,5,medium,"Algorithmic seed score from v0.1 category/domains/tags; matched: river, water, freshwater, potamos.",SRC_INTERNAL_HEURISTIC_V0_2,needs_review
ENT_NESSUS,classical_element,fire,0,low,Algorithmic seed score from v0.1 category/domains/tags; matched: none.,SRC_INTERNAL_HEURISTIC_V0_2,needs_review
ENT_NESSUS,classical_element,air,0,low,Algorithmic seed score from v0.1 category/domains/tags; matched: none.,SRC_INTERNAL_HEURISTIC_V0_2,needs_review
ENT_NESSUS,classical_planet,moon,0,low,Algorithmic seed score from v0.1 category/domains/tags; matched: none.,SRC_INTERNAL_HEURISTIC_V0_2,needs_review
ENT_NESSUS,classical_planet,mercury,0,low,Algorithmic seed score from v0.1 category/domains/tags; matched: none.,SRC_INTERNAL_HEURISTIC_V0_2,needs_review
ENT_NESSUS,classical_planet,venus,0,low,Algorithmic seed score from v0.1 category/domains/tags; matched: none.,SRC_INTERNAL_HEURISTIC_V0_2,needs_review
ENT_NESSUS,classical_planet,sun,0,low,Algorithmic seed score from v0.1 category/domains/tags; matched: none.,SRC_INTERNAL_HEURISTIC_V0_2,needs_review
ENT_NESSUS,classical_planet,mars,0,low,Algorithmic seed score from v0.1 category/domains/tags; matched: none.,SRC_INTERNAL_HEURISTIC_V0_2,needs_review
ENT_NESSUS,classical_planet,jupiter,0,low,Algorithmic seed score from v0.1 category/domains/tags; matched: none.,SRC_INTERNAL_HEURISTIC_V0_2,needs_review
ENT_NESSUS,classical_planet,saturn,0,low,Algorithmic seed score from v0.1 category/domains/tags; matched: none.,SRC_INTERNAL_HEURISTIC_V0_2,needs_review
ENT_SANGARIUS,classical_element,earth,4,medium,Algorithmic seed score from v0.1 category/domains/tags; matched: river.,SRC_INTERNAL_HEURISTIC_V0_2,needs_review
ENT_SANGARIUS,classical_element,water,5,medium,"Algorithmic seed score from v0.1 category/domains/tags; matched: river, water, freshwater, potamos.",SRC_INTERNAL_HEURISTIC_V0_2,needs_review
ENT_SANGARIUS,classical_element,fire,0,low,Algorithmic seed score from v0.1 category/domains/tags; matched: none.,SRC_INTERNAL_HEURISTIC_V0_2,needs_review
ENT_SANGARIUS,classical_element,air,0,low,Algorithmic seed score from v0.1 category/domains/tags; matched: none.,SRC_INTERNAL_HEURISTIC_V0_2,needs_review
ENT_SANGARIUS,classical_planet,moon,0,low,Algorithmic seed score from v0.1 category/domains/tags; matched: none.,SRC_INTERNAL_HEURISTIC_V0_2,needs_review
ENT_SANGARIUS,classical_planet,mercury,0,low,Algorithmic seed score from v0.1 category/domains/tags; matched: none.,SRC_INTERNAL_HEURISTIC_V0_2,needs_review
ENT_SANGARIUS,classical_planet,venus,0,low,Algorithmic seed score from v0.1 category/domains/tags; matched: none.,SRC_INTERNAL_HEURISTIC_V0_2,needs_review
ENT_SANGARIUS,classical_planet,sun,0,low,Algorithmic seed score from v0.1 category/domains/tags; matched: none.,SRC_INTERNAL_HEURISTIC_V0_2,needs_review
ENT_SANGARIUS,classical_planet,mars,0,low,Algorithmic seed score from v0.1 category/domains/tags; matched: none.,SRC_INTERNAL_HEURISTIC_V0_2,needs_review
ENT_SANGARIUS,classical_planet,jupiter,0,low,Algorithmic seed score from v0.1 category/domains/tags; matched: none.,SRC_INTERNAL_HEURISTIC_V0_2,needs_review
ENT_SANGARIUS,classical_planet,saturn,0,low,Algorithmic seed score from v0.1 category/domains/tags; matched: none.,SRC_INTERNAL_HEURISTIC_V0_2,needs_review
ENT_SATNIOEIS,classical_element,earth,4,medium,Algorithmic seed score from v0.1 category/domains/tags; matched: river.,SRC_INTERNAL_HEURISTIC_V0_2,needs_review
ENT_SATNIOEIS,classical_element,water,5,medium,"Algorithmic seed score from v0.1 category/domains/tags; matched: river, water, freshwater, potamos.",SRC_INTERNAL_HEURISTIC_V0_2,needs_review
ENT_SATNIOEIS,classical_element,fire,0,low,Algorithmic seed score from v0.1 category/domains/tags; matched: none.,SRC_INTERNAL_HEURISTIC_V0_2,needs_review
ENT_SATNIOEIS,classical_element,air,0,low,Algorithmic seed score from v0.1 category/domains/tags; matched: none.,SRC_INTERNAL_HEURISTIC_V0_2,needs_review
ENT_SATNIOEIS,classical_planet,moon,0,low,Algorithmic seed score from v0.1 category/domains/tags; matched: none.,SRC_INTERNAL_HEURISTIC_V0_2,needs_review
ENT_SATNIOEIS,classical_planet,mercury,0,low,Algorithmic seed score from v0.1 category/domains/tags; matched: none.,SRC_INTERNAL_HEURISTIC_V0_2,needs_review
ENT_SATNIOEIS,classical_planet,venus,0,low,Algorithmic seed score from v0.1 category/domains/tags; matched: none.,SRC_INTERNAL_HEURISTIC_V0_2,needs_review
ENT_SATNIOEIS,classical_planet,sun,0,low,Algorithmic seed score from v0.1 category/domains/tags; matched: none.,SRC_INTERNAL_HEURISTIC_V0_2,needs_review
ENT_SATNIOEIS,classical_planet,mars,0,low,Algorithmic seed score from v0.1 category/domains/tags; matched: none.,SRC_INTERNAL_HEURISTIC_V0_2,needs_review
ENT_SATNIOEIS,classical_planet,jupiter,0,low,Algorithmic seed score from v0.1 category/domains/tags; matched: none.,SRC_INTERNAL_HEURISTIC_V0_2,needs_review
ENT_SATNIOEIS,classical_planet,saturn,0,low,Algorithmic seed score from v0.1 category/domains/tags; matched: none.,SRC_INTERNAL_HEURISTIC_V0_2,needs_review
ENT_TITARESIUS,classical_element,earth,4,medium,Algorithmic seed score from v0.1 category/domains/tags; matched: river.,SRC_INTERNAL_HEURISTIC_V0_2,needs_review
ENT_TITARESIUS,classical_element,water,5,medium,"Algorithmic seed score from v0.1 category/domains/tags; matched: river, water, freshwater, potamos.",SRC_INTERNAL_HEURISTIC_V0_2,needs_review
ENT_TITARESIUS,classical_element,fire,0,low,Algorithmic seed score from v0.1 category/domains/tags; matched: none.,SRC_INTERNAL_HEURISTIC_V0_2,needs_review
ENT_TITARESIUS,classical_element,air,0,low,Algorithmic seed score from v0.1 category/domains/tags; matched: none.,SRC_INTERNAL_HEURISTIC_V0_2,needs_review
ENT_TITARESIUS,classical_planet,moon,0,low,Algorithmic seed score from v0.1 category/domains/tags; matched: none.,SRC_INTERNAL_HEURISTIC_V0_2,needs_review
ENT_TITARESIUS,classical_planet,mercury,0,low,Algorithmic seed score from v0.1 category/domains/tags; matched: none.,SRC_INTERNAL_HEURISTIC_V0_2,needs_review
ENT_TITARESIUS,classical_planet,venus,0,low,Algorithmic seed score from v0.1 category/domains/tags; matched: none.,SRC_INTERNAL_HEURISTIC_V0_2,needs_review
ENT_TITARESIUS,classical_planet,sun,0,low,Algorithmic seed score from v0.1 category/domains/tags; matched: none.,SRC_INTERNAL_HEURISTIC_V0_2,needs_review
ENT_TITARESIUS,classical_planet,mars,5,medium,Algorithmic seed score from v0.1 category/domains/tags; matched: ares.,SRC_INTERNAL_HEURISTIC_V0_2,needs_review
ENT_TITARESIUS,classical_planet,jupiter,0,low,Algorithmic seed score from v0.1 category/domains/tags; matched: none.,SRC_INTERNAL_HEURISTIC_V0_2,needs_review
ENT_TITARESIUS,classical_planet,saturn,0,low,Algorithmic seed score from v0.1 category/domains/tags; matched: none.,SRC_INTERNAL_HEURISTIC_V0_2,needs_review
ENT_XANTHUS,classical_element,earth,4,medium,Algorithmic seed score from v0.1 category/domains/tags; matched: river.,SRC_INTERNAL_HEURISTIC_V0_2,needs_review
ENT_XANTHUS,classical_element,water,5,medium,"Algorithmic seed score from v0.1 category/domains/tags; matched: river, water, freshwater, potamos.",SRC_INTERNAL_HEURISTIC_V0_2,needs_review
ENT_XANTHUS,classical_element,fire,0,low,Algorithmic seed score from v0.1 category/domains/tags; matched: none.,SRC_INTERNAL_HEURISTIC_V0_2,needs_review
ENT_XANTHUS,classical_element,air,0,low,Algorithmic seed score from v0.1 category/domains/tags; matched: none.,SRC_INTERNAL_HEURISTIC_V0_2,needs_review
ENT_XANTHUS,classical_planet,moon,0,low,Algorithmic seed score from v0.1 category/domains/tags; matched: none.,SRC_INTERNAL_HEURISTIC_V0_2,needs_review
ENT_XANTHUS,classical_planet,mercury,0,low,Algorithmic seed score from v0.1 category/domains/tags; matched: none.,SRC_INTERNAL_HEURISTIC_V0_2,needs_review
ENT_XANTHUS,classical_planet,venus,0,low,Algorithmic seed score from v0.1 category/domains/tags; matched: none.,SRC_INTERNAL_HEURISTIC_V0_2,needs_review
ENT_XANTHUS,classical_planet,sun,0,low,Algorithmic seed score from v0.1 category/domains/tags; matched: none.,SRC_INTERNAL_HEURISTIC_V0_2,needs_review
ENT_XANTHUS,classical_planet,mars,0,low,Algorithmic seed score from v0.1 category/domains/tags; matched: none.,SRC_INTERNAL_HEURISTIC_V0_2,needs_review
ENT_XANTHUS,classical_planet,jupiter,0,low,Algorithmic seed score from v0.1 category/domains/tags; matched: none.,SRC_INTERNAL_HEURISTIC_V0_2,needs_review
ENT_XANTHUS,classical_planet,saturn,0,low,Algorithmic seed score from v0.1 category/domains/tags; matched: none.,SRC_INTERNAL_HEURISTIC_V0_2,needs_review
ENT_THERMODON,classical_element,earth,4,medium,Algorithmic seed score from v0.1 category/domains/tags; matched: river.,SRC_INTERNAL_HEURISTIC_V0_2,needs_review
ENT_THERMODON,classical_element,water,5,medium,"Algorithmic seed score from v0.1 category/domains/tags; matched: river, water, freshwater, potamos.",SRC_INTERNAL_HEURISTIC_V0_2,needs_review
ENT_THERMODON,classical_element,fire,0,low,Algorithmic seed score from v0.1 category/domains/tags; matched: none.,SRC_INTERNAL_HEURISTIC_V0_2,needs_review
ENT_THERMODON,classical_element,air,0,low,Algorithmic seed score from v0.1 category/domains/tags; matched: none.,SRC_INTERNAL_HEURISTIC_V0_2,needs_review
ENT_THERMODON,classical_planet,moon,0,low,Algorithmic seed score from v0.1 category/domains/tags; matched: none.,SRC_INTERNAL_HEURISTIC_V0_2,needs_review
ENT_THERMODON,classical_planet,mercury,0,low,Algorithmic seed score from v0.1 category/domains/tags; matched: none.,SRC_INTERNAL_HEURISTIC_V0_2,needs_review
ENT_THERMODON,classical_planet,venus,0,low,Algorithmic seed score from v0.1 category/domains/tags; matched: none.,SRC_INTERNAL_HEURISTIC_V0_2,needs_review
ENT_THERMODON,classical_planet,sun,0,low,Algorithmic seed score from v0.1 category/domains/tags; matched: none.,SRC_INTERNAL_HEURISTIC_V0_2,needs_review
ENT_THERMODON,classical_planet,mars,0,low,Algorithmic seed score from v0.1 category/domains/tags; matched: none.,SRC_INTERNAL_HEURISTIC_V0_2,needs_review
ENT_THERMODON,classical_planet,jupiter,0,low,Algorithmic seed score from v0.1 category/domains/tags; matched: none.,SRC_INTERNAL_HEURISTIC_V0_2,needs_review
ENT_THERMODON,classical_planet,saturn,0,low,Algorithmic seed score from v0.1 category/domains/tags; matched: none.,SRC_INTERNAL_HEURISTIC_V0_2,needs_review
ENT_PARTHENIUS,classical_element,earth,4,medium,Algorithmic seed score from v0.1 category/domains/tags; matched: river.,SRC_INTERNAL_HEURISTIC_V0_2,needs_review
ENT_PARTHENIUS,classical_element,water,5,medium,"Algorithmic seed score from v0.1 category/domains/tags; matched: river, water, freshwater, potamos.",SRC_INTERNAL_HEURISTIC_V0_2,needs_review
ENT_PARTHENIUS,classical_element,fire,0,low,Algorithmic seed score from v0.1 category/domains/tags; matched: none.,SRC_INTERNAL_HEURISTIC_V0_2,needs_review
ENT_PARTHENIUS,classical_element,air,0,low,Algorithmic seed score from v0.1 category/domains/tags; matched: none.,SRC_INTERNAL_HEURISTIC_V0_2,needs_review
ENT_PARTHENIUS,classical_planet,moon,0,low,Algorithmic seed score from v0.1 category/domains/tags; matched: none.,SRC_INTERNAL_HEURISTIC_V0_2,needs_review
ENT_PARTHENIUS,classical_planet,mercury,0,low,Algorithmic seed score from v0.1 category/domains/tags; matched: none.,SRC_INTERNAL_HEURISTIC_V0_2,needs_review
ENT_PARTHENIUS,classical_planet,venus,0,low,Algorithmic seed score from v0.1 category/domains/tags; matched: none.,SRC_INTERNAL_HEURISTIC_V0_2,needs_review
ENT_PARTHENIUS,classical_planet,sun,0,low,Algorithmic seed score from v0.1 category/domains/tags; matched: none.,SRC_INTERNAL_HEURISTIC_V0_2,needs_review
ENT_PARTHENIUS,classical_planet,mars,0,low,Algorithmic seed score from v0.1 category/domains/tags; matched: none.,SRC_INTERNAL_HEURISTIC_V0_2,needs_review
ENT_PARTHENIUS,classical_planet,jupiter,0,low,Algorithmic seed score from v0.1 category/domains/tags; matched: none.,SRC_INTERNAL_HEURISTIC_V0_2,needs_review
ENT_PARTHENIUS,classical_planet,saturn,0,low,Algorithmic seed score from v0.1 category/domains/tags; matched: none.,SRC_INTERNAL_HEURISTIC_V0_2,needs_review
ENT_RHESUS_RIVER,classical_element,earth,4,medium,Algorithmic seed score from v0.1 category/domains/tags; matched: river.,SRC_INTERNAL_HEURISTIC_V0_2,needs_review
ENT_RHESUS_RIVER,classical_element,water,5,medium,"Algorithmic seed score from v0.1 category/domains/tags; matched: river, water, freshwater, potamos.",SRC_INTERNAL_HEURISTIC_V0_2,needs_review
ENT_RHESUS_RIVER,classical_element,fire,0,low,Algorithmic seed score from v0.1 category/domains/tags; matched: none.,SRC_INTERNAL_HEURISTIC_V0_2,needs_review
ENT_RHESUS_RIVER,classical_element,air,0,low,Algorithmic seed score from v0.1 category/domains/tags; matched: none.,SRC_INTERNAL_HEURISTIC_V0_2,needs_review
ENT_RHESUS_RIVER,classical_planet,moon,0,low,Algorithmic seed score from v0.1 category/domains/tags; matched: none.,SRC_INTERNAL_HEURISTIC_V0_2,needs_review
ENT_RHESUS_RIVER,classical_planet,mercury,0,low,Algorithmic seed score from v0.1 category/domains/tags; matched: none.,SRC_INTERNAL_HEURISTIC_V0_2,needs_review
ENT_RHESUS_RIVER,classical_planet,venus,0,low,Algorithmic seed score from v0.1 category/domains/tags; matched: none.,SRC_INTERNAL_HEURISTIC_V0_2,needs_review
ENT_RHESUS_RIVER,classical_planet,sun,0,low,Algorithmic seed score from v0.1 category/domains/tags; matched: none.,SRC_INTERNAL_HEURISTIC_V0_2,needs_review
ENT_RHESUS_RIVER,classical_planet,mars,0,low,Algorithmic seed score from v0.1 category/domains/tags; matched: none.,SRC_INTERNAL_HEURISTIC_V0_2,needs_review
ENT_RHESUS_RIVER,classical_planet,jupiter,0,low,Algorithmic seed score from v0.1 category/domains/tags; matched: none.,SRC_INTERNAL_HEURISTIC_V0_2,needs_review
ENT_RHESUS_RIVER,classical_planet,saturn,0,low,Algorithmic seed score from v0.1 category/domains/tags; matched: none.,SRC_INTERNAL_HEURISTIC_V0_2,needs_review
ENT_PHASIS,classical_element,earth,4,medium,Algorithmic seed score from v0.1 category/domains/tags; matched: river.,SRC_INTERNAL_HEURISTIC_V0_2,needs_review
ENT_PHASIS,classical_element,water,5,medium,"Algorithmic seed score from v0.1 category/domains/tags; matched: river, water, freshwater, potamos.",SRC_INTERNAL_HEURISTIC_V0_2,needs_review
ENT_PHASIS,classical_element,fire,0,low,Algorithmic seed score from v0.1 category/domains/tags; matched: none.,SRC_INTERNAL_HEURISTIC_V0_2,needs_review
ENT_PHASIS,classical_element,air,0,low,Algorithmic seed score from v0.1 category/domains/tags; matched: none.,SRC_INTERNAL_HEURISTIC_V0_2,needs_review
ENT_PHASIS,classical_planet,moon,0,low,Algorithmic seed score from v0.1 category/domains/tags; matched: none.,SRC_INTERNAL_HEURISTIC_V0_2,needs_review
ENT_PHASIS,classical_planet,mercury,0,low,Algorithmic seed score from v0.1 category/domains/tags; matched: none.,SRC_INTERNAL_HEURISTIC_V0_2,needs_review
ENT_PHASIS,classical_planet,venus,0,low,Algorithmic seed score from v0.1 category/domains/tags; matched: none.,SRC_INTERNAL_HEURISTIC_V0_2,needs_review
ENT_PHASIS,classical_planet,sun,0,low,Algorithmic seed score from v0.1 category/domains/tags; matched: none.,SRC_INTERNAL_HEURISTIC_V0_2,needs_review
ENT_PHASIS,classical_planet,mars,0,low,Algorithmic seed score from v0.1 category/domains/tags; matched: none.,SRC_INTERNAL_HEURISTIC_V0_2,needs_review
ENT_PHASIS,classical_planet,jupiter,0,low,Algorithmic seed score from v0.1 category/domains/tags; matched: none.,SRC_INTERNAL_HEURISTIC_V0_2,needs_review
ENT_PHASIS,classical_planet,saturn,0,low,Algorithmic seed score from v0.1 category/domains/tags; matched: none.,SRC_INTERNAL_HEURISTIC_V0_2,needs_review
ENT_AGANIPPE,classical_element,earth,5,medium,Algorithmic seed score from v0.1 category/domains/tags; matched: nymph.,SRC_INTERNAL_HEURISTIC_V0_2,needs_review
ENT_AGANIPPE,classical_element,water,5,medium,"Algorithmic seed score from v0.1 category/domains/tags; matched: spring, naiad.",SRC_INTERNAL_HEURISTIC_V0_2,needs_review
ENT_AGANIPPE,classical_element,fire,0,low,Algorithmic seed score from v0.1 category/domains/tags; matched: none.,SRC_INTERNAL_HEURISTIC_V0_2,needs_review
ENT_AGANIPPE,classical_element,air,0,low,Algorithmic seed score from v0.1 category/domains/tags; matched: none.,SRC_INTERNAL_HEURISTIC_V0_2,needs_review
ENT_AGANIPPE,classical_planet,moon,0,low,Algorithmic seed score from v0.1 category/domains/tags; matched: none.,SRC_INTERNAL_HEURISTIC_V0_2,needs_review
ENT_AGANIPPE,classical_planet,mercury,0,low,Algorithmic seed score from v0.1 category/domains/tags; matched: none.,SRC_INTERNAL_HEURISTIC_V0_2,needs_review
ENT_AGANIPPE,classical_planet,venus,2,low,Algorithmic seed score from v0.1 category/domains/tags; matched: nymph.,SRC_INTERNAL_HEURISTIC_V0_2,needs_review
ENT_AGANIPPE,classical_planet,sun,0,low,Algorithmic seed score from v0.1 category/domains/tags; matched: none.,SRC_INTERNAL_HEURISTIC_V0_2,needs_review
ENT_AGANIPPE,classical_planet,mars,0,low,Algorithmic seed score from v0.1 category/domains/tags; matched: none.,SRC_INTERNAL_HEURISTIC_V0_2,needs_review
ENT_AGANIPPE,classical_planet,jupiter,0,low,Algorithmic seed score from v0.1 category/domains/tags; matched: none.,SRC_INTERNAL_HEURISTIC_V0_2,needs_review
ENT_AGANIPPE,classical_planet,saturn,0,low,Algorithmic seed score from v0.1 category/domains/tags; matched: none.,SRC_INTERNAL_HEURISTIC_V0_2,needs_review
ENT_AMALTHEIA,classical_element,earth,5,medium,"Algorithmic seed score from v0.1 category/domains/tags; matched: mountain, nymph.",SRC_INTERNAL_HEURISTIC_V0_2,needs_review
ENT_AMALTHEIA,classical_element,water,0,low,Algorithmic seed score from v0.1 category/domains/tags; matched: none.,SRC_INTERNAL_HEURISTIC_V0_2,needs_review
ENT_AMALTHEIA,classical_element,fire,0,low,Algorithmic seed score from v0.1 category/domains/tags; matched: none.,SRC_INTERNAL_HEURISTIC_V0_2,needs_review
ENT_AMALTHEIA,classical_element,air,0,low,Algorithmic seed score from v0.1 category/domains/tags; matched: none.,SRC_INTERNAL_HEURISTIC_V0_2,needs_review
ENT_AMALTHEIA,classical_planet,moon,0,low,Algorithmic seed score from v0.1 category/domains/tags; matched: none.,SRC_INTERNAL_HEURISTIC_V0_2,needs_review
ENT_AMALTHEIA,classical_planet,mercury,0,low,Algorithmic seed score from v0.1 category/domains/tags; matched: none.,SRC_INTERNAL_HEURISTIC_V0_2,needs_review
ENT_AMALTHEIA,classical_planet,venus,2,low,Algorithmic seed score from v0.1 category/domains/tags; matched: nymph.,SRC_INTERNAL_HEURISTIC_V0_2,needs_review
ENT_AMALTHEIA,classical_planet,sun,0,low,Algorithmic seed score from v0.1 category/domains/tags; matched: none.,SRC_INTERNAL_HEURISTIC_V0_2,needs_review
ENT_AMALTHEIA,classical_planet,mars,0,low,Algorithmic seed score from v0.1 category/domains/tags; matched: none.,SRC_INTERNAL_HEURISTIC_V0_2,needs_review
ENT_AMALTHEIA,classical_planet,jupiter,5,medium,Algorithmic seed score from v0.1 category/domains/tags; matched: zeus.,SRC_INTERNAL_HEURISTIC_V0_2,needs_review
ENT_AMALTHEIA,classical_planet,saturn,0,low,Algorithmic seed score from v0.1 category/domains/tags; matched: none.,SRC_INTERNAL_HEURISTIC_V0_2,needs_review
ENT_AEGINA,classical_element,earth,2,low,Algorithmic seed score from v0.1 category/domains/tags; matched: nymph.,SRC_INTERNAL_HEURISTIC_V0_2,needs_review
ENT_AEGINA,classical_element,water,0,low,Algorithmic seed score from v0.1 category/domains/tags; matched: none.,SRC_INTERNAL_HEURISTIC_V0_2,needs_review
ENT_AEGINA,classical_element,fire,0,low,Algorithmic seed score from v0.1 category/domains/tags; matched: none.,SRC_INTERNAL_HEURISTIC_V0_2,needs_review
ENT_AEGINA,classical_element,air,0,low,Algorithmic seed score from v0.1 category/domains/tags; matched: none.,SRC_INTERNAL_HEURISTIC_V0_2,needs_review
ENT_AEGINA,classical_planet,moon,0,low,Algorithmic seed score from v0.1 category/domains/tags; matched: none.,SRC_INTERNAL_HEURISTIC_V0_2,needs_review
ENT_AEGINA,classical_planet,mercury,0,low,Algorithmic seed score from v0.1 category/domains/tags; matched: none.,SRC_INTERNAL_HEURISTIC_V0_2,needs_review
ENT_AEGINA,classical_planet,venus,2,low,Algorithmic seed score from v0.1 category/domains/tags; matched: nymph.,SRC_INTERNAL_HEURISTIC_V0_2,needs_review
ENT_AEGINA,classical_planet,sun,0,low,Algorithmic seed score from v0.1 category/domains/tags; matched: none.,SRC_INTERNAL_HEURISTIC_V0_2,needs_review
ENT_AEGINA,classical_planet,mars,0,low,Algorithmic seed score from v0.1 category/domains/tags; matched: none.,SRC_INTERNAL_HEURISTIC_V0_2,needs_review
ENT_AEGINA,classical_planet,jupiter,0,low,Algorithmic seed score from v0.1 category/domains/tags; matched: none.,SRC_INTERNAL_HEURISTIC_V0_2,needs_review
ENT_AEGINA,classical_planet,saturn,0,low,Algorithmic seed score from v0.1 category/domains/tags; matched: none.,SRC_INTERNAL_HEURISTIC_V0_2,needs_review
ENT_ARETHUSA,classical_element,earth,5,medium,Algorithmic seed score from v0.1 category/domains/tags; matched: nymph.,SRC_INTERNAL_HEURISTIC_V0_2,needs_review
ENT_ARETHUSA,classical_element,water,5,medium,"Algorithmic seed score from v0.1 category/domains/tags; matched: water, freshwater, spring, naiad.",SRC_INTERNAL_HEURISTIC_V0_2,needs_review
ENT_ARETHUSA,classical_element,fire,0,low,Algorithmic seed score from v0.1 category/domains/tags; matched: none.,SRC_INTERNAL_HEURISTIC_V0_2,needs_review
ENT_ARETHUSA,classical_element,air,0,low,Algorithmic seed score from v0.1 category/domains/tags; matched: none.,SRC_INTERNAL_HEURISTIC_V0_2,needs_review
ENT_ARETHUSA,classical_planet,moon,0,low,Algorithmic seed score from v0.1 category/domains/tags; matched: none.,SRC_INTERNAL_HEURISTIC_V0_2,needs_review
ENT_ARETHUSA,classical_planet,mercury,0,low,Algorithmic seed score from v0.1 category/domains/tags; matched: none.,SRC_INTERNAL_HEURISTIC_V0_2,needs_review
ENT_ARETHUSA,classical_planet,venus,2,low,Algorithmic seed score from v0.1 category/domains/tags; matched: nymph.,SRC_INTERNAL_HEURISTIC_V0_2,needs_review
ENT_ARETHUSA,classical_planet,sun,0,low,Algorithmic seed score from v0.1 category/domains/tags; matched: none.,SRC_INTERNAL_HEURISTIC_V0_2,needs_review
ENT_ARETHUSA,classical_planet,mars,0,low,Algorithmic seed score from v0.1 category/domains/tags; matched: none.,SRC_INTERNAL_HEURISTIC_V0_2,needs_review
ENT_ARETHUSA,classical_planet,jupiter,0,low,Algorithmic seed score from v0.1 category/domains/tags; matched: none.,SRC_INTERNAL_HEURISTIC_V0_2,needs_review
ENT_ARETHUSA,classical_planet,saturn,0,low,Algorithmic seed score from v0.1 category/domains/tags; matched: none.,SRC_INTERNAL_HEURISTIC_V0_2,needs_review
ENT_CYRENE,classical_element,earth,2,low,Algorithmic seed score from v0.1 category/domains/tags; matched: nymph.,SRC_INTERNAL_HEURISTIC_V0_2,needs_review
ENT_CYRENE,classical_element,water,0,low,Algorithmic seed score from v0.1 category/domains/tags; matched: none.,SRC_INTERNAL_HEURISTIC_V0_2,needs_review
ENT_CYRENE,classical_element,fire,0,low,Algorithmic seed score from v0.1 category/domains/tags; matched: none.,SRC_INTERNAL_HEURISTIC_V0_2,needs_review
ENT_CYRENE,classical_element,air,0,low,Algorithmic seed score from v0.1 category/domains/tags; matched: none.,SRC_INTERNAL_HEURISTIC_V0_2,needs_review
ENT_CYRENE,classical_planet,moon,3,low,Algorithmic seed score from v0.1 category/domains/tags; matched: hunt.,SRC_INTERNAL_HEURISTIC_V0_2,needs_review
ENT_CYRENE,classical_planet,mercury,0,low,Algorithmic seed score from v0.1 category/domains/tags; matched: none.,SRC_INTERNAL_HEURISTIC_V0_2,needs_review
ENT_CYRENE,classical_planet,venus,2,low,Algorithmic seed score from v0.1 category/domains/tags; matched: nymph.,SRC_INTERNAL_HEURISTIC_V0_2,needs_review
ENT_CYRENE,classical_planet,sun,0,low,Algorithmic seed score from v0.1 category/domains/tags; matched: none.,SRC_INTERNAL_HEURISTIC_V0_2,needs_review
ENT_CYRENE,classical_planet,mars,0,low,Algorithmic seed score from v0.1 category/domains/tags; matched: none.,SRC_INTERNAL_HEURISTIC_V0_2,needs_review
ENT_CYRENE,classical_planet,jupiter,0,low,Algorithmic seed score from v0.1 category/domains/tags; matched: none.,SRC_INTERNAL_HEURISTIC_V0_2,needs_review
ENT_CYRENE,classical_planet,saturn,0,low,Algorithmic seed score from v0.1 category/domains/tags; matched: none.,SRC_INTERNAL_HEURISTIC_V0_2,needs_review
ENT_DAPHNE,classical_element,earth,5,medium,Algorithmic seed score from v0.1 category/domains/tags; matched: nymph.,SRC_INTERNAL_HEURISTIC_V0_2,needs_review
ENT_DAPHNE,classical_element,water,5,medium,Algorithmic seed score from v0.1 category/domains/tags; matched: naiad.,SRC_INTERNAL_HEURISTIC_V0_2,needs_review
ENT_DAPHNE,classical_element,fire,0,low,Algorithmic seed score from v0.1 category/domains/tags; matched: none.,SRC_INTERNAL_HEURISTIC_V0_2,needs_review
ENT_DAPHNE,classical_element,air,0,low,Algorithmic seed score from v0.1 category/domains/tags; matched: none.,SRC_INTERNAL_HEURISTIC_V0_2,needs_review
ENT_DAPHNE,classical_planet,moon,0,low,Algorithmic seed score from v0.1 category/domains/tags; matched: none.,SRC_INTERNAL_HEURISTIC_V0_2,needs_review
ENT_DAPHNE,classical_planet,mercury,0,low,Algorithmic seed score from v0.1 category/domains/tags; matched: none.,SRC_INTERNAL_HEURISTIC_V0_2,needs_review
ENT_DAPHNE,classical_planet,venus,2,low,Algorithmic seed score from v0.1 category/domains/tags; matched: nymph.,SRC_INTERNAL_HEURISTIC_V0_2,needs_review
ENT_DAPHNE,classical_planet,sun,0,low,Algorithmic seed score from v0.1 category/domains/tags; matched: none.,SRC_INTERNAL_HEURISTIC_V0_2,needs_review
ENT_DAPHNE,classical_planet,mars,0,low,Algorithmic seed score from v0.1 category/domains/tags; matched: none.,SRC_INTERNAL_HEURISTIC_V0_2,needs_review
ENT_DAPHNE,classical_planet,jupiter,0,low,Algorithmic seed score from v0.1 category/domains/tags; matched: none.,SRC_INTERNAL_HEURISTIC_V0_2,needs_review
ENT_DAPHNE,classical_planet,saturn,0,low,Algorithmic seed score from v0.1 category/domains/tags; matched: none.,SRC_INTERNAL_HEURISTIC_V0_2,needs_review
ENT_ECHO,classical_element,earth,5,medium,"Algorithmic seed score from v0.1 category/domains/tags; matched: mountain, nymph.",SRC_INTERNAL_HEURISTIC_V0_2,needs_review
ENT_ECHO,classical_element,water,0,low,Algorithmic seed score from v0.1 category/domains/tags; matched: none.,SRC_INTERNAL_HEURISTIC_V0_2,needs_review
ENT_ECHO,classical_element,fire,0,low,Algorithmic seed score from v0.1 category/domains/tags; matched: none.,SRC_INTERNAL_HEURISTIC_V0_2,needs_review
ENT_ECHO,classical_element,air,0,low,Algorithmic seed score from v0.1 category/domains/tags; matched: none.,SRC_INTERNAL_HEURISTIC_V0_2,needs_review
ENT_ECHO,classical_planet,moon,0,low,Algorithmic seed score from v0.1 category/domains/tags; matched: none.,SRC_INTERNAL_HEURISTIC_V0_2,needs_review
ENT_ECHO,classical_planet,mercury,0,low,Algorithmic seed score from v0.1 category/domains/tags; matched: none.,SRC_INTERNAL_HEURISTIC_V0_2,needs_review
ENT_ECHO,classical_planet,venus,2,low,Algorithmic seed score from v0.1 category/domains/tags; matched: nymph.,SRC_INTERNAL_HEURISTIC_V0_2,needs_review
ENT_ECHO,classical_planet,sun,0,low,Algorithmic seed score from v0.1 category/domains/tags; matched: none.,SRC_INTERNAL_HEURISTIC_V0_2,needs_review
ENT_ECHO,classical_planet,mars,0,low,Algorithmic seed score from v0.1 category/domains/tags; matched: none.,SRC_INTERNAL_HEURISTIC_V0_2,needs_review
ENT_ECHO,classical_planet,jupiter,0,low,Algorithmic seed score from v0.1 category/domains/tags; matched: none.,SRC_INTERNAL_HEURISTIC_V0_2,needs_review
ENT_ECHO,classical_planet,saturn,0,low,Algorithmic seed score from v0.1 category/domains/tags; matched: none.,SRC_INTERNAL_HEURISTIC_V0_2,needs_review
ENT_SYRINX,classical_element,earth,5,medium,Algorithmic seed score from v0.1 category/domains/tags; matched: nymph.,SRC_INTERNAL_HEURISTIC_V0_2,needs_review
ENT_SYRINX,classical_element,water,0,low,Algorithmic seed score from v0.1 category/domains/tags; matched: none.,SRC_INTERNAL_HEURISTIC_V0_2,needs_review
ENT_SYRINX,classical_element,fire,0,low,Algorithmic seed score from v0.1 category/domains/tags; matched: none.,SRC_INTERNAL_HEURISTIC_V0_2,needs_review
ENT_SYRINX,classical_element,air,0,low,Algorithmic seed score from v0.1 category/domains/tags; matched: none.,SRC_INTERNAL_HEURISTIC_V0_2,needs_review
ENT_SYRINX,classical_planet,moon,0,low,Algorithmic seed score from v0.1 category/domains/tags; matched: none.,SRC_INTERNAL_HEURISTIC_V0_2,needs_review
ENT_SYRINX,classical_planet,mercury,0,low,Algorithmic seed score from v0.1 category/domains/tags; matched: none.,SRC_INTERNAL_HEURISTIC_V0_2,needs_review
ENT_SYRINX,classical_planet,venus,2,low,Algorithmic seed score from v0.1 category/domains/tags; matched: nymph.,SRC_INTERNAL_HEURISTIC_V0_2,needs_review
ENT_SYRINX,classical_planet,sun,0,low,Algorithmic seed score from v0.1 category/domains/tags; matched: none.,SRC_INTERNAL_HEURISTIC_V0_2,needs_review
ENT_SYRINX,classical_planet,mars,0,low,Algorithmic seed score from v0.1 category/domains/tags; matched: none.,SRC_INTERNAL_HEURISTIC_V0_2,needs_review
ENT_SYRINX,classical_planet,jupiter,0,low,Algorithmic seed score from v0.1 category/domains/tags; matched: none.,SRC_INTERNAL_HEURISTIC_V0_2,needs_review
ENT_SYRINX,classical_planet,saturn,0,low,Algorithmic seed score from v0.1 category/domains/tags; matched: none.,SRC_INTERNAL_HEURISTIC_V0_2,needs_review
ENT_DIRCE,classical_element,earth,5,medium,Algorithmic seed score from v0.1 category/domains/tags; matched: nymph.,SRC_INTERNAL_HEURISTIC_V0_2,needs_review
ENT_DIRCE,classical_element,water,5,medium,Algorithmic seed score from v0.1 category/domains/tags; matched: spring.,SRC_INTERNAL_HEURISTIC_V0_2,needs_review
ENT_DIRCE,classical_element,fire,0,low,Algorithmic seed score from v0.1 category/domains/tags; matched: none.,SRC_INTERNAL_HEURISTIC_V0_2,needs_review
ENT_DIRCE,classical_element,air,0,low,Algorithmic seed score from v0.1 category/domains/tags; matched: none.,SRC_INTERNAL_HEURISTIC_V0_2,needs_review
ENT_DIRCE,classical_planet,moon,0,low,Algorithmic seed score from v0.1 category/domains/tags; matched: none.,SRC_INTERNAL_HEURISTIC_V0_2,needs_review
ENT_DIRCE,classical_planet,mercury,0,low,Algorithmic seed score from v0.1 category/domains/tags; matched: none.,SRC_INTERNAL_HEURISTIC_V0_2,needs_review
ENT_DIRCE,classical_planet,venus,2,low,Algorithmic seed score from v0.1 category/domains/tags; matched: nymph.,SRC_INTERNAL_HEURISTIC_V0_2,needs_review
ENT_DIRCE,classical_planet,sun,0,low,Algorithmic seed score from v0.1 category/domains/tags; matched: none.,SRC_INTERNAL_HEURISTIC_V0_2,needs_review
ENT_DIRCE,classical_planet,mars,0,low,Algorithmic seed score from v0.1 category/domains/tags; matched: none.,SRC_INTERNAL_HEURISTIC_V0_2,needs_review
ENT_DIRCE,classical_planet,jupiter,0,low,Algorithmic seed score from v0.1 category/domains/tags; matched: none.,SRC_INTERNAL_HEURISTIC_V0_2,needs_review
ENT_DIRCE,classical_planet,saturn,0,low,Algorithmic seed score from v0.1 category/domains/tags; matched: none.,SRC_INTERNAL_HEURISTIC_V0_2,needs_review
ENT_SALMACIS,classical_element,earth,5,medium,Algorithmic seed score from v0.1 category/domains/tags; matched: nymph.,SRC_INTERNAL_HEURISTIC_V0_2,needs_review
ENT_SALMACIS,classical_element,water,5,medium,"Algorithmic seed score from v0.1 category/domains/tags; matched: spring, naiad.",SRC_INTERNAL_HEURISTIC_V0_2,needs_review
ENT_SALMACIS,classical_element,fire,0,low,Algorithmic seed score from v0.1 category/domains/tags; matched: none.,SRC_INTERNAL_HEURISTIC_V0_2,needs_review
ENT_SALMACIS,classical_element,air,0,low,Algorithmic seed score from v0.1 category/domains/tags; matched: none.,SRC_INTERNAL_HEURISTIC_V0_2,needs_review
ENT_SALMACIS,classical_planet,moon,0,low,Algorithmic seed score from v0.1 category/domains/tags; matched: none.,SRC_INTERNAL_HEURISTIC_V0_2,needs_review
ENT_SALMACIS,classical_planet,mercury,0,low,Algorithmic seed score from v0.1 category/domains/tags; matched: none.,SRC_INTERNAL_HEURISTIC_V0_2,needs_review
ENT_SALMACIS,classical_planet,venus,2,low,Algorithmic seed score from v0.1 category/domains/tags; matched: nymph.,SRC_INTERNAL_HEURISTIC_V0_2,needs_review
ENT_SALMACIS,classical_planet,sun,0,low,Algorithmic seed score from v0.1 category/domains/tags; matched: none.,SRC_INTERNAL_HEURISTIC_V0_2,needs_review
ENT_SALMACIS,classical_planet,mars,0,low,Algorithmic seed score from v0.1 category/domains/tags; matched: none.,SRC_INTERNAL_HEURISTIC_V0_2,needs_review
ENT_SALMACIS,classical_planet,jupiter,0,low,Algorithmic seed score from v0.1 category/domains/tags; matched: none.,SRC_INTERNAL_HEURISTIC_V0_2,needs_review
ENT_SALMACIS,classical_planet,saturn,0,low,Algorithmic seed score from v0.1 category/domains/tags; matched: none.,SRC_INTERNAL_HEURISTIC_V0_2,needs_review
ENT_CALYPSO,classical_element,earth,2,low,Algorithmic seed score from v0.1 category/domains/tags; matched: nymph.,SRC_INTERNAL_HEURISTIC_V0_2,needs_review
ENT_CALYPSO,classical_element,water,0,low,Algorithmic seed score from v0.1 category/domains/tags; matched: none.,SRC_INTERNAL_HEURISTIC_V0_2,needs_review
ENT_CALYPSO,classical_element,fire,0,low,Algorithmic seed score from v0.1 category/domains/tags; matched: none.,SRC_INTERNAL_HEURISTIC_V0_2,needs_review
ENT_CALYPSO,classical_element,air,0,low,Algorithmic seed score from v0.1 category/domains/tags; matched: none.,SRC_INTERNAL_HEURISTIC_V0_2,needs_review
ENT_CALYPSO,classical_planet,moon,0,low,Algorithmic seed score from v0.1 category/domains/tags; matched: none.,SRC_INTERNAL_HEURISTIC_V0_2,needs_review
ENT_CALYPSO,classical_planet,mercury,0,low,Algorithmic seed score from v0.1 category/domains/tags; matched: none.,SRC_INTERNAL_HEURISTIC_V0_2,needs_review
ENT_CALYPSO,classical_planet,venus,2,low,Algorithmic seed score from v0.1 category/domains/tags; matched: nymph.,SRC_INTERNAL_HEURISTIC_V0_2,needs_review
ENT_CALYPSO,classical_planet,sun,0,low,Algorithmic seed score from v0.1 category/domains/tags; matched: none.,SRC_INTERNAL_HEURISTIC_V0_2,needs_review
ENT_CALYPSO,classical_planet,mars,0,low,Algorithmic seed score from v0.1 category/domains/tags; matched: none.,SRC_INTERNAL_HEURISTIC_V0_2,needs_review
ENT_CALYPSO,classical_planet,jupiter,0,low,Algorithmic seed score from v0.1 category/domains/tags; matched: none.,SRC_INTERNAL_HEURISTIC_V0_2,needs_review
ENT_CALYPSO,classical_planet,saturn,0,low,Algorithmic seed score from v0.1 category/domains/tags; matched: none.,SRC_INTERNAL_HEURISTIC_V0_2,needs_review
ENT_MAIA,classical_element,earth,5,medium,"Algorithmic seed score from v0.1 category/domains/tags; matched: mountain, cave, nymph.",SRC_INTERNAL_HEURISTIC_V0_2,needs_review
ENT_MAIA,classical_element,water,0,low,Algorithmic seed score from v0.1 category/domains/tags; matched: none.,SRC_INTERNAL_HEURISTIC_V0_2,needs_review
ENT_MAIA,classical_element,fire,0,low,Algorithmic seed score from v0.1 category/domains/tags; matched: none.,SRC_INTERNAL_HEURISTIC_V0_2,needs_review
ENT_MAIA,classical_element,air,0,low,Algorithmic seed score from v0.1 category/domains/tags; matched: none.,SRC_INTERNAL_HEURISTIC_V0_2,needs_review
ENT_MAIA,classical_planet,moon,0,low,Algorithmic seed score from v0.1 category/domains/tags; matched: none.,SRC_INTERNAL_HEURISTIC_V0_2,needs_review
ENT_MAIA,classical_planet,mercury,5,medium,Algorithmic seed score from v0.1 category/domains/tags; matched: hermes.,SRC_INTERNAL_HEURISTIC_V0_2,needs_review
ENT_MAIA,classical_planet,venus,2,low,Algorithmic seed score from v0.1 category/domains/tags; matched: nymph.,SRC_INTERNAL_HEURISTIC_V0_2,needs_review
ENT_MAIA,classical_planet,sun,0,low,Algorithmic seed score from v0.1 category/domains/tags; matched: none.,SRC_INTERNAL_HEURISTIC_V0_2,needs_review
ENT_MAIA,classical_planet,mars,0,low,Algorithmic seed score from v0.1 category/domains/tags; matched: none.,SRC_INTERNAL_HEURISTIC_V0_2,needs_review
ENT_MAIA,classical_planet,jupiter,0,low,Algorithmic seed score from v0.1 category/domains/tags; matched: none.,SRC_INTERNAL_HEURISTIC_V0_2,needs_review
ENT_MAIA,classical_planet,saturn,0,low,Algorithmic seed score from v0.1 category/domains/tags; matched: none.,SRC_INTERNAL_HEURISTIC_V0_2,needs_review
ENT_ELECTRA_OCEANID,classical_element,earth,2,low,Algorithmic seed score from v0.1 category/domains/tags; matched: nymph.,SRC_INTERNAL_HEURISTIC_V0_2,needs_review
ENT_ELECTRA_OCEANID,classical_element,water,5,medium,"Algorithmic seed score from v0.1 category/domains/tags; matched: water, ocean.",SRC_INTERNAL_HEURISTIC_V0_2,needs_review
ENT_ELECTRA_OCEANID,classical_element,fire,0,low,Algorithmic seed score from v0.1 category/domains/tags; matched: none.,SRC_INTERNAL_HEURISTIC_V0_2,needs_review
ENT_ELECTRA_OCEANID,classical_element,air,4,medium,Algorithmic seed score from v0.1 category/domains/tags; matched: cloud.,SRC_INTERNAL_HEURISTIC_V0_2,needs_review
ENT_ELECTRA_OCEANID,classical_planet,moon,0,low,Algorithmic seed score from v0.1 category/domains/tags; matched: none.,SRC_INTERNAL_HEURISTIC_V0_2,needs_review
ENT_ELECTRA_OCEANID,classical_planet,mercury,0,low,Algorithmic seed score from v0.1 category/domains/tags; matched: none.,SRC_INTERNAL_HEURISTIC_V0_2,needs_review
ENT_ELECTRA_OCEANID,classical_planet,venus,2,low,Algorithmic seed score from v0.1 category/domains/tags; matched: nymph.,SRC_INTERNAL_HEURISTIC_V0_2,needs_review
ENT_ELECTRA_OCEANID,classical_planet,sun,0,low,Algorithmic seed score from v0.1 category/domains/tags; matched: none.,SRC_INTERNAL_HEURISTIC_V0_2,needs_review
ENT_ELECTRA_OCEANID,classical_planet,mars,0,low,Algorithmic seed score from v0.1 category/domains/tags; matched: none.,SRC_INTERNAL_HEURISTIC_V0_2,needs_review
ENT_ELECTRA_OCEANID,classical_planet,jupiter,0,low,Algorithmic seed score from v0.1 category/domains/tags; matched: none.,SRC_INTERNAL_HEURISTIC_V0_2,needs_review
ENT_ELECTRA_OCEANID,classical_planet,saturn,0,low,Algorithmic seed score from v0.1 category/domains/tags; matched: none.,SRC_INTERNAL_HEURISTIC_V0_2,needs_review
ENT_METIS,classical_element,earth,2,low,Algorithmic seed score from v0.1 category/domains/tags; matched: nymph.,SRC_INTERNAL_HEURISTIC_V0_2,needs_review
ENT_METIS,classical_element,water,5,medium,Algorithmic seed score from v0.1 category/domains/tags; matched: ocean.,SRC_INTERNAL_HEURISTIC_V0_2,needs_review
ENT_METIS,classical_element,fire,0,low,Algorithmic seed score from v0.1 category/domains/tags; matched: none.,SRC_INTERNAL_HEURISTIC_V0_2,needs_review
ENT_METIS,classical_element,air,0,low,Algorithmic seed score from v0.1 category/domains/tags; matched: none.,SRC_INTERNAL_HEURISTIC_V0_2,needs_review
ENT_METIS,classical_planet,moon,0,low,Algorithmic seed score from v0.1 category/domains/tags; matched: none.,SRC_INTERNAL_HEURISTIC_V0_2,needs_review
ENT_METIS,classical_planet,mercury,0,low,Algorithmic seed score from v0.1 category/domains/tags; matched: none.,SRC_INTERNAL_HEURISTIC_V0_2,needs_review
ENT_METIS,classical_planet,venus,2,low,Algorithmic seed score from v0.1 category/domains/tags; matched: nymph.,SRC_INTERNAL_HEURISTIC_V0_2,needs_review
ENT_METIS,classical_planet,sun,0,low,Algorithmic seed score from v0.1 category/domains/tags; matched: none.,SRC_INTERNAL_HEURISTIC_V0_2,needs_review
ENT_METIS,classical_planet,mars,0,low,Algorithmic seed score from v0.1 category/domains/tags; matched: none.,SRC_INTERNAL_HEURISTIC_V0_2,needs_review
ENT_METIS,classical_planet,jupiter,0,low,Algorithmic seed score from v0.1 category/domains/tags; matched: none.,SRC_INTERNAL_HEURISTIC_V0_2,needs_review
ENT_METIS,classical_planet,saturn,0,low,Algorithmic seed score from v0.1 category/domains/tags; matched: none.,SRC_INTERNAL_HEURISTIC_V0_2,needs_review
ENT_EURYNOME_OCEANID,classical_element,earth,2,low,Algorithmic seed score from v0.1 category/domains/tags; matched: nymph.,SRC_INTERNAL_HEURISTIC_V0_2,needs_review
ENT_EURYNOME_OCEANID,classical_element,water,5,medium,"Algorithmic seed score from v0.1 category/domains/tags; matched: water, ocean.",SRC_INTERNAL_HEURISTIC_V0_2,needs_review
ENT_EURYNOME_OCEANID,classical_element,fire,0,low,Algorithmic seed score from v0.1 category/domains/tags; matched: none.,SRC_INTERNAL_HEURISTIC_V0_2,needs_review
ENT_EURYNOME_OCEANID,classical_element,air,0,low,Algorithmic seed score from v0.1 category/domains/tags; matched: none.,SRC_INTERNAL_HEURISTIC_V0_2,needs_review
ENT_EURYNOME_OCEANID,classical_planet,moon,0,low,Algorithmic seed score from v0.1 category/domains/tags; matched: none.,SRC_INTERNAL_HEURISTIC_V0_2,needs_review
ENT_EURYNOME_OCEANID,classical_planet,mercury,0,low,Algorithmic seed score from v0.1 category/domains/tags; matched: none.,SRC_INTERNAL_HEURISTIC_V0_2,needs_review
ENT_EURYNOME_OCEANID,classical_planet,venus,2,low,Algorithmic seed score from v0.1 category/domains/tags; matched: nymph.,SRC_INTERNAL_HEURISTIC_V0_2,needs_review
ENT_EURYNOME_OCEANID,classical_planet,sun,0,low,Algorithmic seed score from v0.1 category/domains/tags; matched: none.,SRC_INTERNAL_HEURISTIC_V0_2,needs_review
ENT_EURYNOME_OCEANID,classical_planet,mars,0,low,Algorithmic seed score from v0.1 category/domains/tags; matched: none.,SRC_INTERNAL_HEURISTIC_V0_2,needs_review
ENT_EURYNOME_OCEANID,classical_planet,jupiter,0,low,Algorithmic seed score from v0.1 category/domains/tags; matched: none.,SRC_INTERNAL_HEURISTIC_V0_2,needs_review
ENT_EURYNOME_OCEANID,classical_planet,saturn,0,low,Algorithmic seed score from v0.1 category/domains/tags; matched: none.,SRC_INTERNAL_HEURISTIC_V0_2,needs_review
ENT_CLYMENE_OCEANID,classical_element,earth,2,low,Algorithmic seed score from v0.1 category/domains/tags; matched: nymph.,SRC_INTERNAL_HEURISTIC_V0_2,needs_review
ENT_CLYMENE_OCEANID,classical_element,water,5,medium,"Algorithmic seed score from v0.1 category/domains/tags; matched: water, ocean.",SRC_INTERNAL_HEURISTIC_V0_2,needs_review
ENT_CLYMENE_OCEANID,classical_element,fire,0,low,Algorithmic seed score from v0.1 category/domains/tags; matched: none.,SRC_INTERNAL_HEURISTIC_V0_2,needs_review
ENT_CLYMENE_OCEANID,classical_element,air,0,low,Algorithmic seed score from v0.1 category/domains/tags; matched: none.,SRC_INTERNAL_HEURISTIC_V0_2,needs_review
ENT_CLYMENE_OCEANID,classical_planet,moon,0,low,Algorithmic seed score from v0.1 category/domains/tags; matched: none.,SRC_INTERNAL_HEURISTIC_V0_2,needs_review
ENT_CLYMENE_OCEANID,classical_planet,mercury,0,low,Algorithmic seed score from v0.1 category/domains/tags; matched: none.,SRC_INTERNAL_HEURISTIC_V0_2,needs_review
ENT_CLYMENE_OCEANID,classical_planet,venus,2,low,Algorithmic seed score from v0.1 category/domains/tags; matched: nymph.,SRC_INTERNAL_HEURISTIC_V0_2,needs_review
ENT_CLYMENE_OCEANID,classical_planet,sun,0,low,Algorithmic seed score from v0.1 category/domains/tags; matched: none.,SRC_INTERNAL_HEURISTIC_V0_2,needs_review
ENT_CLYMENE_OCEANID,classical_planet,mars,0,low,Algorithmic seed score from v0.1 category/domains/tags; matched: none.,SRC_INTERNAL_HEURISTIC_V0_2,needs_review
ENT_CLYMENE_OCEANID,classical_planet,jupiter,0,low,Algorithmic seed score from v0.1 category/domains/tags; matched: none.,SRC_INTERNAL_HEURISTIC_V0_2,needs_review
ENT_CLYMENE_OCEANID,classical_planet,saturn,0,low,Algorithmic seed score from v0.1 category/domains/tags; matched: none.,SRC_INTERNAL_HEURISTIC_V0_2,needs_review
ENT_ASIA,classical_element,earth,2,low,Algorithmic seed score from v0.1 category/domains/tags; matched: nymph.,SRC_INTERNAL_HEURISTIC_V0_2,needs_review
ENT_ASIA,classical_element,water,5,medium,"Algorithmic seed score from v0.1 category/domains/tags; matched: water, ocean.",SRC_INTERNAL_HEURISTIC_V0_2,needs_review
ENT_ASIA,classical_element,fire,0,low,Algorithmic seed score from v0.1 category/domains/tags; matched: none.,SRC_INTERNAL_HEURISTIC_V0_2,needs_review
ENT_ASIA,classical_element,air,0,low,Algorithmic seed score from v0.1 category/domains/tags; matched: none.,SRC_INTERNAL_HEURISTIC_V0_2,needs_review
ENT_ASIA,classical_planet,moon,0,low,Algorithmic seed score from v0.1 category/domains/tags; matched: none.,SRC_INTERNAL_HEURISTIC_V0_2,needs_review
ENT_ASIA,classical_planet,mercury,0,low,Algorithmic seed score from v0.1 category/domains/tags; matched: none.,SRC_INTERNAL_HEURISTIC_V0_2,needs_review
ENT_ASIA,classical_planet,venus,2,low,Algorithmic seed score from v0.1 category/domains/tags; matched: nymph.,SRC_INTERNAL_HEURISTIC_V0_2,needs_review
ENT_ASIA,classical_planet,sun,0,low,Algorithmic seed score from v0.1 category/domains/tags; matched: none.,SRC_INTERNAL_HEURISTIC_V0_2,needs_review
ENT_ASIA,classical_planet,mars,0,low,Algorithmic seed score from v0.1 category/domains/tags; matched: none.,SRC_INTERNAL_HEURISTIC_V0_2,needs_review
ENT_ASIA,classical_planet,jupiter,0,low,Algorithmic seed score from v0.1 category/domains/tags; matched: none.,SRC_INTERNAL_HEURISTIC_V0_2,needs_review
ENT_ASIA,classical_planet,saturn,0,low,Algorithmic seed score from v0.1 category/domains/tags; matched: none.,SRC_INTERNAL_HEURISTIC_V0_2,needs_review
ENT_PLEIONE,classical_element,earth,2,low,Algorithmic seed score from v0.1 category/domains/tags; matched: nymph.,SRC_INTERNAL_HEURISTIC_V0_2,needs_review
ENT_PLEIONE,classical_element,water,5,medium,"Algorithmic seed score from v0.1 category/domains/tags; matched: water, ocean.",SRC_INTERNAL_HEURISTIC_V0_2,needs_review
ENT_PLEIONE,classical_element,fire,0,low,Algorithmic seed score from v0.1 category/domains/tags; matched: none.,SRC_INTERNAL_HEURISTIC_V0_2,needs_review
ENT_PLEIONE,classical_element,air,0,low,Algorithmic seed score from v0.1 category/domains/tags; matched: none.,SRC_INTERNAL_HEURISTIC_V0_2,needs_review
ENT_PLEIONE,classical_planet,moon,0,low,Algorithmic seed score from v0.1 category/domains/tags; matched: none.,SRC_INTERNAL_HEURISTIC_V0_2,needs_review
ENT_PLEIONE,classical_planet,mercury,0,low,Algorithmic seed score from v0.1 category/domains/tags; matched: none.,SRC_INTERNAL_HEURISTIC_V0_2,needs_review
ENT_PLEIONE,classical_planet,venus,2,low,Algorithmic seed score from v0.1 category/domains/tags; matched: nymph.,SRC_INTERNAL_HEURISTIC_V0_2,needs_review
ENT_PLEIONE,classical_planet,sun,0,low,Algorithmic seed score from v0.1 category/domains/tags; matched: none.,SRC_INTERNAL_HEURISTIC_V0_2,needs_review
ENT_PLEIONE,classical_planet,mars,0,low,Algorithmic seed score from v0.1 category/domains/tags; matched: none.,SRC_INTERNAL_HEURISTIC_V0_2,needs_review
ENT_PLEIONE,classical_planet,jupiter,0,low,Algorithmic seed score from v0.1 category/domains/tags; matched: none.,SRC_INTERNAL_HEURISTIC_V0_2,needs_review
ENT_PLEIONE,classical_planet,saturn,0,low,Algorithmic seed score from v0.1 category/domains/tags; matched: none.,SRC_INTERNAL_HEURISTIC_V0_2,needs_review
ENT_CALLIRRHOE,classical_element,earth,2,low,Algorithmic seed score from v0.1 category/domains/tags; matched: nymph.,SRC_INTERNAL_HEURISTIC_V0_2,needs_review
ENT_CALLIRRHOE,classical_element,water,5,medium,"Algorithmic seed score from v0.1 category/domains/tags; matched: water, ocean.",SRC_INTERNAL_HEURISTIC_V0_2,needs_review
ENT_CALLIRRHOE,classical_element,fire,0,low,Algorithmic seed score from v0.1 category/domains/tags; matched: none.,SRC_INTERNAL_HEURISTIC_V0_2,needs_review
ENT_CALLIRRHOE,classical_element,air,0,low,Algorithmic seed score from v0.1 category/domains/tags; matched: none.,SRC_INTERNAL_HEURISTIC_V0_2,needs_review
ENT_CALLIRRHOE,classical_planet,moon,0,low,Algorithmic seed score from v0.1 category/domains/tags; matched: none.,SRC_INTERNAL_HEURISTIC_V0_2,needs_review
ENT_CALLIRRHOE,classical_planet,mercury,0,low,Algorithmic seed score from v0.1 category/domains/tags; matched: none.,SRC_INTERNAL_HEURISTIC_V0_2,needs_review
ENT_CALLIRRHOE,classical_planet,venus,2,low,Algorithmic seed score from v0.1 category/domains/tags; matched: nymph.,SRC_INTERNAL_HEURISTIC_V0_2,needs_review
ENT_CALLIRRHOE,classical_planet,sun,0,low,Algorithmic seed score from v0.1 category/domains/tags; matched: none.,SRC_INTERNAL_HEURISTIC_V0_2,needs_review
ENT_CALLIRRHOE,classical_planet,mars,0,low,Algorithmic seed score from v0.1 category/domains/tags; matched: none.,SRC_INTERNAL_HEURISTIC_V0_2,needs_review
ENT_CALLIRRHOE,classical_planet,jupiter,0,low,Algorithmic seed score from v0.1 category/domains/tags; matched: none.,SRC_INTERNAL_HEURISTIC_V0_2,needs_review
ENT_CALLIRRHOE,classical_planet,saturn,0,low,Algorithmic seed score from v0.1 category/domains/tags; matched: none.,SRC_INTERNAL_HEURISTIC_V0_2,needs_review
ENT_PERSEIS,classical_element,earth,2,low,Algorithmic seed score from v0.1 category/domains/tags; matched: nymph.,SRC_INTERNAL_HEURISTIC_V0_2,needs_review
ENT_PERSEIS,classical_element,water,5,medium,"Algorithmic seed score from v0.1 category/domains/tags; matched: water, ocean.",SRC_INTERNAL_HEURISTIC_V0_2,needs_review
ENT_PERSEIS,classical_element,fire,0,low,Algorithmic seed score from v0.1 category/domains/tags; matched: none.,SRC_INTERNAL_HEURISTIC_V0_2,needs_review
ENT_PERSEIS,classical_element,air,0,low,Algorithmic seed score from v0.1 category/domains/tags; matched: none.,SRC_INTERNAL_HEURISTIC_V0_2,needs_review
ENT_PERSEIS,classical_planet,moon,0,low,Algorithmic seed score from v0.1 category/domains/tags; matched: none.,SRC_INTERNAL_HEURISTIC_V0_2,needs_review
ENT_PERSEIS,classical_planet,mercury,0,low,Algorithmic seed score from v0.1 category/domains/tags; matched: none.,SRC_INTERNAL_HEURISTIC_V0_2,needs_review
ENT_PERSEIS,classical_planet,venus,2,low,Algorithmic seed score from v0.1 category/domains/tags; matched: nymph.,SRC_INTERNAL_HEURISTIC_V0_2,needs_review
ENT_PERSEIS,classical_planet,sun,0,low,Algorithmic seed score from v0.1 category/domains/tags; matched: none.,SRC_INTERNAL_HEURISTIC_V0_2,needs_review
ENT_PERSEIS,classical_planet,mars,0,low,Algorithmic seed score from v0.1 category/domains/tags; matched: none.,SRC_INTERNAL_HEURISTIC_V0_2,needs_review
ENT_PERSEIS,classical_planet,jupiter,0,low,Algorithmic seed score from v0.1 category/domains/tags; matched: none.,SRC_INTERNAL_HEURISTIC_V0_2,needs_review
ENT_PERSEIS,classical_planet,saturn,0,low,Algorithmic seed score from v0.1 category/domains/tags; matched: none.,SRC_INTERNAL_HEURISTIC_V0_2,needs_review
ENT_IDYIA,classical_element,earth,2,low,Algorithmic seed score from v0.1 category/domains/tags; matched: nymph.,SRC_INTERNAL_HEURISTIC_V0_2,needs_review
ENT_IDYIA,classical_element,water,5,medium,"Algorithmic seed score from v0.1 category/domains/tags; matched: water, ocean.",SRC_INTERNAL_HEURISTIC_V0_2,needs_review
ENT_IDYIA,classical_element,fire,0,low,Algorithmic seed score from v0.1 category/domains/tags; matched: none.,SRC_INTERNAL_HEURISTIC_V0_2,needs_review
ENT_IDYIA,classical_element,air,0,low,Algorithmic seed score from v0.1 category/domains/tags; matched: none.,SRC_INTERNAL_HEURISTIC_V0_2,needs_review
ENT_IDYIA,classical_planet,moon,0,low,Algorithmic seed score from v0.1 category/domains/tags; matched: none.,SRC_INTERNAL_HEURISTIC_V0_2,needs_review
ENT_IDYIA,classical_planet,mercury,0,low,Algorithmic seed score from v0.1 category/domains/tags; matched: none.,SRC_INTERNAL_HEURISTIC_V0_2,needs_review
ENT_IDYIA,classical_planet,venus,2,low,Algorithmic seed score from v0.1 category/domains/tags; matched: nymph.,SRC_INTERNAL_HEURISTIC_V0_2,needs_review
ENT_IDYIA,classical_planet,sun,0,low,Algorithmic seed score from v0.1 category/domains/tags; matched: none.,SRC_INTERNAL_HEURISTIC_V0_2,needs_review
ENT_IDYIA,classical_planet,mars,0,low,Algorithmic seed score from v0.1 category/domains/tags; matched: none.,SRC_INTERNAL_HEURISTIC_V0_2,needs_review
ENT_IDYIA,classical_planet,jupiter,0,low,Algorithmic seed score from v0.1 category/domains/tags; matched: none.,SRC_INTERNAL_HEURISTIC_V0_2,needs_review
ENT_IDYIA,classical_planet,saturn,0,low,Algorithmic seed score from v0.1 category/domains/tags; matched: none.,SRC_INTERNAL_HEURISTIC_V0_2,needs_review
ENT_AETHRA_OCEANID,classical_element,earth,2,low,Algorithmic seed score from v0.1 category/domains/tags; matched: nymph.,SRC_INTERNAL_HEURISTIC_V0_2,needs_review
ENT_AETHRA_OCEANID,classical_element,water,5,medium,"Algorithmic seed score from v0.1 category/domains/tags; matched: water, ocean.",SRC_INTERNAL_HEURISTIC_V0_2,needs_review
ENT_AETHRA_OCEANID,classical_element,fire,0,low,Algorithmic seed score from v0.1 category/domains/tags; matched: none.,SRC_INTERNAL_HEURISTIC_V0_2,needs_review
ENT_AETHRA_OCEANID,classical_element,air,5,medium,Algorithmic seed score from v0.1 category/domains/tags; matched: sky.,SRC_INTERNAL_HEURISTIC_V0_2,needs_review
ENT_AETHRA_OCEANID,classical_planet,moon,0,low,Algorithmic seed score from v0.1 category/domains/tags; matched: none.,SRC_INTERNAL_HEURISTIC_V0_2,needs_review
ENT_AETHRA_OCEANID,classical_planet,mercury,0,low,Algorithmic seed score from v0.1 category/domains/tags; matched: none.,SRC_INTERNAL_HEURISTIC_V0_2,needs_review
ENT_AETHRA_OCEANID,classical_planet,venus,2,low,Algorithmic seed score from v0.1 category/domains/tags; matched: nymph.,SRC_INTERNAL_HEURISTIC_V0_2,needs_review
ENT_AETHRA_OCEANID,classical_planet,sun,0,low,Algorithmic seed score from v0.1 category/domains/tags; matched: none.,SRC_INTERNAL_HEURISTIC_V0_2,needs_review
ENT_AETHRA_OCEANID,classical_planet,mars,0,low,Algorithmic seed score from v0.1 category/domains/tags; matched: none.,SRC_INTERNAL_HEURISTIC_V0_2,needs_review
ENT_AETHRA_OCEANID,classical_planet,jupiter,3,low,Algorithmic seed score from v0.1 category/domains/tags; matched: sky.,SRC_INTERNAL_HEURISTIC_V0_2,needs_review
ENT_AETHRA_OCEANID,classical_planet,saturn,0,low,Algorithmic seed score from v0.1 category/domains/tags; matched: none.,SRC_INTERNAL_HEURISTIC_V0_2,needs_review
ENT_BEROE,classical_element,earth,2,low,Algorithmic seed score from v0.1 category/domains/tags; matched: nymph.,SRC_INTERNAL_HEURISTIC_V0_2,needs_review
ENT_BEROE,classical_element,water,5,medium,Algorithmic seed score from v0.1 category/domains/tags; matched: ocean.,SRC_INTERNAL_HEURISTIC_V0_2,needs_review
ENT_BEROE,classical_element,fire,0,low,Algorithmic seed score from v0.1 category/domains/tags; matched: none.,SRC_INTERNAL_HEURISTIC_V0_2,needs_review
ENT_BEROE,classical_element,air,0,low,Algorithmic seed score from v0.1 category/domains/tags; matched: none.,SRC_INTERNAL_HEURISTIC_V0_2,needs_review
ENT_BEROE,classical_planet,moon,0,low,Algorithmic seed score from v0.1 category/domains/tags; matched: none.,SRC_INTERNAL_HEURISTIC_V0_2,needs_review
ENT_BEROE,classical_planet,mercury,0,low,Algorithmic seed score from v0.1 category/domains/tags; matched: none.,SRC_INTERNAL_HEURISTIC_V0_2,needs_review
ENT_BEROE,classical_planet,venus,2,low,Algorithmic seed score from v0.1 category/domains/tags; matched: nymph.,SRC_INTERNAL_HEURISTIC_V0_2,needs_review
ENT_BEROE,classical_planet,sun,0,low,Algorithmic seed score from v0.1 category/domains/tags; matched: none.,SRC_INTERNAL_HEURISTIC_V0_2,needs_review
ENT_BEROE,classical_planet,mars,0,low,Algorithmic seed score from v0.1 category/domains/tags; matched: none.,SRC_INTERNAL_HEURISTIC_V0_2,needs_review
ENT_BEROE,classical_planet,jupiter,0,low,Algorithmic seed score from v0.1 category/domains/tags; matched: none.,SRC_INTERNAL_HEURISTIC_V0_2,needs_review
ENT_BEROE,classical_planet,saturn,0,low,Algorithmic seed score from v0.1 category/domains/tags; matched: none.,SRC_INTERNAL_HEURISTIC_V0_2,needs_review
ENT_EPHYRA,classical_element,earth,2,low,Algorithmic seed score from v0.1 category/domains/tags; matched: nymph.,SRC_INTERNAL_HEURISTIC_V0_2,needs_review
ENT_EPHYRA,classical_element,water,5,medium,Algorithmic seed score from v0.1 category/domains/tags; matched: ocean.,SRC_INTERNAL_HEURISTIC_V0_2,needs_review
ENT_EPHYRA,classical_element,fire,0,low,Algorithmic seed score from v0.1 category/domains/tags; matched: none.,SRC_INTERNAL_HEURISTIC_V0_2,needs_review
ENT_EPHYRA,classical_element,air,0,low,Algorithmic seed score from v0.1 category/domains/tags; matched: none.,SRC_INTERNAL_HEURISTIC_V0_2,needs_review
ENT_EPHYRA,classical_planet,moon,0,low,Algorithmic seed score from v0.1 category/domains/tags; matched: none.,SRC_INTERNAL_HEURISTIC_V0_2,needs_review
ENT_EPHYRA,classical_planet,mercury,0,low,Algorithmic seed score from v0.1 category/domains/tags; matched: none.,SRC_INTERNAL_HEURISTIC_V0_2,needs_review
ENT_EPHYRA,classical_planet,venus,2,low,Algorithmic seed score from v0.1 category/domains/tags; matched: nymph.,SRC_INTERNAL_HEURISTIC_V0_2,needs_review
ENT_EPHYRA,classical_planet,sun,0,low,Algorithmic seed score from v0.1 category/domains/tags; matched: none.,SRC_INTERNAL_HEURISTIC_V0_2,needs_review
ENT_EPHYRA,classical_planet,mars,0,low,Algorithmic seed score from v0.1 category/domains/tags; matched: none.,SRC_INTERNAL_HEURISTIC_V0_2,needs_review
ENT_EPHYRA,classical_planet,jupiter,0,low,Algorithmic seed score from v0.1 category/domains/tags; matched: none.,SRC_INTERNAL_HEURISTIC_V0_2,needs_review
ENT_EPHYRA,classical_planet,saturn,0,low,Algorithmic seed score from v0.1 category/domains/tags; matched: none.,SRC_INTERNAL_HEURISTIC_V0_2,needs_review
ENT_MELIA,classical_element,earth,5,medium,Algorithmic seed score from v0.1 category/domains/tags; matched: nymph.,SRC_INTERNAL_HEURISTIC_V0_2,needs_review
ENT_MELIA,classical_element,water,0,low,Algorithmic seed score from v0.1 category/domains/tags; matched: none.,SRC_INTERNAL_HEURISTIC_V0_2,needs_review
ENT_MELIA,classical_element,fire,0,low,Algorithmic seed score from v0.1 category/domains/tags; matched: none.,SRC_INTERNAL_HEURISTIC_V0_2,needs_review
ENT_MELIA,classical_element,air,0,low,Algorithmic seed score from v0.1 category/domains/tags; matched: none.,SRC_INTERNAL_HEURISTIC_V0_2,needs_review
ENT_MELIA,classical_planet,moon,0,low,Algorithmic seed score from v0.1 category/domains/tags; matched: none.,SRC_INTERNAL_HEURISTIC_V0_2,needs_review
ENT_MELIA,classical_planet,mercury,0,low,Algorithmic seed score from v0.1 category/domains/tags; matched: none.,SRC_INTERNAL_HEURISTIC_V0_2,needs_review
ENT_MELIA,classical_planet,venus,2,low,Algorithmic seed score from v0.1 category/domains/tags; matched: nymph.,SRC_INTERNAL_HEURISTIC_V0_2,needs_review
ENT_MELIA,classical_planet,sun,0,low,Algorithmic seed score from v0.1 category/domains/tags; matched: none.,SRC_INTERNAL_HEURISTIC_V0_2,needs_review
ENT_MELIA,classical_planet,mars,0,low,Algorithmic seed score from v0.1 category/domains/tags; matched: none.,SRC_INTERNAL_HEURISTIC_V0_2,needs_review
ENT_MELIA,classical_planet,jupiter,0,low,Algorithmic seed score from v0.1 category/domains/tags; matched: none.,SRC_INTERNAL_HEURISTIC_V0_2,needs_review
ENT_MELIA,classical_planet,saturn,0,low,Algorithmic seed score from v0.1 category/domains/tags; matched: none.,SRC_INTERNAL_HEURISTIC_V0_2,needs_review
ENT_PEITHO_OCEANID,classical_element,earth,2,low,Algorithmic seed score from v0.1 category/domains/tags; matched: nymph.,SRC_INTERNAL_HEURISTIC_V0_2,needs_review
ENT_PEITHO_OCEANID,classical_element,water,5,medium,"Algorithmic seed score from v0.1 category/domains/tags; matched: water, ocean.",SRC_INTERNAL_HEURISTIC_V0_2,needs_review
ENT_PEITHO_OCEANID,classical_element,fire,0,low,Algorithmic seed score from v0.1 category/domains/tags; matched: none.,SRC_INTERNAL_HEURISTIC_V0_2,needs_review
ENT_PEITHO_OCEANID,classical_element,air,0,low,Algorithmic seed score from v0.1 category/domains/tags; matched: none.,SRC_INTERNAL_HEURISTIC_V0_2,needs_review
ENT_PEITHO_OCEANID,classical_planet,moon,0,low,Algorithmic seed score from v0.1 category/domains/tags; matched: none.,SRC_INTERNAL_HEURISTIC_V0_2,needs_review
ENT_PEITHO_OCEANID,classical_planet,mercury,0,low,Algorithmic seed score from v0.1 category/domains/tags; matched: none.,SRC_INTERNAL_HEURISTIC_V0_2,needs_review
ENT_PEITHO_OCEANID,classical_planet,venus,2,low,Algorithmic seed score from v0.1 category/domains/tags; matched: nymph.,SRC_INTERNAL_HEURISTIC_V0_2,needs_review
ENT_PEITHO_OCEANID,classical_planet,sun,0,low,Algorithmic seed score from v0.1 category/domains/tags; matched: none.,SRC_INTERNAL_HEURISTIC_V0_2,needs_review
ENT_PEITHO_OCEANID,classical_planet,mars,0,low,Algorithmic seed score from v0.1 category/domains/tags; matched: none.,SRC_INTERNAL_HEURISTIC_V0_2,needs_review
ENT_PEITHO_OCEANID,classical_planet,jupiter,0,low,Algorithmic seed score from v0.1 category/domains/tags; matched: none.,SRC_INTERNAL_HEURISTIC_V0_2,needs_review
ENT_PEITHO_OCEANID,classical_planet,saturn,0,low,Algorithmic seed score from v0.1 category/domains/tags; matched: none.,SRC_INTERNAL_HEURISTIC_V0_2,needs_review
ENT_TYCHE_OCEANID,classical_element,earth,2,low,Algorithmic seed score from v0.1 category/domains/tags; matched: nymph.,SRC_INTERNAL_HEURISTIC_V0_2,needs_review
ENT_TYCHE_OCEANID,classical_element,water,5,medium,Algorithmic seed score from v0.1 category/domains/tags; matched: ocean.,SRC_INTERNAL_HEURISTIC_V0_2,needs_review
ENT_TYCHE_OCEANID,classical_element,fire,0,low,Algorithmic seed score from v0.1 category/domains/tags; matched: none.,SRC_INTERNAL_HEURISTIC_V0_2,needs_review
ENT_TYCHE_OCEANID,classical_element,air,0,low,Algorithmic seed score from v0.1 category/domains/tags; matched: none.,SRC_INTERNAL_HEURISTIC_V0_2,needs_review
ENT_TYCHE_OCEANID,classical_planet,moon,0,low,Algorithmic seed score from v0.1 category/domains/tags; matched: none.,SRC_INTERNAL_HEURISTIC_V0_2,needs_review
ENT_TYCHE_OCEANID,classical_planet,mercury,0,low,Algorithmic seed score from v0.1 category/domains/tags; matched: none.,SRC_INTERNAL_HEURISTIC_V0_2,needs_review
ENT_TYCHE_OCEANID,classical_planet,venus,2,low,Algorithmic seed score from v0.1 category/domains/tags; matched: nymph.,SRC_INTERNAL_HEURISTIC_V0_2,needs_review
ENT_TYCHE_OCEANID,classical_planet,sun,0,low,Algorithmic seed score from v0.1 category/domains/tags; matched: none.,SRC_INTERNAL_HEURISTIC_V0_2,needs_review
ENT_TYCHE_OCEANID,classical_planet,mars,0,low,Algorithmic seed score from v0.1 category/domains/tags; matched: none.,SRC_INTERNAL_HEURISTIC_V0_2,needs_review
ENT_TYCHE_OCEANID,classical_planet,jupiter,0,low,Algorithmic seed score from v0.1 category/domains/tags; matched: none.,SRC_INTERNAL_HEURISTIC_V0_2,needs_review
ENT_TYCHE_OCEANID,classical_planet,saturn,0,low,Algorithmic seed score from v0.1 category/domains/tags; matched: none.,SRC_INTERNAL_HEURISTIC_V0_2,needs_review
ENT_ADRASTEIA_NYMPH,classical_element,earth,2,low,Algorithmic seed score from v0.1 category/domains/tags; matched: nymph.,SRC_INTERNAL_HEURISTIC_V0_2,needs_review
ENT_ADRASTEIA_NYMPH,classical_element,water,0,low,Algorithmic seed score from v0.1 category/domains/tags; matched: none.,SRC_INTERNAL_HEURISTIC_V0_2,needs_review
ENT_ADRASTEIA_NYMPH,classical_element,fire,0,low,Algorithmic seed score from v0.1 category/domains/tags; matched: none.,SRC_INTERNAL_HEURISTIC_V0_2,needs_review
ENT_ADRASTEIA_NYMPH,classical_element,air,0,low,Algorithmic seed score from v0.1 category/domains/tags; matched: none.,SRC_INTERNAL_HEURISTIC_V0_2,needs_review
ENT_ADRASTEIA_NYMPH,classical_planet,moon,0,low,Algorithmic seed score from v0.1 category/domains/tags; matched: none.,SRC_INTERNAL_HEURISTIC_V0_2,needs_review
ENT_ADRASTEIA_NYMPH,classical_planet,mercury,0,low,Algorithmic seed score from v0.1 category/domains/tags; matched: none.,SRC_INTERNAL_HEURISTIC_V0_2,needs_review
ENT_ADRASTEIA_NYMPH,classical_planet,venus,2,low,Algorithmic seed score from v0.1 category/domains/tags; matched: nymph.,SRC_INTERNAL_HEURISTIC_V0_2,needs_review
ENT_ADRASTEIA_NYMPH,classical_planet,sun,0,low,Algorithmic seed score from v0.1 category/domains/tags; matched: none.,SRC_INTERNAL_HEURISTIC_V0_2,needs_review
ENT_ADRASTEIA_NYMPH,classical_planet,mars,0,low,Algorithmic seed score from v0.1 category/domains/tags; matched: none.,SRC_INTERNAL_HEURISTIC_V0_2,needs_review
ENT_ADRASTEIA_NYMPH,classical_planet,jupiter,5,medium,Algorithmic seed score from v0.1 category/domains/tags; matched: zeus.,SRC_INTERNAL_HEURISTIC_V0_2,needs_review
ENT_ADRASTEIA_NYMPH,classical_planet,saturn,0,low,Algorithmic seed score from v0.1 category/domains/tags; matched: none.,SRC_INTERNAL_HEURISTIC_V0_2,needs_review
ENT_IDAIA,classical_element,earth,5,medium,"Algorithmic seed score from v0.1 category/domains/tags; matched: mountain, nymph.",SRC_INTERNAL_HEURISTIC_V0_2,needs_review
ENT_IDAIA,classical_element,water,0,low,Algorithmic seed score from v0.1 category/domains/tags; matched: none.,SRC_INTERNAL_HEURISTIC_V0_2,needs_review
ENT_IDAIA,classical_element,fire,0,low,Algorithmic seed score from v0.1 category/domains/tags; matched: none.,SRC_INTERNAL_HEURISTIC_V0_2,needs_review
ENT_IDAIA,classical_element,air,0,low,Algorithmic seed score from v0.1 category/domains/tags; matched: none.,SRC_INTERNAL_HEURISTIC_V0_2,needs_review
ENT_IDAIA,classical_planet,moon,0,low,Algorithmic seed score from v0.1 category/domains/tags; matched: none.,SRC_INTERNAL_HEURISTIC_V0_2,needs_review
ENT_IDAIA,classical_planet,mercury,0,low,Algorithmic seed score from v0.1 category/domains/tags; matched: none.,SRC_INTERNAL_HEURISTIC_V0_2,needs_review
ENT_IDAIA,classical_planet,venus,2,low,Algorithmic seed score from v0.1 category/domains/tags; matched: nymph.,SRC_INTERNAL_HEURISTIC_V0_2,needs_review
ENT_IDAIA,classical_planet,sun,0,low,Algorithmic seed score from v0.1 category/domains/tags; matched: none.,SRC_INTERNAL_HEURISTIC_V0_2,needs_review
ENT_IDAIA,classical_planet,mars,0,low,Algorithmic seed score from v0.1 category/domains/tags; matched: none.,SRC_INTERNAL_HEURISTIC_V0_2,needs_review
ENT_IDAIA,classical_planet,jupiter,0,low,Algorithmic seed score from v0.1 category/domains/tags; matched: none.,SRC_INTERNAL_HEURISTIC_V0_2,needs_review
ENT_IDAIA,classical_planet,saturn,0,low,Algorithmic seed score from v0.1 category/domains/tags; matched: none.,SRC_INTERNAL_HEURISTIC_V0_2,needs_review
ENT_NEDA,classical_element,earth,2,low,"Algorithmic seed score from v0.1 category/domains/tags; matched: nymph, river.",SRC_INTERNAL_HEURISTIC_V0_2,needs_review
ENT_NEDA,classical_element,water,5,medium,"Algorithmic seed score from v0.1 category/domains/tags; matched: river, water, freshwater, spring.",SRC_INTERNAL_HEURISTIC_V0_2,needs_review
ENT_NEDA,classical_element,fire,0,low,Algorithmic seed score from v0.1 category/domains/tags; matched: none.,SRC_INTERNAL_HEURISTIC_V0_2,needs_review
ENT_NEDA,classical_element,air,0,low,Algorithmic seed score from v0.1 category/domains/tags; matched: none.,SRC_INTERNAL_HEURISTIC_V0_2,needs_review
ENT_NEDA,classical_planet,moon,0,low,Algorithmic seed score from v0.1 category/domains/tags; matched: none.,SRC_INTERNAL_HEURISTIC_V0_2,needs_review
ENT_NEDA,classical_planet,mercury,0,low,Algorithmic seed score from v0.1 category/domains/tags; matched: none.,SRC_INTERNAL_HEURISTIC_V0_2,needs_review
ENT_NEDA,classical_planet,venus,2,low,Algorithmic seed score from v0.1 category/domains/tags; matched: nymph.,SRC_INTERNAL_HEURISTIC_V0_2,needs_review
ENT_NEDA,classical_planet,sun,0,low,Algorithmic seed score from v0.1 category/domains/tags; matched: none.,SRC_INTERNAL_HEURISTIC_V0_2,needs_review
ENT_NEDA,classical_planet,mars,0,low,Algorithmic seed score from v0.1 category/domains/tags; matched: none.,SRC_INTERNAL_HEURISTIC_V0_2,needs_review
ENT_NEDA,classical_planet,jupiter,5,medium,Algorithmic seed score from v0.1 category/domains/tags; matched: zeus.,SRC_INTERNAL_HEURISTIC_V0_2,needs_review
ENT_NEDA,classical_planet,saturn,0,low,Algorithmic seed score from v0.1 category/domains/tags; matched: none.,SRC_INTERNAL_HEURISTIC_V0_2,needs_review
ENT_CYLLENE,classical_element,earth,5,medium,"Algorithmic seed score from v0.1 category/domains/tags; matched: mountain, nymph.",SRC_INTERNAL_HEURISTIC_V0_2,needs_review
ENT_CYLLENE,classical_element,water,0,low,Algorithmic seed score from v0.1 category/domains/tags; matched: none.,SRC_INTERNAL_HEURISTIC_V0_2,needs_review
ENT_CYLLENE,classical_element,fire,0,low,Algorithmic seed score from v0.1 category/domains/tags; matched: none.,SRC_INTERNAL_HEURISTIC_V0_2,needs_review
ENT_CYLLENE,classical_element,air,0,low,Algorithmic seed score from v0.1 category/domains/tags; matched: none.,SRC_INTERNAL_HEURISTIC_V0_2,needs_review
ENT_CYLLENE,classical_planet,moon,0,low,Algorithmic seed score from v0.1 category/domains/tags; matched: none.,SRC_INTERNAL_HEURISTIC_V0_2,needs_review
ENT_CYLLENE,classical_planet,mercury,0,low,Algorithmic seed score from v0.1 category/domains/tags; matched: none.,SRC_INTERNAL_HEURISTIC_V0_2,needs_review
ENT_CYLLENE,classical_planet,venus,2,low,Algorithmic seed score from v0.1 category/domains/tags; matched: nymph.,SRC_INTERNAL_HEURISTIC_V0_2,needs_review
ENT_CYLLENE,classical_planet,sun,0,low,Algorithmic seed score from v0.1 category/domains/tags; matched: none.,SRC_INTERNAL_HEURISTIC_V0_2,needs_review
ENT_CYLLENE,classical_planet,mars,0,low,Algorithmic seed score from v0.1 category/domains/tags; matched: none.,SRC_INTERNAL_HEURISTIC_V0_2,needs_review
ENT_CYLLENE,classical_planet,jupiter,0,low,Algorithmic seed score from v0.1 category/domains/tags; matched: none.,SRC_INTERNAL_HEURISTIC_V0_2,needs_review
ENT_CYLLENE,classical_planet,saturn,0,low,Algorithmic seed score from v0.1 category/domains/tags; matched: none.,SRC_INTERNAL_HEURISTIC_V0_2,needs_review
ENT_CHELONE,classical_element,earth,2,low,Algorithmic seed score from v0.1 category/domains/tags; matched: nymph.,SRC_INTERNAL_HEURISTIC_V0_2,needs_review
ENT_CHELONE,classical_element,water,0,low,Algorithmic seed score from v0.1 category/domains/tags; matched: none.,SRC_INTERNAL_HEURISTIC_V0_2,needs_review
ENT_CHELONE,classical_element,fire,0,low,Algorithmic seed score from v0.1 category/domains/tags; matched: none.,SRC_INTERNAL_HEURISTIC_V0_2,needs_review
ENT_CHELONE,classical_element,air,0,low,Algorithmic seed score from v0.1 category/domains/tags; matched: none.,SRC_INTERNAL_HEURISTIC_V0_2,needs_review
ENT_CHELONE,classical_planet,moon,0,low,Algorithmic seed score from v0.1 category/domains/tags; matched: none.,SRC_INTERNAL_HEURISTIC_V0_2,needs_review
ENT_CHELONE,classical_planet,mercury,0,low,Algorithmic seed score from v0.1 category/domains/tags; matched: none.,SRC_INTERNAL_HEURISTIC_V0_2,needs_review
ENT_CHELONE,classical_planet,venus,2,low,Algorithmic seed score from v0.1 category/domains/tags; matched: nymph.,SRC_INTERNAL_HEURISTIC_V0_2,needs_review
ENT_CHELONE,classical_planet,sun,0,low,Algorithmic seed score from v0.1 category/domains/tags; matched: none.,SRC_INTERNAL_HEURISTIC_V0_2,needs_review
ENT_CHELONE,classical_planet,mars,0,low,Algorithmic seed score from v0.1 category/domains/tags; matched: none.,SRC_INTERNAL_HEURISTIC_V0_2,needs_review
ENT_CHELONE,classical_planet,jupiter,0,low,Algorithmic seed score from v0.1 category/domains/tags; matched: none.,SRC_INTERNAL_HEURISTIC_V0_2,needs_review
ENT_CHELONE,classical_planet,saturn,0,low,Algorithmic seed score from v0.1 category/domains/tags; matched: none.,SRC_INTERNAL_HEURISTIC_V0_2,needs_review
ENT_CORYCIA,classical_element,earth,5,medium,"Algorithmic seed score from v0.1 category/domains/tags; matched: cave, nymph.",SRC_INTERNAL_HEURISTIC_V0_2,needs_review
ENT_CORYCIA,classical_element,water,0,low,Algorithmic seed score from v0.1 category/domains/tags; matched: none.,SRC_INTERNAL_HEURISTIC_V0_2,needs_review
ENT_CORYCIA,classical_element,fire,0,low,Algorithmic seed score from v0.1 category/domains/tags; matched: none.,SRC_INTERNAL_HEURISTIC_V0_2,needs_review
ENT_CORYCIA,classical_element,air,0,low,Algorithmic seed score from v0.1 category/domains/tags; matched: none.,SRC_INTERNAL_HEURISTIC_V0_2,needs_review
ENT_CORYCIA,classical_planet,moon,0,low,Algorithmic seed score from v0.1 category/domains/tags; matched: none.,SRC_INTERNAL_HEURISTIC_V0_2,needs_review
ENT_CORYCIA,classical_planet,mercury,0,low,Algorithmic seed score from v0.1 category/domains/tags; matched: none.,SRC_INTERNAL_HEURISTIC_V0_2,needs_review
ENT_CORYCIA,classical_planet,venus,2,low,Algorithmic seed score from v0.1 category/domains/tags; matched: nymph.,SRC_INTERNAL_HEURISTIC_V0_2,needs_review
ENT_CORYCIA,classical_planet,sun,0,low,Algorithmic seed score from v0.1 category/domains/tags; matched: none.,SRC_INTERNAL_HEURISTIC_V0_2,needs_review
ENT_CORYCIA,classical_planet,mars,0,low,Algorithmic seed score from v0.1 category/domains/tags; matched: none.,SRC_INTERNAL_HEURISTIC_V0_2,needs_review
ENT_CORYCIA,classical_planet,jupiter,0,low,Algorithmic seed score from v0.1 category/domains/tags; matched: none.,SRC_INTERNAL_HEURISTIC_V0_2,needs_review
ENT_CORYCIA,classical_planet,saturn,0,low,Algorithmic seed score from v0.1 category/domains/tags; matched: none.,SRC_INTERNAL_HEURISTIC_V0_2,needs_review
ENT_CORYCIAN_NYMPHS,classical_element,earth,5,medium,"Algorithmic seed score from v0.1 category/domains/tags; matched: cave, nymph.",SRC_INTERNAL_HEURISTIC_V0_2,needs_review
ENT_CORYCIAN_NYMPHS,classical_element,water,0,low,Algorithmic seed score from v0.1 category/domains/tags; matched: none.,SRC_INTERNAL_HEURISTIC_V0_2,needs_review
ENT_CORYCIAN_NYMPHS,classical_element,fire,0,low,Algorithmic seed score from v0.1 category/domains/tags; matched: none.,SRC_INTERNAL_HEURISTIC_V0_2,needs_review
ENT_CORYCIAN_NYMPHS,classical_element,air,0,low,Algorithmic seed score from v0.1 category/domains/tags; matched: none.,SRC_INTERNAL_HEURISTIC_V0_2,needs_review
ENT_CORYCIAN_NYMPHS,classical_planet,moon,0,low,Algorithmic seed score from v0.1 category/domains/tags; matched: none.,SRC_INTERNAL_HEURISTIC_V0_2,needs_review
ENT_CORYCIAN_NYMPHS,classical_planet,mercury,0,low,Algorithmic seed score from v0.1 category/domains/tags; matched: none.,SRC_INTERNAL_HEURISTIC_V0_2,needs_review
ENT_CORYCIAN_NYMPHS,classical_planet,venus,2,low,Algorithmic seed score from v0.1 category/domains/tags; matched: nymph.,SRC_INTERNAL_HEURISTIC_V0_2,needs_review
ENT_CORYCIAN_NYMPHS,classical_planet,sun,0,low,Algorithmic seed score from v0.1 category/domains/tags; matched: none.,SRC_INTERNAL_HEURISTIC_V0_2,needs_review
ENT_CORYCIAN_NYMPHS,classical_planet,mars,0,low,Algorithmic seed score from v0.1 category/domains/tags; matched: none.,SRC_INTERNAL_HEURISTIC_V0_2,needs_review
ENT_CORYCIAN_NYMPHS,classical_planet,jupiter,0,low,Algorithmic seed score from v0.1 category/domains/tags; matched: none.,SRC_INTERNAL_HEURISTIC_V0_2,needs_review
ENT_CORYCIAN_NYMPHS,classical_planet,saturn,0,low,Algorithmic seed score from v0.1 category/domains/tags; matched: none.,SRC_INTERNAL_HEURISTIC_V0_2,needs_review
ENT_MUSES_HELICONIAN,classical_element,earth,5,medium,"Algorithmic seed score from v0.1 category/domains/tags; matched: mountain, nymph.",SRC_INTERNAL_HEURISTIC_V0_2,needs_review
ENT_MUSES_HELICONIAN,classical_element,water,0,low,Algorithmic seed score from v0.1 category/domains/tags; matched: none.,SRC_INTERNAL_HEURISTIC_V0_2,needs_review
ENT_MUSES_HELICONIAN,classical_element,fire,0,low,Algorithmic seed score from v0.1 category/domains/tags; matched: none.,SRC_INTERNAL_HEURISTIC_V0_2,needs_review
ENT_MUSES_HELICONIAN,classical_element,air,0,low,Algorithmic seed score from v0.1 category/domains/tags; matched: none.,SRC_INTERNAL_HEURISTIC_V0_2,needs_review
ENT_MUSES_HELICONIAN,classical_planet,moon,0,low,Algorithmic seed score from v0.1 category/domains/tags; matched: none.,SRC_INTERNAL_HEURISTIC_V0_2,needs_review
ENT_MUSES_HELICONIAN,classical_planet,mercury,0,low,Algorithmic seed score from v0.1 category/domains/tags; matched: none.,SRC_INTERNAL_HEURISTIC_V0_2,needs_review
ENT_MUSES_HELICONIAN,classical_planet,venus,2,low,Algorithmic seed score from v0.1 category/domains/tags; matched: nymph.,SRC_INTERNAL_HEURISTIC_V0_2,needs_review
ENT_MUSES_HELICONIAN,classical_planet,sun,0,low,Algorithmic seed score from v0.1 category/domains/tags; matched: none.,SRC_INTERNAL_HEURISTIC_V0_2,needs_review
ENT_MUSES_HELICONIAN,classical_planet,mars,0,low,Algorithmic seed score from v0.1 category/domains/tags; matched: none.,SRC_INTERNAL_HEURISTIC_V0_2,needs_review
ENT_MUSES_HELICONIAN,classical_planet,jupiter,0,low,Algorithmic seed score from v0.1 category/domains/tags; matched: none.,SRC_INTERNAL_HEURISTIC_V0_2,needs_review
ENT_MUSES_HELICONIAN,classical_planet,saturn,0,low,Algorithmic seed score from v0.1 category/domains/tags; matched: none.,SRC_INTERNAL_HEURISTIC_V0_2,needs_review
ENT_HESPERIDES,classical_element,earth,2,low,Algorithmic seed score from v0.1 category/domains/tags; matched: nymph.,SRC_INTERNAL_HEURISTIC_V0_2,needs_review
ENT_HESPERIDES,classical_element,water,0,low,Algorithmic seed score from v0.1 category/domains/tags; matched: none.,SRC_INTERNAL_HEURISTIC_V0_2,needs_review
ENT_HESPERIDES,classical_element,fire,0,low,Algorithmic seed score from v0.1 category/domains/tags; matched: none.,SRC_INTERNAL_HEURISTIC_V0_2,needs_review
ENT_HESPERIDES,classical_element,air,0,low,Algorithmic seed score from v0.1 category/domains/tags; matched: none.,SRC_INTERNAL_HEURISTIC_V0_2,needs_review
ENT_HESPERIDES,classical_planet,moon,0,low,Algorithmic seed score from v0.1 category/domains/tags; matched: none.,SRC_INTERNAL_HEURISTIC_V0_2,needs_review
ENT_HESPERIDES,classical_planet,mercury,0,low,Algorithmic seed score from v0.1 category/domains/tags; matched: none.,SRC_INTERNAL_HEURISTIC_V0_2,needs_review
ENT_HESPERIDES,classical_planet,venus,2,low,Algorithmic seed score from v0.1 category/domains/tags; matched: nymph.,SRC_INTERNAL_HEURISTIC_V0_2,needs_review
ENT_HESPERIDES,classical_planet,sun,0,low,Algorithmic seed score from v0.1 category/domains/tags; matched: none.,SRC_INTERNAL_HEURISTIC_V0_2,needs_review
ENT_HESPERIDES,classical_planet,mars,0,low,Algorithmic seed score from v0.1 category/domains/tags; matched: none.,SRC_INTERNAL_HEURISTIC_V0_2,needs_review
ENT_HESPERIDES,classical_planet,jupiter,0,low,Algorithmic seed score from v0.1 category/domains/tags; matched: none.,SRC_INTERNAL_HEURISTIC_V0_2,needs_review
ENT_HESPERIDES,classical_planet,saturn,0,low,Algorithmic seed score from v0.1 category/domains/tags; matched: none.,SRC_INTERNAL_HEURISTIC_V0_2,needs_review
ENT_AEGLE_HESPERID,classical_element,earth,2,low,Algorithmic seed score from v0.1 category/domains/tags; matched: nymph.,SRC_INTERNAL_HEURISTIC_V0_2,needs_review
ENT_AEGLE_HESPERID,classical_element,water,0,low,Algorithmic seed score from v0.1 category/domains/tags; matched: none.,SRC_INTERNAL_HEURISTIC_V0_2,needs_review
ENT_AEGLE_HESPERID,classical_element,fire,0,low,Algorithmic seed score from v0.1 category/domains/tags; matched: none.,SRC_INTERNAL_HEURISTIC_V0_2,needs_review
ENT_AEGLE_HESPERID,classical_element,air,0,low,Algorithmic seed score from v0.1 category/domains/tags; matched: none.,SRC_INTERNAL_HEURISTIC_V0_2,needs_review
ENT_AEGLE_HESPERID,classical_planet,moon,0,low,Algorithmic seed score from v0.1 category/domains/tags; matched: none.,SRC_INTERNAL_HEURISTIC_V0_2,needs_review
ENT_AEGLE_HESPERID,classical_planet,mercury,0,low,Algorithmic seed score from v0.1 category/domains/tags; matched: none.,SRC_INTERNAL_HEURISTIC_V0_2,needs_review
ENT_AEGLE_HESPERID,classical_planet,venus,2,low,Algorithmic seed score from v0.1 category/domains/tags; matched: nymph.,SRC_INTERNAL_HEURISTIC_V0_2,needs_review
ENT_AEGLE_HESPERID,classical_planet,sun,0,low,Algorithmic seed score from v0.1 category/domains/tags; matched: none.,SRC_INTERNAL_HEURISTIC_V0_2,needs_review
ENT_AEGLE_HESPERID,classical_planet,mars,0,low,Algorithmic seed score from v0.1 category/domains/tags; matched: none.,SRC_INTERNAL_HEURISTIC_V0_2,needs_review
ENT_AEGLE_HESPERID,classical_planet,jupiter,0,low,Algorithmic seed score from v0.1 category/domains/tags; matched: none.,SRC_INTERNAL_HEURISTIC_V0_2,needs_review
ENT_AEGLE_HESPERID,classical_planet,saturn,0,low,Algorithmic seed score from v0.1 category/domains/tags; matched: none.,SRC_INTERNAL_HEURISTIC_V0_2,needs_review
ENT_ERYTHEIA_HESPERID,classical_element,earth,2,low,Algorithmic seed score from v0.1 category/domains/tags; matched: nymph.,SRC_INTERNAL_HEURISTIC_V0_2,needs_review
ENT_ERYTHEIA_HESPERID,classical_element,water,0,low,Algorithmic seed score from v0.1 category/domains/tags; matched: none.,SRC_INTERNAL_HEURISTIC_V0_2,needs_review
ENT_ERYTHEIA_HESPERID,classical_element,fire,0,low,Algorithmic seed score from v0.1 category/domains/tags; matched: none.,SRC_INTERNAL_HEURISTIC_V0_2,needs_review
ENT_ERYTHEIA_HESPERID,classical_element,air,0,low,Algorithmic seed score from v0.1 category/domains/tags; matched: none.,SRC_INTERNAL_HEURISTIC_V0_2,needs_review
ENT_ERYTHEIA_HESPERID,classical_planet,moon,0,low,Algorithmic seed score from v0.1 category/domains/tags; matched: none.,SRC_INTERNAL_HEURISTIC_V0_2,needs_review
ENT_ERYTHEIA_HESPERID,classical_planet,mercury,0,low,Algorithmic seed score from v0.1 category/domains/tags; matched: none.,SRC_INTERNAL_HEURISTIC_V0_2,needs_review
ENT_ERYTHEIA_HESPERID,classical_planet,venus,2,low,Algorithmic seed score from v0.1 category/domains/tags; matched: nymph.,SRC_INTERNAL_HEURISTIC_V0_2,needs_review
ENT_ERYTHEIA_HESPERID,classical_planet,sun,0,low,Algorithmic seed score from v0.1 category/domains/tags; matched: none.,SRC_INTERNAL_HEURISTIC_V0_2,needs_review
ENT_ERYTHEIA_HESPERID,classical_planet,mars,0,low,Algorithmic seed score from v0.1 category/domains/tags; matched: none.,SRC_INTERNAL_HEURISTIC_V0_2,needs_review
ENT_ERYTHEIA_HESPERID,classical_planet,jupiter,0,low,Algorithmic seed score from v0.1 category/domains/tags; matched: none.,SRC_INTERNAL_HEURISTIC_V0_2,needs_review
ENT_ERYTHEIA_HESPERID,classical_planet,saturn,0,low,Algorithmic seed score from v0.1 category/domains/tags; matched: none.,SRC_INTERNAL_HEURISTIC_V0_2,needs_review
ENT_HESPERIA_HESPERID,classical_element,earth,2,low,Algorithmic seed score from v0.1 category/domains/tags; matched: nymph.,SRC_INTERNAL_HEURISTIC_V0_2,needs_review
ENT_HESPERIA_HESPERID,classical_element,water,0,low,Algorithmic seed score from v0.1 category/domains/tags; matched: none.,SRC_INTERNAL_HEURISTIC_V0_2,needs_review
ENT_HESPERIA_HESPERID,classical_element,fire,0,low,Algorithmic seed score from v0.1 category/domains/tags; matched: none.,SRC_INTERNAL_HEURISTIC_V0_2,needs_review
ENT_HESPERIA_HESPERID,classical_element,air,0,low,Algorithmic seed score from v0.1 category/domains/tags; matched: none.,SRC_INTERNAL_HEURISTIC_V0_2,needs_review
ENT_HESPERIA_HESPERID,classical_planet,moon,0,low,Algorithmic seed score from v0.1 category/domains/tags; matched: none.,SRC_INTERNAL_HEURISTIC_V0_2,needs_review
ENT_HESPERIA_HESPERID,classical_planet,mercury,0,low,Algorithmic seed score from v0.1 category/domains/tags; matched: none.,SRC_INTERNAL_HEURISTIC_V0_2,needs_review
ENT_HESPERIA_HESPERID,classical_planet,venus,2,low,Algorithmic seed score from v0.1 category/domains/tags; matched: nymph.,SRC_INTERNAL_HEURISTIC_V0_2,needs_review
ENT_HESPERIA_HESPERID,classical_planet,sun,0,low,Algorithmic seed score from v0.1 category/domains/tags; matched: none.,SRC_INTERNAL_HEURISTIC_V0_2,needs_review
ENT_HESPERIA_HESPERID,classical_planet,mars,0,low,Algorithmic seed score from v0.1 category/domains/tags; matched: none.,SRC_INTERNAL_HEURISTIC_V0_2,needs_review
ENT_HESPERIA_HESPERID,classical_planet,jupiter,0,low,Algorithmic seed score from v0.1 category/domains/tags; matched: none.,SRC_INTERNAL_HEURISTIC_V0_2,needs_review
ENT_HESPERIA_HESPERID,classical_planet,saturn,0,low,Algorithmic seed score from v0.1 category/domains/tags; matched: none.,SRC_INTERNAL_HEURISTIC_V0_2,needs_review
ENT_ARETHUSA_HESPERID,classical_element,earth,2,low,Algorithmic seed score from v0.1 category/domains/tags; matched: nymph.,SRC_INTERNAL_HEURISTIC_V0_2,needs_review
ENT_ARETHUSA_HESPERID,classical_element,water,0,low,Algorithmic seed score from v0.1 category/domains/tags; matched: none.,SRC_INTERNAL_HEURISTIC_V0_2,needs_review
ENT_ARETHUSA_HESPERID,classical_element,fire,0,low,Algorithmic seed score from v0.1 category/domains/tags; matched: none.,SRC_INTERNAL_HEURISTIC_V0_2,needs_review
ENT_ARETHUSA_HESPERID,classical_element,air,0,low,Algorithmic seed score from v0.1 category/domains/tags; matched: none.,SRC_INTERNAL_HEURISTIC_V0_2,needs_review
ENT_ARETHUSA_HESPERID,classical_planet,moon,0,low,Algorithmic seed score from v0.1 category/domains/tags; matched: none.,SRC_INTERNAL_HEURISTIC_V0_2,needs_review
ENT_ARETHUSA_HESPERID,classical_planet,mercury,0,low,Algorithmic seed score from v0.1 category/domains/tags; matched: none.,SRC_INTERNAL_HEURISTIC_V0_2,needs_review
ENT_ARETHUSA_HESPERID,classical_planet,venus,2,low,Algorithmic seed score from v0.1 category/domains/tags; matched: nymph.,SRC_INTERNAL_HEURISTIC_V0_2,needs_review
ENT_ARETHUSA_HESPERID,classical_planet,sun,0,low,Algorithmic seed score from v0.1 category/domains/tags; matched: none.,SRC_INTERNAL_HEURISTIC_V0_2,needs_review
ENT_ARETHUSA_HESPERID,classical_planet,mars,0,low,Algorithmic seed score from v0.1 category/domains/tags; matched: none.,SRC_INTERNAL_HEURISTIC_V0_2,needs_review
ENT_ARETHUSA_HESPERID,classical_planet,jupiter,0,low,Algorithmic seed score from v0.1 category/domains/tags; matched: none.,SRC_INTERNAL_HEURISTIC_V0_2,needs_review
ENT_ARETHUSA_HESPERID,classical_planet,saturn,0,low,Algorithmic seed score from v0.1 category/domains/tags; matched: none.,SRC_INTERNAL_HEURISTIC_V0_2,needs_review
ENT_LAMPADES,classical_element,earth,5,medium,"Algorithmic seed score from v0.1 category/domains/tags; matched: chthonic, underworld, nymph.",SRC_INTERNAL_HEURISTIC_V0_2,needs_review
ENT_LAMPADES,classical_element,water,0,low,Algorithmic seed score from v0.1 category/domains/tags; matched: none.,SRC_INTERNAL_HEURISTIC_V0_2,needs_review
ENT_LAMPADES,classical_element,fire,4,medium,Algorithmic seed score from v0.1 category/domains/tags; matched: torch.,SRC_INTERNAL_HEURISTIC_V0_2,needs_review
ENT_LAMPADES,classical_element,air,0,low,Algorithmic seed score from v0.1 category/domains/tags; matched: none.,SRC_INTERNAL_HEURISTIC_V0_2,needs_review
ENT_LAMPADES,classical_planet,moon,2,low,Algorithmic seed score from v0.1 category/domains/tags; matched: underworld.,SRC_INTERNAL_HEURISTIC_V0_2,needs_review
ENT_LAMPADES,classical_planet,mercury,0,low,Algorithmic seed score from v0.1 category/domains/tags; matched: none.,SRC_INTERNAL_HEURISTIC_V0_2,needs_review
ENT_LAMPADES,classical_planet,venus,2,low,Algorithmic seed score from v0.1 category/domains/tags; matched: nymph.,SRC_INTERNAL_HEURISTIC_V0_2,needs_review
ENT_LAMPADES,classical_planet,sun,0,low,Algorithmic seed score from v0.1 category/domains/tags; matched: none.,SRC_INTERNAL_HEURISTIC_V0_2,needs_review
ENT_LAMPADES,classical_planet,mars,0,low,Algorithmic seed score from v0.1 category/domains/tags; matched: none.,SRC_INTERNAL_HEURISTIC_V0_2,needs_review
ENT_LAMPADES,classical_planet,jupiter,0,low,Algorithmic seed score from v0.1 category/domains/tags; matched: none.,SRC_INTERNAL_HEURISTIC_V0_2,needs_review
ENT_LAMPADES,classical_planet,saturn,4,medium,Algorithmic seed score from v0.1 category/domains/tags; matched: underworld.,SRC_INTERNAL_HEURISTIC_V0_2,needs_review
ENT_ORPHNE,classical_element,earth,5,medium,"Algorithmic seed score from v0.1 category/domains/tags; matched: chthonic, underworld, nymph.",SRC_INTERNAL_HEURISTIC_V0_2,needs_review
ENT_ORPHNE,classical_element,water,0,low,Algorithmic seed score from v0.1 category/domains/tags; matched: none.,SRC_INTERNAL_HEURISTIC_V0_2,needs_review
ENT_ORPHNE,classical_element,fire,0,low,Algorithmic seed score from v0.1 category/domains/tags; matched: none.,SRC_INTERNAL_HEURISTIC_V0_2,needs_review
ENT_ORPHNE,classical_element,air,0,low,Algorithmic seed score from v0.1 category/domains/tags; matched: none.,SRC_INTERNAL_HEURISTIC_V0_2,needs_review
ENT_ORPHNE,classical_planet,moon,2,low,Algorithmic seed score from v0.1 category/domains/tags; matched: underworld.,SRC_INTERNAL_HEURISTIC_V0_2,needs_review
ENT_ORPHNE,classical_planet,mercury,0,low,Algorithmic seed score from v0.1 category/domains/tags; matched: none.,SRC_INTERNAL_HEURISTIC_V0_2,needs_review
ENT_ORPHNE,classical_planet,venus,2,low,Algorithmic seed score from v0.1 category/domains/tags; matched: nymph.,SRC_INTERNAL_HEURISTIC_V0_2,needs_review
ENT_ORPHNE,classical_planet,sun,0,low,Algorithmic seed score from v0.1 category/domains/tags; matched: none.,SRC_INTERNAL_HEURISTIC_V0_2,needs_review
ENT_ORPHNE,classical_planet,mars,0,low,Algorithmic seed score from v0.1 category/domains/tags; matched: none.,SRC_INTERNAL_HEURISTIC_V0_2,needs_review
ENT_ORPHNE,classical_planet,jupiter,0,low,Algorithmic seed score from v0.1 category/domains/tags; matched: none.,SRC_INTERNAL_HEURISTIC_V0_2,needs_review
ENT_ORPHNE,classical_planet,saturn,4,medium,Algorithmic seed score from v0.1 category/domains/tags; matched: underworld.,SRC_INTERNAL_HEURISTIC_V0_2,needs_review
ENT_GORGYRA,classical_element,earth,5,medium,"Algorithmic seed score from v0.1 category/domains/tags; matched: chthonic, underworld, nymph.",SRC_INTERNAL_HEURISTIC_V0_2,needs_review
ENT_GORGYRA,classical_element,water,0,low,Algorithmic seed score from v0.1 category/domains/tags; matched: none.,SRC_INTERNAL_HEURISTIC_V0_2,needs_review
ENT_GORGYRA,classical_element,fire,0,low,Algorithmic seed score from v0.1 category/domains/tags; matched: none.,SRC_INTERNAL_HEURISTIC_V0_2,needs_review
ENT_GORGYRA,classical_element,air,0,low,Algorithmic seed score from v0.1 category/domains/tags; matched: none.,SRC_INTERNAL_HEURISTIC_V0_2,needs_review
ENT_GORGYRA,classical_planet,moon,2,low,Algorithmic seed score from v0.1 category/domains/tags; matched: underworld.,SRC_INTERNAL_HEURISTIC_V0_2,needs_review
ENT_GORGYRA,classical_planet,mercury,0,low,Algorithmic seed score from v0.1 category/domains/tags; matched: none.,SRC_INTERNAL_HEURISTIC_V0_2,needs_review
ENT_GORGYRA,classical_planet,venus,2,low,Algorithmic seed score from v0.1 category/domains/tags; matched: nymph.,SRC_INTERNAL_HEURISTIC_V0_2,needs_review
ENT_GORGYRA,classical_planet,sun,0,low,Algorithmic seed score from v0.1 category/domains/tags; matched: none.,SRC_INTERNAL_HEURISTIC_V0_2,needs_review
ENT_GORGYRA,classical_planet,mars,0,low,Algorithmic seed score from v0.1 category/domains/tags; matched: none.,SRC_INTERNAL_HEURISTIC_V0_2,needs_review
ENT_GORGYRA,classical_planet,jupiter,0,low,Algorithmic seed score from v0.1 category/domains/tags; matched: none.,SRC_INTERNAL_HEURISTIC_V0_2,needs_review
ENT_GORGYRA,classical_planet,saturn,4,medium,Algorithmic seed score from v0.1 category/domains/tags; matched: underworld.,SRC_INTERNAL_HEURISTIC_V0_2,needs_review
ENT_LEIMAKIDES,classical_element,earth,5,medium,Algorithmic seed score from v0.1 category/domains/tags; matched: nymph.,SRC_INTERNAL_HEURISTIC_V0_2,needs_review
ENT_LEIMAKIDES,classical_element,water,0,low,Algorithmic seed score from v0.1 category/domains/tags; matched: none.,SRC_INTERNAL_HEURISTIC_V0_2,needs_review
ENT_LEIMAKIDES,classical_element,fire,0,low,Algorithmic seed score from v0.1 category/domains/tags; matched: none.,SRC_INTERNAL_HEURISTIC_V0_2,needs_review
ENT_LEIMAKIDES,classical_element,air,0,low,Algorithmic seed score from v0.1 category/domains/tags; matched: none.,SRC_INTERNAL_HEURISTIC_V0_2,needs_review
ENT_LEIMAKIDES,classical_planet,moon,0,low,Algorithmic seed score from v0.1 category/domains/tags; matched: none.,SRC_INTERNAL_HEURISTIC_V0_2,needs_review
ENT_LEIMAKIDES,classical_planet,mercury,0,low,Algorithmic seed score from v0.1 category/domains/tags; matched: none.,SRC_INTERNAL_HEURISTIC_V0_2,needs_review
ENT_LEIMAKIDES,classical_planet,venus,2,low,Algorithmic seed score from v0.1 category/domains/tags; matched: nymph.,SRC_INTERNAL_HEURISTIC_V0_2,needs_review
ENT_LEIMAKIDES,classical_planet,sun,0,low,Algorithmic seed score from v0.1 category/domains/tags; matched: none.,SRC_INTERNAL_HEURISTIC_V0_2,needs_review
ENT_LEIMAKIDES,classical_planet,mars,0,low,Algorithmic seed score from v0.1 category/domains/tags; matched: none.,SRC_INTERNAL_HEURISTIC_V0_2,needs_review
ENT_LEIMAKIDES,classical_planet,jupiter,0,low,Algorithmic seed score from v0.1 category/domains/tags; matched: none.,SRC_INTERNAL_HEURISTIC_V0_2,needs_review
ENT_LEIMAKIDES,classical_planet,saturn,0,low,Algorithmic seed score from v0.1 category/domains/tags; matched: none.,SRC_INTERNAL_HEURISTIC_V0_2,needs_review
ENT_LIMNADES,classical_element,earth,2,low,Algorithmic seed score from v0.1 category/domains/tags; matched: nymph.,SRC_INTERNAL_HEURISTIC_V0_2,needs_review
ENT_LIMNADES,classical_element,water,0,low,Algorithmic seed score from v0.1 category/domains/tags; matched: none.,SRC_INTERNAL_HEURISTIC_V0_2,needs_review
ENT_LIMNADES,classical_element,fire,0,low,Algorithmic seed score from v0.1 category/domains/tags; matched: none.,SRC_INTERNAL_HEURISTIC_V0_2,needs_review
ENT_LIMNADES,classical_element,air,0,low,Algorithmic seed score from v0.1 category/domains/tags; matched: none.,SRC_INTERNAL_HEURISTIC_V0_2,needs_review
ENT_LIMNADES,classical_planet,moon,0,low,Algorithmic seed score from v0.1 category/domains/tags; matched: none.,SRC_INTERNAL_HEURISTIC_V0_2,needs_review
ENT_LIMNADES,classical_planet,mercury,0,low,Algorithmic seed score from v0.1 category/domains/tags; matched: none.,SRC_INTERNAL_HEURISTIC_V0_2,needs_review
ENT_LIMNADES,classical_planet,venus,2,low,Algorithmic seed score from v0.1 category/domains/tags; matched: nymph.,SRC_INTERNAL_HEURISTIC_V0_2,needs_review
ENT_LIMNADES,classical_planet,sun,0,low,Algorithmic seed score from v0.1 category/domains/tags; matched: none.,SRC_INTERNAL_HEURISTIC_V0_2,needs_review
ENT_LIMNADES,classical_planet,mars,0,low,Algorithmic seed score from v0.1 category/domains/tags; matched: none.,SRC_INTERNAL_HEURISTIC_V0_2,needs_review
ENT_LIMNADES,classical_planet,jupiter,0,low,Algorithmic seed score from v0.1 category/domains/tags; matched: none.,SRC_INTERNAL_HEURISTIC_V0_2,needs_review
ENT_LIMNADES,classical_planet,saturn,0,low,Algorithmic seed score from v0.1 category/domains/tags; matched: none.,SRC_INTERNAL_HEURISTIC_V0_2,needs_review
ENT_NAPAEAE,classical_element,earth,5,medium,Algorithmic seed score from v0.1 category/domains/tags; matched: nymph.,SRC_INTERNAL_HEURISTIC_V0_2,needs_review
ENT_NAPAEAE,classical_element,water,0,low,Algorithmic seed score from v0.1 category/domains/tags; matched: none.,SRC_INTERNAL_HEURISTIC_V0_2,needs_review
ENT_NAPAEAE,classical_element,fire,0,low,Algorithmic seed score from v0.1 category/domains/tags; matched: none.,SRC_INTERNAL_HEURISTIC_V0_2,needs_review
ENT_NAPAEAE,classical_element,air,0,low,Algorithmic seed score from v0.1 category/domains/tags; matched: none.,SRC_INTERNAL_HEURISTIC_V0_2,needs_review
ENT_NAPAEAE,classical_planet,moon,0,low,Algorithmic seed score from v0.1 category/domains/tags; matched: none.,SRC_INTERNAL_HEURISTIC_V0_2,needs_review
ENT_NAPAEAE,classical_planet,mercury,0,low,Algorithmic seed score from v0.1 category/domains/tags; matched: none.,SRC_INTERNAL_HEURISTIC_V0_2,needs_review
ENT_NAPAEAE,classical_planet,venus,2,low,Algorithmic seed score from v0.1 category/domains/tags; matched: nymph.,SRC_INTERNAL_HEURISTIC_V0_2,needs_review
ENT_NAPAEAE,classical_planet,sun,0,low,Algorithmic seed score from v0.1 category/domains/tags; matched: none.,SRC_INTERNAL_HEURISTIC_V0_2,needs_review
ENT_NAPAEAE,classical_planet,mars,0,low,Algorithmic seed score from v0.1 category/domains/tags; matched: none.,SRC_INTERNAL_HEURISTIC_V0_2,needs_review
ENT_NAPAEAE,classical_planet,jupiter,0,low,Algorithmic seed score from v0.1 category/domains/tags; matched: none.,SRC_INTERNAL_HEURISTIC_V0_2,needs_review
ENT_NAPAEAE,classical_planet,saturn,0,low,Algorithmic seed score from v0.1 category/domains/tags; matched: none.,SRC_INTERNAL_HEURISTIC_V0_2,needs_review
ENT_OREADS,classical_element,earth,5,medium,"Algorithmic seed score from v0.1 category/domains/tags; matched: mountain, nymph.",SRC_INTERNAL_HEURISTIC_V0_2,needs_review
ENT_OREADS,classical_element,water,0,low,Algorithmic seed score from v0.1 category/domains/tags; matched: none.,SRC_INTERNAL_HEURISTIC_V0_2,needs_review
ENT_OREADS,classical_element,fire,0,low,Algorithmic seed score from v0.1 category/domains/tags; matched: none.,SRC_INTERNAL_HEURISTIC_V0_2,needs_review
ENT_OREADS,classical_element,air,0,low,Algorithmic seed score from v0.1 category/domains/tags; matched: none.,SRC_INTERNAL_HEURISTIC_V0_2,needs_review
ENT_OREADS,classical_planet,moon,0,low,Algorithmic seed score from v0.1 category/domains/tags; matched: none.,SRC_INTERNAL_HEURISTIC_V0_2,needs_review
ENT_OREADS,classical_planet,mercury,0,low,Algorithmic seed score from v0.1 category/domains/tags; matched: none.,SRC_INTERNAL_HEURISTIC_V0_2,needs_review
ENT_OREADS,classical_planet,venus,2,low,Algorithmic seed score from v0.1 category/domains/tags; matched: nymph.,SRC_INTERNAL_HEURISTIC_V0_2,needs_review
ENT_OREADS,classical_planet,sun,0,low,Algorithmic seed score from v0.1 category/domains/tags; matched: none.,SRC_INTERNAL_HEURISTIC_V0_2,needs_review
ENT_OREADS,classical_planet,mars,0,low,Algorithmic seed score from v0.1 category/domains/tags; matched: none.,SRC_INTERNAL_HEURISTIC_V0_2,needs_review
ENT_OREADS,classical_planet,jupiter,0,low,Algorithmic seed score from v0.1 category/domains/tags; matched: none.,SRC_INTERNAL_HEURISTIC_V0_2,needs_review
ENT_OREADS,classical_planet,saturn,0,low,Algorithmic seed score from v0.1 category/domains/tags; matched: none.,SRC_INTERNAL_HEURISTIC_V0_2,needs_review
ENT_DRYADS,classical_element,earth,5,medium,Algorithmic seed score from v0.1 category/domains/tags; matched: nymph.,SRC_INTERNAL_HEURISTIC_V0_2,needs_review
ENT_DRYADS,classical_element,water,0,low,Algorithmic seed score from v0.1 category/domains/tags; matched: none.,SRC_INTERNAL_HEURISTIC_V0_2,needs_review
ENT_DRYADS,classical_element,fire,0,low,Algorithmic seed score from v0.1 category/domains/tags; matched: none.,SRC_INTERNAL_HEURISTIC_V0_2,needs_review
ENT_DRYADS,classical_element,air,0,low,Algorithmic seed score from v0.1 category/domains/tags; matched: none.,SRC_INTERNAL_HEURISTIC_V0_2,needs_review
ENT_DRYADS,classical_planet,moon,0,low,Algorithmic seed score from v0.1 category/domains/tags; matched: none.,SRC_INTERNAL_HEURISTIC_V0_2,needs_review
ENT_DRYADS,classical_planet,mercury,0,low,Algorithmic seed score from v0.1 category/domains/tags; matched: none.,SRC_INTERNAL_HEURISTIC_V0_2,needs_review
ENT_DRYADS,classical_planet,venus,2,low,Algorithmic seed score from v0.1 category/domains/tags; matched: nymph.,SRC_INTERNAL_HEURISTIC_V0_2,needs_review
ENT_DRYADS,classical_planet,sun,0,low,Algorithmic seed score from v0.1 category/domains/tags; matched: none.,SRC_INTERNAL_HEURISTIC_V0_2,needs_review
ENT_DRYADS,classical_planet,mars,0,low,Algorithmic seed score from v0.1 category/domains/tags; matched: none.,SRC_INTERNAL_HEURISTIC_V0_2,needs_review
ENT_DRYADS,classical_planet,jupiter,0,low,Algorithmic seed score from v0.1 category/domains/tags; matched: none.,SRC_INTERNAL_HEURISTIC_V0_2,needs_review
ENT_DRYADS,classical_planet,saturn,0,low,Algorithmic seed score from v0.1 category/domains/tags; matched: none.,SRC_INTERNAL_HEURISTIC_V0_2,needs_review
ENT_HAMADRYADS,classical_element,earth,5,medium,Algorithmic seed score from v0.1 category/domains/tags; matched: nymph.,SRC_INTERNAL_HEURISTIC_V0_2,needs_review
ENT_HAMADRYADS,classical_element,water,0,low,Algorithmic seed score from v0.1 category/domains/tags; matched: none.,SRC_INTERNAL_HEURISTIC_V0_2,needs_review
ENT_HAMADRYADS,classical_element,fire,0,low,Algorithmic seed score from v0.1 category/domains/tags; matched: none.,SRC_INTERNAL_HEURISTIC_V0_2,needs_review
ENT_HAMADRYADS,classical_element,air,0,low,Algorithmic seed score from v0.1 category/domains/tags; matched: none.,SRC_INTERNAL_HEURISTIC_V0_2,needs_review
ENT_HAMADRYADS,classical_planet,moon,0,low,Algorithmic seed score from v0.1 category/domains/tags; matched: none.,SRC_INTERNAL_HEURISTIC_V0_2,needs_review
ENT_HAMADRYADS,classical_planet,mercury,0,low,Algorithmic seed score from v0.1 category/domains/tags; matched: none.,SRC_INTERNAL_HEURISTIC_V0_2,needs_review
ENT_HAMADRYADS,classical_planet,venus,2,low,Algorithmic seed score from v0.1 category/domains/tags; matched: nymph.,SRC_INTERNAL_HEURISTIC_V0_2,needs_review
ENT_HAMADRYADS,classical_planet,sun,0,low,Algorithmic seed score from v0.1 category/domains/tags; matched: none.,SRC_INTERNAL_HEURISTIC_V0_2,needs_review
ENT_HAMADRYADS,classical_planet,mars,0,low,Algorithmic seed score from v0.1 category/domains/tags; matched: none.,SRC_INTERNAL_HEURISTIC_V0_2,needs_review
ENT_HAMADRYADS,classical_planet,jupiter,0,low,Algorithmic seed score from v0.1 category/domains/tags; matched: none.,SRC_INTERNAL_HEURISTIC_V0_2,needs_review
ENT_HAMADRYADS,classical_planet,saturn,0,low,Algorithmic seed score from v0.1 category/domains/tags; matched: none.,SRC_INTERNAL_HEURISTIC_V0_2,needs_review
ENT_MELIAE,classical_element,earth,5,medium,Algorithmic seed score from v0.1 category/domains/tags; matched: nymph.,SRC_INTERNAL_HEURISTIC_V0_2,needs_review
ENT_MELIAE,classical_element,water,0,low,Algorithmic seed score from v0.1 category/domains/tags; matched: none.,SRC_INTERNAL_HEURISTIC_V0_2,needs_review
ENT_MELIAE,classical_element,fire,0,low,Algorithmic seed score from v0.1 category/domains/tags; matched: none.,SRC_INTERNAL_HEURISTIC_V0_2,needs_review
ENT_MELIAE,classical_element,air,0,low,Algorithmic seed score from v0.1 category/domains/tags; matched: none.,SRC_INTERNAL_HEURISTIC_V0_2,needs_review
ENT_MELIAE,classical_planet,moon,0,low,Algorithmic seed score from v0.1 category/domains/tags; matched: none.,SRC_INTERNAL_HEURISTIC_V0_2,needs_review
ENT_MELIAE,classical_planet,mercury,0,low,Algorithmic seed score from v0.1 category/domains/tags; matched: none.,SRC_INTERNAL_HEURISTIC_V0_2,needs_review
ENT_MELIAE,classical_planet,venus,2,low,Algorithmic seed score from v0.1 category/domains/tags; matched: nymph.,SRC_INTERNAL_HEURISTIC_V0_2,needs_review
ENT_MELIAE,classical_planet,sun,0,low,Algorithmic seed score from v0.1 category/domains/tags; matched: none.,SRC_INTERNAL_HEURISTIC_V0_2,needs_review
ENT_MELIAE,classical_planet,mars,0,low,Algorithmic seed score from v0.1 category/domains/tags; matched: none.,SRC_INTERNAL_HEURISTIC_V0_2,needs_review
ENT_MELIAE,classical_planet,jupiter,0,low,Algorithmic seed score from v0.1 category/domains/tags; matched: none.,SRC_INTERNAL_HEURISTIC_V0_2,needs_review
ENT_MELIAE,classical_planet,saturn,0,low,Algorithmic seed score from v0.1 category/domains/tags; matched: none.,SRC_INTERNAL_HEURISTIC_V0_2,needs_review
ENT_NAIADS,classical_element,earth,2,low,Algorithmic seed score from v0.1 category/domains/tags; matched: nymph.,SRC_INTERNAL_HEURISTIC_V0_2,needs_review
ENT_NAIADS,classical_element,water,5,medium,"Algorithmic seed score from v0.1 category/domains/tags; matched: water, freshwater, spring, naiad.",SRC_INTERNAL_HEURISTIC_V0_2,needs_review
ENT_NAIADS,classical_element,fire,0,low,Algorithmic seed score from v0.1 category/domains/tags; matched: none.,SRC_INTERNAL_HEURISTIC_V0_2,needs_review
ENT_NAIADS,classical_element,air,0,low,Algorithmic seed score from v0.1 category/domains/tags; matched: none.,SRC_INTERNAL_HEURISTIC_V0_2,needs_review
ENT_NAIADS,classical_planet,moon,0,low,Algorithmic seed score from v0.1 category/domains/tags; matched: none.,SRC_INTERNAL_HEURISTIC_V0_2,needs_review
ENT_NAIADS,classical_planet,mercury,0,low,Algorithmic seed score from v0.1 category/domains/tags; matched: none.,SRC_INTERNAL_HEURISTIC_V0_2,needs_review
ENT_NAIADS,classical_planet,venus,2,low,Algorithmic seed score from v0.1 category/domains/tags; matched: nymph.,SRC_INTERNAL_HEURISTIC_V0_2,needs_review
ENT_NAIADS,classical_planet,sun,0,low,Algorithmic seed score from v0.1 category/domains/tags; matched: none.,SRC_INTERNAL_HEURISTIC_V0_2,needs_review
ENT_NAIADS,classical_planet,mars,0,low,Algorithmic seed score from v0.1 category/domains/tags; matched: none.,SRC_INTERNAL_HEURISTIC_V0_2,needs_review
ENT_NAIADS,classical_planet,jupiter,0,low,Algorithmic seed score from v0.1 category/domains/tags; matched: none.,SRC_INTERNAL_HEURISTIC_V0_2,needs_review
ENT_NAIADS,classical_planet,saturn,0,low,Algorithmic seed score from v0.1 category/domains/tags; matched: none.,SRC_INTERNAL_HEURISTIC_V0_2,needs_review
ENT_NEREIDS,classical_element,earth,2,low,Algorithmic seed score from v0.1 category/domains/tags; matched: nymph.,SRC_INTERNAL_HEURISTIC_V0_2,needs_review
ENT_NEREIDS,classical_element,water,5,medium,"Algorithmic seed score from v0.1 category/domains/tags; matched: sea, nereid.",SRC_INTERNAL_HEURISTIC_V0_2,needs_review
ENT_NEREIDS,classical_element,fire,0,low,Algorithmic seed score from v0.1 category/domains/tags; matched: none.,SRC_INTERNAL_HEURISTIC_V0_2,needs_review
ENT_NEREIDS,classical_element,air,0,low,Algorithmic seed score from v0.1 category/domains/tags; matched: none.,SRC_INTERNAL_HEURISTIC_V0_2,needs_review
ENT_NEREIDS,classical_planet,moon,0,low,Algorithmic seed score from v0.1 category/domains/tags; matched: none.,SRC_INTERNAL_HEURISTIC_V0_2,needs_review
ENT_NEREIDS,classical_planet,mercury,0,low,Algorithmic seed score from v0.1 category/domains/tags; matched: none.,SRC_INTERNAL_HEURISTIC_V0_2,needs_review
ENT_NEREIDS,classical_planet,venus,2,low,Algorithmic seed score from v0.1 category/domains/tags; matched: nymph.,SRC_INTERNAL_HEURISTIC_V0_2,needs_review
ENT_NEREIDS,classical_planet,sun,0,low,Algorithmic seed score from v0.1 category/domains/tags; matched: none.,SRC_INTERNAL_HEURISTIC_V0_2,needs_review
ENT_NEREIDS,classical_planet,mars,0,low,Algorithmic seed score from v0.1 category/domains/tags; matched: none.,SRC_INTERNAL_HEURISTIC_V0_2,needs_review
ENT_NEREIDS,classical_planet,jupiter,0,low,Algorithmic seed score from v0.1 category/domains/tags; matched: none.,SRC_INTERNAL_HEURISTIC_V0_2,needs_review
ENT_NEREIDS,classical_planet,saturn,0,low,Algorithmic seed score from v0.1 category/domains/tags; matched: none.,SRC_INTERNAL_HEURISTIC_V0_2,needs_review
ENT_OCEANIDS,classical_element,earth,2,low,Algorithmic seed score from v0.1 category/domains/tags; matched: nymph.,SRC_INTERNAL_HEURISTIC_V0_2,needs_review
ENT_OCEANIDS,classical_element,water,5,medium,"Algorithmic seed score from v0.1 category/domains/tags; matched: water, freshwater, ocean, rain.",SRC_INTERNAL_HEURISTIC_V0_2,needs_review
ENT_OCEANIDS,classical_element,fire,0,low,Algorithmic seed score from v0.1 category/domains/tags; matched: none.,SRC_INTERNAL_HEURISTIC_V0_2,needs_review
ENT_OCEANIDS,classical_element,air,4,medium,Algorithmic seed score from v0.1 category/domains/tags; matched: cloud.,SRC_INTERNAL_HEURISTIC_V0_2,needs_review
ENT_OCEANIDS,classical_planet,moon,0,low,Algorithmic seed score from v0.1 category/domains/tags; matched: none.,SRC_INTERNAL_HEURISTIC_V0_2,needs_review
ENT_OCEANIDS,classical_planet,mercury,0,low,Algorithmic seed score from v0.1 category/domains/tags; matched: none.,SRC_INTERNAL_HEURISTIC_V0_2,needs_review
ENT_OCEANIDS,classical_planet,venus,2,low,Algorithmic seed score from v0.1 category/domains/tags; matched: nymph.,SRC_INTERNAL_HEURISTIC_V0_2,needs_review
ENT_OCEANIDS,classical_planet,sun,0,low,Algorithmic seed score from v0.1 category/domains/tags; matched: none.,SRC_INTERNAL_HEURISTIC_V0_2,needs_review
ENT_OCEANIDS,classical_planet,mars,0,low,Algorithmic seed score from v0.1 category/domains/tags; matched: none.,SRC_INTERNAL_HEURISTIC_V0_2,needs_review
ENT_OCEANIDS,classical_planet,jupiter,0,low,Algorithmic seed score from v0.1 category/domains/tags; matched: none.,SRC_INTERNAL_HEURISTIC_V0_2,needs_review
ENT_OCEANIDS,classical_planet,saturn,0,low,Algorithmic seed score from v0.1 category/domains/tags; matched: none.,SRC_INTERNAL_HEURISTIC_V0_2,needs_review
ENT_NEPHELAE,classical_element,earth,2,low,Algorithmic seed score from v0.1 category/domains/tags; matched: nymph.,SRC_INTERNAL_HEURISTIC_V0_2,needs_review
ENT_NEPHELAE,classical_element,water,0,low,Algorithmic seed score from v0.1 category/domains/tags; matched: none.,SRC_INTERNAL_HEURISTIC_V0_2,needs_review
ENT_NEPHELAE,classical_element,fire,0,low,Algorithmic seed score from v0.1 category/domains/tags; matched: none.,SRC_INTERNAL_HEURISTIC_V0_2,needs_review
ENT_NEPHELAE,classical_element,air,4,medium,Algorithmic seed score from v0.1 category/domains/tags; matched: cloud.,SRC_INTERNAL_HEURISTIC_V0_2,needs_review
ENT_NEPHELAE,classical_planet,moon,0,low,Algorithmic seed score from v0.1 category/domains/tags; matched: none.,SRC_INTERNAL_HEURISTIC_V0_2,needs_review
ENT_NEPHELAE,classical_planet,mercury,0,low,Algorithmic seed score from v0.1 category/domains/tags; matched: none.,SRC_INTERNAL_HEURISTIC_V0_2,needs_review
ENT_NEPHELAE,classical_planet,venus,2,low,Algorithmic seed score from v0.1 category/domains/tags; matched: nymph.,SRC_INTERNAL_HEURISTIC_V0_2,needs_review
ENT_NEPHELAE,classical_planet,sun,0,low,Algorithmic seed score from v0.1 category/domains/tags; matched: none.,SRC_INTERNAL_HEURISTIC_V0_2,needs_review
ENT_NEPHELAE,classical_planet,mars,0,low,Algorithmic seed score from v0.1 category/domains/tags; matched: none.,SRC_INTERNAL_HEURISTIC_V0_2,needs_review
ENT_NEPHELAE,classical_planet,jupiter,0,low,Algorithmic seed score from v0.1 category/domains/tags; matched: none.,SRC_INTERNAL_HEURISTIC_V0_2,needs_review
ENT_NEPHELAE,classical_planet,saturn,0,low,Algorithmic seed score from v0.1 category/domains/tags; matched: none.,SRC_INTERNAL_HEURISTIC_V0_2,needs_review
ENT_AURAE,classical_element,earth,2,low,Algorithmic seed score from v0.1 category/domains/tags; matched: nymph.,SRC_INTERNAL_HEURISTIC_V0_2,needs_review
ENT_AURAE,classical_element,water,0,low,Algorithmic seed score from v0.1 category/domains/tags; matched: none.,SRC_INTERNAL_HEURISTIC_V0_2,needs_review
ENT_AURAE,classical_element,fire,0,low,Algorithmic seed score from v0.1 category/domains/tags; matched: none.,SRC_INTERNAL_HEURISTIC_V0_2,needs_review
ENT_AURAE,classical_element,air,5,medium,Algorithmic seed score from v0.1 category/domains/tags; matched: air.,SRC_INTERNAL_HEURISTIC_V0_2,needs_review
ENT_AURAE,classical_planet,moon,0,low,Algorithmic seed score from v0.1 category/domains/tags; matched: none.,SRC_INTERNAL_HEURISTIC_V0_2,needs_review
ENT_AURAE,classical_planet,mercury,0,low,Algorithmic seed score from v0.1 category/domains/tags; matched: none.,SRC_INTERNAL_HEURISTIC_V0_2,needs_review
ENT_AURAE,classical_planet,venus,2,low,Algorithmic seed score from v0.1 category/domains/tags; matched: nymph.,SRC_INTERNAL_HEURISTIC_V0_2,needs_review
ENT_AURAE,classical_planet,sun,0,low,Algorithmic seed score from v0.1 category/domains/tags; matched: none.,SRC_INTERNAL_HEURISTIC_V0_2,needs_review
ENT_AURAE,classical_planet,mars,0,low,Algorithmic seed score from v0.1 category/domains/tags; matched: none.,SRC_INTERNAL_HEURISTIC_V0_2,needs_review
ENT_AURAE,classical_planet,jupiter,0,low,Algorithmic seed score from v0.1 category/domains/tags; matched: none.,SRC_INTERNAL_HEURISTIC_V0_2,needs_review
ENT_AURAE,classical_planet,saturn,0,low,Algorithmic seed score from v0.1 category/domains/tags; matched: none.,SRC_INTERNAL_HEURISTIC_V0_2,needs_review
ENT_MAENADS,classical_element,earth,2,low,Algorithmic seed score from v0.1 category/domains/tags; matched: nymph.,SRC_INTERNAL_HEURISTIC_V0_2,needs_review
ENT_MAENADS,classical_element,water,0,low,Algorithmic seed score from v0.1 category/domains/tags; matched: none.,SRC_INTERNAL_HEURISTIC_V0_2,needs_review
ENT_MAENADS,classical_element,fire,0,low,Algorithmic seed score from v0.1 category/domains/tags; matched: none.,SRC_INTERNAL_HEURISTIC_V0_2,needs_review
ENT_MAENADS,classical_element,air,0,low,Algorithmic seed score from v0.1 category/domains/tags; matched: none.,SRC_INTERNAL_HEURISTIC_V0_2,needs_review
ENT_MAENADS,classical_planet,moon,0,low,Algorithmic seed score from v0.1 category/domains/tags; matched: none.,SRC_INTERNAL_HEURISTIC_V0_2,needs_review
ENT_MAENADS,classical_planet,mercury,0,low,Algorithmic seed score from v0.1 category/domains/tags; matched: none.,SRC_INTERNAL_HEURISTIC_V0_2,needs_review
ENT_MAENADS,classical_planet,venus,2,low,Algorithmic seed score from v0.1 category/domains/tags; matched: nymph.,SRC_INTERNAL_HEURISTIC_V0_2,needs_review
ENT_MAENADS,classical_planet,sun,0,low,Algorithmic seed score from v0.1 category/domains/tags; matched: none.,SRC_INTERNAL_HEURISTIC_V0_2,needs_review
ENT_MAENADS,classical_planet,mars,0,low,Algorithmic seed score from v0.1 category/domains/tags; matched: none.,SRC_INTERNAL_HEURISTIC_V0_2,needs_review
ENT_MAENADS,classical_planet,jupiter,0,low,Algorithmic seed score from v0.1 category/domains/tags; matched: none.,SRC_INTERNAL_HEURISTIC_V0_2,needs_review
ENT_MAENADS,classical_planet,saturn,0,low,Algorithmic seed score from v0.1 category/domains/tags; matched: none.,SRC_INTERNAL_HEURISTIC_V0_2,needs_review
ENT_THYIADS,classical_element,earth,2,low,Algorithmic seed score from v0.1 category/domains/tags; matched: nymph.,SRC_INTERNAL_HEURISTIC_V0_2,needs_review
ENT_THYIADS,classical_element,water,0,low,Algorithmic seed score from v0.1 category/domains/tags; matched: none.,SRC_INTERNAL_HEURISTIC_V0_2,needs_review
ENT_THYIADS,classical_element,fire,0,low,Algorithmic seed score from v0.1 category/domains/tags; matched: none.,SRC_INTERNAL_HEURISTIC_V0_2,needs_review
ENT_THYIADS,classical_element,air,0,low,Algorithmic seed score from v0.1 category/domains/tags; matched: none.,SRC_INTERNAL_HEURISTIC_V0_2,needs_review
ENT_THYIADS,classical_planet,moon,0,low,Algorithmic seed score from v0.1 category/domains/tags; matched: none.,SRC_INTERNAL_HEURISTIC_V0_2,needs_review
ENT_THYIADS,classical_planet,mercury,0,low,Algorithmic seed score from v0.1 category/domains/tags; matched: none.,SRC_INTERNAL_HEURISTIC_V0_2,needs_review
ENT_THYIADS,classical_planet,venus,2,low,Algorithmic seed score from v0.1 category/domains/tags; matched: nymph.,SRC_INTERNAL_HEURISTIC_V0_2,needs_review
ENT_THYIADS,classical_planet,sun,0,low,Algorithmic seed score from v0.1 category/domains/tags; matched: none.,SRC_INTERNAL_HEURISTIC_V0_2,needs_review
ENT_THYIADS,classical_planet,mars,0,low,Algorithmic seed score from v0.1 category/domains/tags; matched: none.,SRC_INTERNAL_HEURISTIC_V0_2,needs_review
ENT_THYIADS,classical_planet,jupiter,0,low,Algorithmic seed score from v0.1 category/domains/tags; matched: none.,SRC_INTERNAL_HEURISTIC_V0_2,needs_review
ENT_THYIADS,classical_planet,saturn,0,low,Algorithmic seed score from v0.1 category/domains/tags; matched: none.,SRC_INTERNAL_HEURISTIC_V0_2,needs_review
ENT_CRENAIAE,classical_element,earth,2,low,Algorithmic seed score from v0.1 category/domains/tags; matched: nymph.,SRC_INTERNAL_HEURISTIC_V0_2,needs_review
ENT_CRENAIAE,classical_element,water,5,medium,"Algorithmic seed score from v0.1 category/domains/tags; matched: water, freshwater.",SRC_INTERNAL_HEURISTIC_V0_2,needs_review
ENT_CRENAIAE,classical_element,fire,0,low,Algorithmic seed score from v0.1 category/domains/tags; matched: none.,SRC_INTERNAL_HEURISTIC_V0_2,needs_review
ENT_CRENAIAE,classical_element,air,0,low,Algorithmic seed score from v0.1 category/domains/tags; matched: none.,SRC_INTERNAL_HEURISTIC_V0_2,needs_review
ENT_CRENAIAE,classical_planet,moon,0,low,Algorithmic seed score from v0.1 category/domains/tags; matched: none.,SRC_INTERNAL_HEURISTIC_V0_2,needs_review
ENT_CRENAIAE,classical_planet,mercury,0,low,Algorithmic seed score from v0.1 category/domains/tags; matched: none.,SRC_INTERNAL_HEURISTIC_V0_2,needs_review
ENT_CRENAIAE,classical_planet,venus,2,low,Algorithmic seed score from v0.1 category/domains/tags; matched: nymph.,SRC_INTERNAL_HEURISTIC_V0_2,needs_review
ENT_CRENAIAE,classical_planet,sun,0,low,Algorithmic seed score from v0.1 category/domains/tags; matched: none.,SRC_INTERNAL_HEURISTIC_V0_2,needs_review
ENT_CRENAIAE,classical_planet,mars,0,low,Algorithmic seed score from v0.1 category/domains/tags; matched: none.,SRC_INTERNAL_HEURISTIC_V0_2,needs_review
ENT_CRENAIAE,classical_planet,jupiter,0,low,Algorithmic seed score from v0.1 category/domains/tags; matched: none.,SRC_INTERNAL_HEURISTIC_V0_2,needs_review
ENT_CRENAIAE,classical_planet,saturn,0,low,Algorithmic seed score from v0.1 category/domains/tags; matched: none.,SRC_INTERNAL_HEURISTIC_V0_2,needs_review
ENT_HELEIONOMAI,classical_element,earth,5,medium,Algorithmic seed score from v0.1 category/domains/tags; matched: nymph.,SRC_INTERNAL_HEURISTIC_V0_2,needs_review
ENT_HELEIONOMAI,classical_element,water,0,low,Algorithmic seed score from v0.1 category/domains/tags; matched: none.,SRC_INTERNAL_HEURISTIC_V0_2,needs_review
ENT_HELEIONOMAI,classical_element,fire,0,low,Algorithmic seed score from v0.1 category/domains/tags; matched: none.,SRC_INTERNAL_HEURISTIC_V0_2,needs_review
ENT_HELEIONOMAI,classical_element,air,0,low,Algorithmic seed score from v0.1 category/domains/tags; matched: none.,SRC_INTERNAL_HEURISTIC_V0_2,needs_review
ENT_HELEIONOMAI,classical_planet,moon,0,low,Algorithmic seed score from v0.1 category/domains/tags; matched: none.,SRC_INTERNAL_HEURISTIC_V0_2,needs_review
ENT_HELEIONOMAI,classical_planet,mercury,0,low,Algorithmic seed score from v0.1 category/domains/tags; matched: none.,SRC_INTERNAL_HEURISTIC_V0_2,needs_review
ENT_HELEIONOMAI,classical_planet,venus,2,low,Algorithmic seed score from v0.1 category/domains/tags; matched: nymph.,SRC_INTERNAL_HEURISTIC_V0_2,needs_review
ENT_HELEIONOMAI,classical_planet,sun,0,low,Algorithmic seed score from v0.1 category/domains/tags; matched: none.,SRC_INTERNAL_HEURISTIC_V0_2,needs_review
ENT_HELEIONOMAI,classical_planet,mars,0,low,Algorithmic seed score from v0.1 category/domains/tags; matched: none.,SRC_INTERNAL_HEURISTIC_V0_2,needs_review
ENT_HELEIONOMAI,classical_planet,jupiter,0,low,Algorithmic seed score from v0.1 category/domains/tags; matched: none.,SRC_INTERNAL_HEURISTIC_V0_2,needs_review
ENT_HELEIONOMAI,classical_planet,saturn,0,low,Algorithmic seed score from v0.1 category/domains/tags; matched: none.,SRC_INTERNAL_HEURISTIC_V0_2,needs_review
ENT_PEGAEAE,classical_element,earth,2,low,Algorithmic seed score from v0.1 category/domains/tags; matched: nymph.,SRC_INTERNAL_HEURISTIC_V0_2,needs_review
ENT_PEGAEAE,classical_element,water,5,medium,"Algorithmic seed score from v0.1 category/domains/tags; matched: water, freshwater, spring.",SRC_INTERNAL_HEURISTIC_V0_2,needs_review
ENT_PEGAEAE,classical_element,fire,0,low,Algorithmic seed score from v0.1 category/domains/tags; matched: none.,SRC_INTERNAL_HEURISTIC_V0_2,needs_review
ENT_PEGAEAE,classical_element,air,0,low,Algorithmic seed score from v0.1 category/domains/tags; matched: none.,SRC_INTERNAL_HEURISTIC_V0_2,needs_review
ENT_PEGAEAE,classical_planet,moon,0,low,Algorithmic seed score from v0.1 category/domains/tags; matched: none.,SRC_INTERNAL_HEURISTIC_V0_2,needs_review
ENT_PEGAEAE,classical_planet,mercury,0,low,Algorithmic seed score from v0.1 category/domains/tags; matched: none.,SRC_INTERNAL_HEURISTIC_V0_2,needs_review
ENT_PEGAEAE,classical_planet,venus,2,low,Algorithmic seed score from v0.1 category/domains/tags; matched: nymph.,SRC_INTERNAL_HEURISTIC_V0_2,needs_review
ENT_PEGAEAE,classical_planet,sun,0,low,Algorithmic seed score from v0.1 category/domains/tags; matched: none.,SRC_INTERNAL_HEURISTIC_V0_2,needs_review
ENT_PEGAEAE,classical_planet,mars,0,low,Algorithmic seed score from v0.1 category/domains/tags; matched: none.,SRC_INTERNAL_HEURISTIC_V0_2,needs_review
ENT_PEGAEAE,classical_planet,jupiter,0,low,Algorithmic seed score from v0.1 category/domains/tags; matched: none.,SRC_INTERNAL_HEURISTIC_V0_2,needs_review
ENT_PEGAEAE,classical_planet,saturn,0,low,Algorithmic seed score from v0.1 category/domains/tags; matched: none.,SRC_INTERNAL_HEURISTIC_V0_2,needs_review
ENT_POTAMEIDES,classical_element,earth,2,low,"Algorithmic seed score from v0.1 category/domains/tags; matched: nymph, river.",SRC_INTERNAL_HEURISTIC_V0_2,needs_review
ENT_POTAMEIDES,classical_element,water,5,medium,"Algorithmic seed score from v0.1 category/domains/tags; matched: river, water, freshwater.",SRC_INTERNAL_HEURISTIC_V0_2,needs_review
ENT_POTAMEIDES,classical_element,fire,0,low,Algorithmic seed score from v0.1 category/domains/tags; matched: none.,SRC_INTERNAL_HEURISTIC_V0_2,needs_review
ENT_POTAMEIDES,classical_element,air,0,low,Algorithmic seed score from v0.1 category/domains/tags; matched: none.,SRC_INTERNAL_HEURISTIC_V0_2,needs_review
ENT_POTAMEIDES,classical_planet,moon,0,low,Algorithmic seed score from v0.1 category/domains/tags; matched: none.,SRC_INTERNAL_HEURISTIC_V0_2,needs_review
ENT_POTAMEIDES,classical_planet,mercury,0,low,Algorithmic seed score from v0.1 category/domains/tags; matched: none.,SRC_INTERNAL_HEURISTIC_V0_2,needs_review
ENT_POTAMEIDES,classical_planet,venus,2,low,Algorithmic seed score from v0.1 category/domains/tags; matched: nymph.,SRC_INTERNAL_HEURISTIC_V0_2,needs_review
ENT_POTAMEIDES,classical_planet,sun,0,low,Algorithmic seed score from v0.1 category/domains/tags; matched: none.,SRC_INTERNAL_HEURISTIC_V0_2,needs_review
ENT_POTAMEIDES,classical_planet,mars,0,low,Algorithmic seed score from v0.1 category/domains/tags; matched: none.,SRC_INTERNAL_HEURISTIC_V0_2,needs_review
ENT_POTAMEIDES,classical_planet,jupiter,0,low,Algorithmic seed score from v0.1 category/domains/tags; matched: none.,SRC_INTERNAL_HEURISTIC_V0_2,needs_review
ENT_POTAMEIDES,classical_planet,saturn,0,low,Algorithmic seed score from v0.1 category/domains/tags; matched: none.,SRC_INTERNAL_HEURISTIC_V0_2,needs_review
ENT_ARISTAEUS,classical_element,earth,5,medium,"Algorithmic seed score from v0.1 category/domains/tags; matched: agriculture, rustic.",SRC_INTERNAL_HEURISTIC_V0_2,needs_review
ENT_ARISTAEUS,classical_element,water,0,low,Algorithmic seed score from v0.1 category/domains/tags; matched: none.,SRC_INTERNAL_HEURISTIC_V0_2,needs_review
ENT_ARISTAEUS,classical_element,fire,0,low,Algorithmic seed score from v0.1 category/domains/tags; matched: none.,SRC_INTERNAL_HEURISTIC_V0_2,needs_review
ENT_ARISTAEUS,classical_element,air,0,low,Algorithmic seed score from v0.1 category/domains/tags; matched: none.,SRC_INTERNAL_HEURISTIC_V0_2,needs_review
ENT_ARISTAEUS,classical_planet,moon,3,low,Algorithmic seed score from v0.1 category/domains/tags; matched: hunt.,SRC_INTERNAL_HEURISTIC_V0_2,needs_review
ENT_ARISTAEUS,classical_planet,mercury,0,low,Algorithmic seed score from v0.1 category/domains/tags; matched: none.,SRC_INTERNAL_HEURISTIC_V0_2,needs_review
ENT_ARISTAEUS,classical_planet,venus,0,low,Algorithmic seed score from v0.1 category/domains/tags; matched: none.,SRC_INTERNAL_HEURISTIC_V0_2,needs_review
ENT_ARISTAEUS,classical_planet,sun,0,low,Algorithmic seed score from v0.1 category/domains/tags; matched: none.,SRC_INTERNAL_HEURISTIC_V0_2,needs_review
ENT_ARISTAEUS,classical_planet,mars,0,low,Algorithmic seed score from v0.1 category/domains/tags; matched: none.,SRC_INTERNAL_HEURISTIC_V0_2,needs_review
ENT_ARISTAEUS,classical_planet,jupiter,5,medium,Algorithmic seed score from v0.1 category/domains/tags; matched: king.,SRC_INTERNAL_HEURISTIC_V0_2,needs_review
ENT_ARISTAEUS,classical_planet,saturn,3,low,Algorithmic seed score from v0.1 category/domains/tags; matched: agriculture.,SRC_INTERNAL_HEURISTIC_V0_2,needs_review
ENT_PRIAPUS,classical_element,earth,5,medium,"Algorithmic seed score from v0.1 category/domains/tags; matched: fertility, rustic.",SRC_INTERNAL_HEURISTIC_V0_2,needs_review
ENT_PRIAPUS,classical_element,water,0,low,Algorithmic seed score from v0.1 category/domains/tags; matched: none.,SRC_INTERNAL_HEURISTIC_V0_2,needs_review
ENT_PRIAPUS,classical_element,fire,0,low,Algorithmic seed score from v0.1 category/domains/tags; matched: none.,SRC_INTERNAL_HEURISTIC_V0_2,needs_review
ENT_PRIAPUS,classical_element,air,0,low,Algorithmic seed score from v0.1 category/domains/tags; matched: none.,SRC_INTERNAL_HEURISTIC_V0_2,needs_review
ENT_PRIAPUS,classical_planet,moon,0,low,Algorithmic seed score from v0.1 category/domains/tags; matched: none.,SRC_INTERNAL_HEURISTIC_V0_2,needs_review
ENT_PRIAPUS,classical_planet,mercury,0,low,Algorithmic seed score from v0.1 category/domains/tags; matched: none.,SRC_INTERNAL_HEURISTIC_V0_2,needs_review
ENT_PRIAPUS,classical_planet,venus,4,medium,Algorithmic seed score from v0.1 category/domains/tags; matched: fertility.,SRC_INTERNAL_HEURISTIC_V0_2,needs_review
ENT_PRIAPUS,classical_planet,sun,0,low,Algorithmic seed score from v0.1 category/domains/tags; matched: none.,SRC_INTERNAL_HEURISTIC_V0_2,needs_review
ENT_PRIAPUS,classical_planet,mars,0,low,Algorithmic seed score from v0.1 category/domains/tags; matched: none.,SRC_INTERNAL_HEURISTIC_V0_2,needs_review
ENT_PRIAPUS,classical_planet,jupiter,0,low,Algorithmic seed score from v0.1 category/domains/tags; matched: none.,SRC_INTERNAL_HEURISTIC_V0_2,needs_review
ENT_PRIAPUS,classical_planet,saturn,0,low,Algorithmic seed score from v0.1 category/domains/tags; matched: none.,SRC_INTERNAL_HEURISTIC_V0_2,needs_review
ENT_HERMAPHRODITUS,classical_element,earth,3,low,Algorithmic seed score from v0.1 category/domains/tags; matched: rustic.,SRC_INTERNAL_HEURISTIC_V0_2,needs_review
ENT_HERMAPHRODITUS,classical_element,water,0,low,Algorithmic seed score from v0.1 category/domains/tags; matched: none.,SRC_INTERNAL_HEURISTIC_V0_2,needs_review
ENT_HERMAPHRODITUS,classical_element,fire,0,low,Algorithmic seed score from v0.1 category/domains/tags; matched: none.,SRC_INTERNAL_HEURISTIC_V0_2,needs_review
ENT_HERMAPHRODITUS,classical_element,air,0,low,Algorithmic seed score from v0.1 category/domains/tags; matched: none.,SRC_INTERNAL_HEURISTIC_V0_2,needs_review
ENT_HERMAPHRODITUS,classical_planet,moon,0,low,Algorithmic seed score from v0.1 category/domains/tags; matched: none.,SRC_INTERNAL_HEURISTIC_V0_2,needs_review
ENT_HERMAPHRODITUS,classical_planet,mercury,0,low,Algorithmic seed score from v0.1 category/domains/tags; matched: none.,SRC_INTERNAL_HEURISTIC_V0_2,needs_review
ENT_HERMAPHRODITUS,classical_planet,venus,0,low,Algorithmic seed score from v0.1 category/domains/tags; matched: none.,SRC_INTERNAL_HEURISTIC_V0_2,needs_review
ENT_HERMAPHRODITUS,classical_planet,sun,0,low,Algorithmic seed score from v0.1 category/domains/tags; matched: none.,SRC_INTERNAL_HEURISTIC_V0_2,needs_review
ENT_HERMAPHRODITUS,classical_planet,mars,0,low,Algorithmic seed score from v0.1 category/domains/tags; matched: none.,SRC_INTERNAL_HEURISTIC_V0_2,needs_review
ENT_HERMAPHRODITUS,classical_planet,jupiter,0,low,Algorithmic seed score from v0.1 category/domains/tags; matched: none.,SRC_INTERNAL_HEURISTIC_V0_2,needs_review
ENT_HERMAPHRODITUS,classical_planet,saturn,0,low,Algorithmic seed score from v0.1 category/domains/tags; matched: none.,SRC_INTERNAL_HEURISTIC_V0_2,needs_review
ENT_ARIADNE,classical_element,earth,3,low,Algorithmic seed score from v0.1 category/domains/tags; matched: rustic.,SRC_INTERNAL_HEURISTIC_V0_2,needs_review
ENT_ARIADNE,classical_element,water,0,low,Algorithmic seed score from v0.1 category/domains/tags; matched: none.,SRC_INTERNAL_HEURISTIC_V0_2,needs_review
ENT_ARIADNE,classical_element,fire,0,low,Algorithmic seed score from v0.1 category/domains/tags; matched: none.,SRC_INTERNAL_HEURISTIC_V0_2,needs_review
ENT_ARIADNE,classical_element,air,0,low,Algorithmic seed score from v0.1 category/domains/tags; matched: none.,SRC_INTERNAL_HEURISTIC_V0_2,needs_review
ENT_ARIADNE,classical_planet,moon,0,low,Algorithmic seed score from v0.1 category/domains/tags; matched: none.,SRC_INTERNAL_HEURISTIC_V0_2,needs_review
ENT_ARIADNE,classical_planet,mercury,0,low,Algorithmic seed score from v0.1 category/domains/tags; matched: none.,SRC_INTERNAL_HEURISTIC_V0_2,needs_review
ENT_ARIADNE,classical_planet,venus,0,low,Algorithmic seed score from v0.1 category/domains/tags; matched: none.,SRC_INTERNAL_HEURISTIC_V0_2,needs_review
ENT_ARIADNE,classical_planet,sun,0,low,Algorithmic seed score from v0.1 category/domains/tags; matched: none.,SRC_INTERNAL_HEURISTIC_V0_2,needs_review
ENT_ARIADNE,classical_planet,mars,0,low,Algorithmic seed score from v0.1 category/domains/tags; matched: none.,SRC_INTERNAL_HEURISTIC_V0_2,needs_review
ENT_ARIADNE,classical_planet,jupiter,0,low,Algorithmic seed score from v0.1 category/domains/tags; matched: none.,SRC_INTERNAL_HEURISTIC_V0_2,needs_review
ENT_ARIADNE,classical_planet,saturn,0,low,Algorithmic seed score from v0.1 category/domains/tags; matched: none.,SRC_INTERNAL_HEURISTIC_V0_2,needs_review
ENT_PSYCHE,classical_element,earth,3,low,Algorithmic seed score from v0.1 category/domains/tags; matched: rustic.,SRC_INTERNAL_HEURISTIC_V0_2,needs_review
ENT_PSYCHE,classical_element,water,0,low,Algorithmic seed score from v0.1 category/domains/tags; matched: none.,SRC_INTERNAL_HEURISTIC_V0_2,needs_review
ENT_PSYCHE,classical_element,fire,0,low,Algorithmic seed score from v0.1 category/domains/tags; matched: none.,SRC_INTERNAL_HEURISTIC_V0_2,needs_review
ENT_PSYCHE,classical_element,air,0,low,Algorithmic seed score from v0.1 category/domains/tags; matched: none.,SRC_INTERNAL_HEURISTIC_V0_2,needs_review
ENT_PSYCHE,classical_planet,moon,0,low,Algorithmic seed score from v0.1 category/domains/tags; matched: none.,SRC_INTERNAL_HEURISTIC_V0_2,needs_review
ENT_PSYCHE,classical_planet,mercury,0,low,Algorithmic seed score from v0.1 category/domains/tags; matched: none.,SRC_INTERNAL_HEURISTIC_V0_2,needs_review
ENT_PSYCHE,classical_planet,venus,0,low,Algorithmic seed score from v0.1 category/domains/tags; matched: none.,SRC_INTERNAL_HEURISTIC_V0_2,needs_review
ENT_PSYCHE,classical_planet,sun,0,low,Algorithmic seed score from v0.1 category/domains/tags; matched: none.,SRC_INTERNAL_HEURISTIC_V0_2,needs_review
ENT_PSYCHE,classical_planet,mars,0,low,Algorithmic seed score from v0.1 category/domains/tags; matched: none.,SRC_INTERNAL_HEURISTIC_V0_2,needs_review
ENT_PSYCHE,classical_planet,jupiter,0,low,Algorithmic seed score from v0.1 category/domains/tags; matched: none.,SRC_INTERNAL_HEURISTIC_V0_2,needs_review
ENT_PSYCHE,classical_planet,saturn,0,low,Algorithmic seed score from v0.1 category/domains/tags; matched: none.,SRC_INTERNAL_HEURISTIC_V0_2,needs_review
ENT_GANYMEDE,classical_element,earth,3,low,Algorithmic seed score from v0.1 category/domains/tags; matched: rustic.,SRC_INTERNAL_HEURISTIC_V0_2,needs_review
ENT_GANYMEDE,classical_element,water,0,low,Algorithmic seed score from v0.1 category/domains/tags; matched: none.,SRC_INTERNAL_HEURISTIC_V0_2,needs_review
ENT_GANYMEDE,classical_element,fire,0,low,Algorithmic seed score from v0.1 category/domains/tags; matched: none.,SRC_INTERNAL_HEURISTIC_V0_2,needs_review
ENT_GANYMEDE,classical_element,air,0,low,Algorithmic seed score from v0.1 category/domains/tags; matched: none.,SRC_INTERNAL_HEURISTIC_V0_2,needs_review
ENT_GANYMEDE,classical_planet,moon,0,low,Algorithmic seed score from v0.1 category/domains/tags; matched: none.,SRC_INTERNAL_HEURISTIC_V0_2,needs_review
ENT_GANYMEDE,classical_planet,mercury,0,low,Algorithmic seed score from v0.1 category/domains/tags; matched: none.,SRC_INTERNAL_HEURISTIC_V0_2,needs_review
ENT_GANYMEDE,classical_planet,venus,0,low,Algorithmic seed score from v0.1 category/domains/tags; matched: none.,SRC_INTERNAL_HEURISTIC_V0_2,needs_review
ENT_GANYMEDE,classical_planet,sun,0,low,Algorithmic seed score from v0.1 category/domains/tags; matched: none.,SRC_INTERNAL_HEURISTIC_V0_2,needs_review
ENT_GANYMEDE,classical_planet,mars,0,low,Algorithmic seed score from v0.1 category/domains/tags; matched: none.,SRC_INTERNAL_HEURISTIC_V0_2,needs_review
ENT_GANYMEDE,classical_planet,jupiter,0,low,Algorithmic seed score from v0.1 category/domains/tags; matched: none.,SRC_INTERNAL_HEURISTIC_V0_2,needs_review
ENT_GANYMEDE,classical_planet,saturn,0,low,Algorithmic seed score from v0.1 category/domains/tags; matched: none.,SRC_INTERNAL_HEURISTIC_V0_2,needs_review
ENT_TITHONUS,classical_element,earth,3,low,Algorithmic seed score from v0.1 category/domains/tags; matched: rustic.,SRC_INTERNAL_HEURISTIC_V0_2,needs_review
ENT_TITHONUS,classical_element,water,0,low,Algorithmic seed score from v0.1 category/domains/tags; matched: none.,SRC_INTERNAL_HEURISTIC_V0_2,needs_review
ENT_TITHONUS,classical_element,fire,0,low,Algorithmic seed score from v0.1 category/domains/tags; matched: none.,SRC_INTERNAL_HEURISTIC_V0_2,needs_review
ENT_TITHONUS,classical_element,air,0,low,Algorithmic seed score from v0.1 category/domains/tags; matched: none.,SRC_INTERNAL_HEURISTIC_V0_2,needs_review
ENT_TITHONUS,classical_planet,moon,0,low,Algorithmic seed score from v0.1 category/domains/tags; matched: none.,SRC_INTERNAL_HEURISTIC_V0_2,needs_review
ENT_TITHONUS,classical_planet,mercury,0,low,Algorithmic seed score from v0.1 category/domains/tags; matched: none.,SRC_INTERNAL_HEURISTIC_V0_2,needs_review
ENT_TITHONUS,classical_planet,venus,0,low,Algorithmic seed score from v0.1 category/domains/tags; matched: none.,SRC_INTERNAL_HEURISTIC_V0_2,needs_review
ENT_TITHONUS,classical_planet,sun,0,low,Algorithmic seed score from v0.1 category/domains/tags; matched: none.,SRC_INTERNAL_HEURISTIC_V0_2,needs_review
ENT_TITHONUS,classical_planet,mars,0,low,Algorithmic seed score from v0.1 category/domains/tags; matched: none.,SRC_INTERNAL_HEURISTIC_V0_2,needs_review
ENT_TITHONUS,classical_planet,jupiter,0,low,Algorithmic seed score from v0.1 category/domains/tags; matched: none.,SRC_INTERNAL_HEURISTIC_V0_2,needs_review
ENT_TITHONUS,classical_planet,saturn,0,low,Algorithmic seed score from v0.1 category/domains/tags; matched: none.,SRC_INTERNAL_HEURISTIC_V0_2,needs_review
ENT_INO_LEUCOTHEA,classical_element,earth,3,low,Algorithmic seed score from v0.1 category/domains/tags; matched: rustic.,SRC_INTERNAL_HEURISTIC_V0_2,needs_review
ENT_INO_LEUCOTHEA,classical_element,water,5,medium,Algorithmic seed score from v0.1 category/domains/tags; matched: sea.,SRC_INTERNAL_HEURISTIC_V0_2,needs_review
ENT_INO_LEUCOTHEA,classical_element,fire,0,low,Algorithmic seed score from v0.1 category/domains/tags; matched: none.,SRC_INTERNAL_HEURISTIC_V0_2,needs_review
ENT_INO_LEUCOTHEA,classical_element,air,0,low,Algorithmic seed score from v0.1 category/domains/tags; matched: none.,SRC_INTERNAL_HEURISTIC_V0_2,needs_review
ENT_INO_LEUCOTHEA,classical_planet,moon,0,low,Algorithmic seed score from v0.1 category/domains/tags; matched: none.,SRC_INTERNAL_HEURISTIC_V0_2,needs_review
ENT_INO_LEUCOTHEA,classical_planet,mercury,0,low,Algorithmic seed score from v0.1 category/domains/tags; matched: none.,SRC_INTERNAL_HEURISTIC_V0_2,needs_review
ENT_INO_LEUCOTHEA,classical_planet,venus,0,low,Algorithmic seed score from v0.1 category/domains/tags; matched: none.,SRC_INTERNAL_HEURISTIC_V0_2,needs_review
ENT_INO_LEUCOTHEA,classical_planet,sun,0,low,Algorithmic seed score from v0.1 category/domains/tags; matched: none.,SRC_INTERNAL_HEURISTIC_V0_2,needs_review
ENT_INO_LEUCOTHEA,classical_planet,mars,0,low,Algorithmic seed score from v0.1 category/domains/tags; matched: none.,SRC_INTERNAL_HEURISTIC_V0_2,needs_review
ENT_INO_LEUCOTHEA,classical_planet,jupiter,0,low,Algorithmic seed score from v0.1 category/domains/tags; matched: none.,SRC_INTERNAL_HEURISTIC_V0_2,needs_review
ENT_INO_LEUCOTHEA,classical_planet,saturn,0,low,Algorithmic seed score from v0.1 category/domains/tags; matched: none.,SRC_INTERNAL_HEURISTIC_V0_2,needs_review
ENT_MELICERTES_PALAEMON,classical_element,earth,3,low,Algorithmic seed score from v0.1 category/domains/tags; matched: rustic.,SRC_INTERNAL_HEURISTIC_V0_2,needs_review
ENT_MELICERTES_PALAEMON,classical_element,water,5,medium,Algorithmic seed score from v0.1 category/domains/tags; matched: sea.,SRC_INTERNAL_HEURISTIC_V0_2,needs_review
ENT_MELICERTES_PALAEMON,classical_element,fire,0,low,Algorithmic seed score from v0.1 category/domains/tags; matched: none.,SRC_INTERNAL_HEURISTIC_V0_2,needs_review
ENT_MELICERTES_PALAEMON,classical_element,air,0,low,Algorithmic seed score from v0.1 category/domains/tags; matched: none.,SRC_INTERNAL_HEURISTIC_V0_2,needs_review
ENT_MELICERTES_PALAEMON,classical_planet,moon,0,low,Algorithmic seed score from v0.1 category/domains/tags; matched: none.,SRC_INTERNAL_HEURISTIC_V0_2,needs_review
ENT_MELICERTES_PALAEMON,classical_planet,mercury,0,low,Algorithmic seed score from v0.1 category/domains/tags; matched: none.,SRC_INTERNAL_HEURISTIC_V0_2,needs_review
ENT_MELICERTES_PALAEMON,classical_planet,venus,0,low,Algorithmic seed score from v0.1 category/domains/tags; matched: none.,SRC_INTERNAL_HEURISTIC_V0_2,needs_review
ENT_MELICERTES_PALAEMON,classical_planet,sun,0,low,Algorithmic seed score from v0.1 category/domains/tags; matched: none.,SRC_INTERNAL_HEURISTIC_V0_2,needs_review
ENT_MELICERTES_PALAEMON,classical_planet,mars,0,low,Algorithmic seed score from v0.1 category/domains/tags; matched: none.,SRC_INTERNAL_HEURISTIC_V0_2,needs_review
ENT_MELICERTES_PALAEMON,classical_planet,jupiter,0,low,Algorithmic seed score from v0.1 category/domains/tags; matched: none.,SRC_INTERNAL_HEURISTIC_V0_2,needs_review
ENT_MELICERTES_PALAEMON,classical_planet,saturn,0,low,Algorithmic seed score from v0.1 category/domains/tags; matched: none.,SRC_INTERNAL_HEURISTIC_V0_2,needs_review
ENT_SABAZIOS,classical_element,earth,3,low,"Algorithmic seed score from v0.1 category/domains/tags; matched: fertility, rustic.",SRC_INTERNAL_HEURISTIC_V0_2,needs_review
ENT_SABAZIOS,classical_element,water,0,low,Algorithmic seed score from v0.1 category/domains/tags; matched: none.,SRC_INTERNAL_HEURISTIC_V0_2,needs_review
ENT_SABAZIOS,classical_element,fire,0,low,Algorithmic seed score from v0.1 category/domains/tags; matched: none.,SRC_INTERNAL_HEURISTIC_V0_2,needs_review
ENT_SABAZIOS,classical_element,air,0,low,Algorithmic seed score from v0.1 category/domains/tags; matched: none.,SRC_INTERNAL_HEURISTIC_V0_2,needs_review
ENT_SABAZIOS,classical_planet,moon,0,low,Algorithmic seed score from v0.1 category/domains/tags; matched: none.,SRC_INTERNAL_HEURISTIC_V0_2,needs_review
ENT_SABAZIOS,classical_planet,mercury,0,low,Algorithmic seed score from v0.1 category/domains/tags; matched: none.,SRC_INTERNAL_HEURISTIC_V0_2,needs_review
ENT_SABAZIOS,classical_planet,venus,4,medium,Algorithmic seed score from v0.1 category/domains/tags; matched: fertility.,SRC_INTERNAL_HEURISTIC_V0_2,needs_review
ENT_SABAZIOS,classical_planet,sun,0,low,Algorithmic seed score from v0.1 category/domains/tags; matched: none.,SRC_INTERNAL_HEURISTIC_V0_2,needs_review
ENT_SABAZIOS,classical_planet,mars,0,low,Algorithmic seed score from v0.1 category/domains/tags; matched: none.,SRC_INTERNAL_HEURISTIC_V0_2,needs_review
ENT_SABAZIOS,classical_planet,jupiter,0,low,Algorithmic seed score from v0.1 category/domains/tags; matched: none.,SRC_INTERNAL_HEURISTIC_V0_2,needs_review
ENT_SABAZIOS,classical_planet,saturn,0,low,Algorithmic seed score from v0.1 category/domains/tags; matched: none.,SRC_INTERNAL_HEURISTIC_V0_2,needs_review
ENT_M_N,classical_element,earth,3,low,Algorithmic seed score from v0.1 category/domains/tags; matched: rustic.,SRC_INTERNAL_HEURISTIC_V0_2,needs_review
ENT_M_N,classical_element,water,0,low,Algorithmic seed score from v0.1 category/domains/tags; matched: none.,SRC_INTERNAL_HEURISTIC_V0_2,needs_review
ENT_M_N,classical_element,fire,0,low,Algorithmic seed score from v0.1 category/domains/tags; matched: none.,SRC_INTERNAL_HEURISTIC_V0_2,needs_review
ENT_M_N,classical_element,air,0,low,Algorithmic seed score from v0.1 category/domains/tags; matched: none.,SRC_INTERNAL_HEURISTIC_V0_2,needs_review
ENT_M_N,classical_planet,moon,5,medium,"Algorithmic seed score from v0.1 category/domains/tags; matched: moon, lunar.",SRC_INTERNAL_HEURISTIC_V0_2,needs_review
ENT_M_N,classical_planet,mercury,0,low,Algorithmic seed score from v0.1 category/domains/tags; matched: none.,SRC_INTERNAL_HEURISTIC_V0_2,needs_review
ENT_M_N,classical_planet,venus,0,low,Algorithmic seed score from v0.1 category/domains/tags; matched: none.,SRC_INTERNAL_HEURISTIC_V0_2,needs_review
ENT_M_N,classical_planet,sun,3,low,Algorithmic seed score from v0.1 category/domains/tags; matched: healing.,SRC_INTERNAL_HEURISTIC_V0_2,needs_review
ENT_M_N,classical_planet,mars,0,low,Algorithmic seed score from v0.1 category/domains/tags; matched: none.,SRC_INTERNAL_HEURISTIC_V0_2,needs_review
ENT_M_N,classical_planet,jupiter,4,medium,Algorithmic seed score from v0.1 category/domains/tags; matched: oath.,SRC_INTERNAL_HEURISTIC_V0_2,needs_review
ENT_M_N,classical_planet,saturn,0,low,Algorithmic seed score from v0.1 category/domains/tags; matched: none.,SRC_INTERNAL_HEURISTIC_V0_2,needs_review
ENT_CYBELE,classical_element,earth,5,medium,"Algorithmic seed score from v0.1 category/domains/tags; matched: mountain, fertility, rustic.",SRC_INTERNAL_HEURISTIC_V0_2,needs_review
ENT_CYBELE,classical_element,water,0,low,Algorithmic seed score from v0.1 category/domains/tags; matched: none.,SRC_INTERNAL_HEURISTIC_V0_2,needs_review
ENT_CYBELE,classical_element,fire,0,low,Algorithmic seed score from v0.1 category/domains/tags; matched: none.,SRC_INTERNAL_HEURISTIC_V0_2,needs_review
ENT_CYBELE,classical_element,air,0,low,Algorithmic seed score from v0.1 category/domains/tags; matched: none.,SRC_INTERNAL_HEURISTIC_V0_2,needs_review
ENT_CYBELE,classical_planet,moon,0,low,Algorithmic seed score from v0.1 category/domains/tags; matched: none.,SRC_INTERNAL_HEURISTIC_V0_2,needs_review
ENT_CYBELE,classical_planet,mercury,0,low,Algorithmic seed score from v0.1 category/domains/tags; matched: none.,SRC_INTERNAL_HEURISTIC_V0_2,needs_review
ENT_CYBELE,classical_planet,venus,4,medium,Algorithmic seed score from v0.1 category/domains/tags; matched: fertility.,SRC_INTERNAL_HEURISTIC_V0_2,needs_review
ENT_CYBELE,classical_planet,sun,0,low,Algorithmic seed score from v0.1 category/domains/tags; matched: none.,SRC_INTERNAL_HEURISTIC_V0_2,needs_review
ENT_CYBELE,classical_planet,mars,0,low,Algorithmic seed score from v0.1 category/domains/tags; matched: none.,SRC_INTERNAL_HEURISTIC_V0_2,needs_review
ENT_CYBELE,classical_planet,jupiter,0,low,Algorithmic seed score from v0.1 category/domains/tags; matched: none.,SRC_INTERNAL_HEURISTIC_V0_2,needs_review
ENT_CYBELE,classical_planet,saturn,0,low,Algorithmic seed score from v0.1 category/domains/tags; matched: none.,SRC_INTERNAL_HEURISTIC_V0_2,needs_review
ENT_ATTIS,classical_element,earth,4,medium,Algorithmic seed score from v0.1 category/domains/tags; matched: rustic.,SRC_INTERNAL_HEURISTIC_V0_2,needs_review
ENT_ATTIS,classical_element,water,0,low,Algorithmic seed score from v0.1 category/domains/tags; matched: none.,SRC_INTERNAL_HEURISTIC_V0_2,needs_review
ENT_ATTIS,classical_element,fire,0,low,Algorithmic seed score from v0.1 category/domains/tags; matched: none.,SRC_INTERNAL_HEURISTIC_V0_2,needs_review
ENT_ATTIS,classical_element,air,0,low,Algorithmic seed score from v0.1 category/domains/tags; matched: none.,SRC_INTERNAL_HEURISTIC_V0_2,needs_review
ENT_ATTIS,classical_planet,moon,0,low,Algorithmic seed score from v0.1 category/domains/tags; matched: none.,SRC_INTERNAL_HEURISTIC_V0_2,needs_review
ENT_ATTIS,classical_planet,mercury,0,low,Algorithmic seed score from v0.1 category/domains/tags; matched: none.,SRC_INTERNAL_HEURISTIC_V0_2,needs_review
ENT_ATTIS,classical_planet,venus,0,low,Algorithmic seed score from v0.1 category/domains/tags; matched: none.,SRC_INTERNAL_HEURISTIC_V0_2,needs_review
ENT_ATTIS,classical_planet,sun,0,low,Algorithmic seed score from v0.1 category/domains/tags; matched: none.,SRC_INTERNAL_HEURISTIC_V0_2,needs_review
ENT_ATTIS,classical_planet,mars,0,low,Algorithmic seed score from v0.1 category/domains/tags; matched: none.,SRC_INTERNAL_HEURISTIC_V0_2,needs_review
ENT_ATTIS,classical_planet,jupiter,0,low,Algorithmic seed score from v0.1 category/domains/tags; matched: none.,SRC_INTERNAL_HEURISTIC_V0_2,needs_review
ENT_ATTIS,classical_planet,saturn,4,medium,Algorithmic seed score from v0.1 category/domains/tags; matched: death.,SRC_INTERNAL_HEURISTIC_V0_2,needs_review
ENT_ADONIS,classical_element,earth,4,medium,Algorithmic seed score from v0.1 category/domains/tags; matched: rustic.,SRC_INTERNAL_HEURISTIC_V0_2,needs_review
ENT_ADONIS,classical_element,water,0,low,Algorithmic seed score from v0.1 category/domains/tags; matched: none.,SRC_INTERNAL_HEURISTIC_V0_2,needs_review
ENT_ADONIS,classical_element,fire,0,low,Algorithmic seed score from v0.1 category/domains/tags; matched: none.,SRC_INTERNAL_HEURISTIC_V0_2,needs_review
ENT_ADONIS,classical_element,air,0,low,Algorithmic seed score from v0.1 category/domains/tags; matched: none.,SRC_INTERNAL_HEURISTIC_V0_2,needs_review
ENT_ADONIS,classical_planet,moon,0,low,Algorithmic seed score from v0.1 category/domains/tags; matched: none.,SRC_INTERNAL_HEURISTIC_V0_2,needs_review
ENT_ADONIS,classical_planet,mercury,0,low,Algorithmic seed score from v0.1 category/domains/tags; matched: none.,SRC_INTERNAL_HEURISTIC_V0_2,needs_review
ENT_ADONIS,classical_planet,venus,0,low,Algorithmic seed score from v0.1 category/domains/tags; matched: none.,SRC_INTERNAL_HEURISTIC_V0_2,needs_review
ENT_ADONIS,classical_planet,sun,0,low,Algorithmic seed score from v0.1 category/domains/tags; matched: none.,SRC_INTERNAL_HEURISTIC_V0_2,needs_review
ENT_ADONIS,classical_planet,mars,0,low,Algorithmic seed score from v0.1 category/domains/tags; matched: none.,SRC_INTERNAL_HEURISTIC_V0_2,needs_review
ENT_ADONIS,classical_planet,jupiter,0,low,Algorithmic seed score from v0.1 category/domains/tags; matched: none.,SRC_INTERNAL_HEURISTIC_V0_2,needs_review
ENT_ADONIS,classical_planet,saturn,0,low,Algorithmic seed score from v0.1 category/domains/tags; matched: none.,SRC_INTERNAL_HEURISTIC_V0_2,needs_review
ENT_BENDIS,classical_element,earth,3,low,Algorithmic seed score from v0.1 category/domains/tags; matched: rustic.,SRC_INTERNAL_HEURISTIC_V0_2,needs_review
ENT_BENDIS,classical_element,water,0,low,Algorithmic seed score from v0.1 category/domains/tags; matched: none.,SRC_INTERNAL_HEURISTIC_V0_2,needs_review
ENT_BENDIS,classical_element,fire,0,low,Algorithmic seed score from v0.1 category/domains/tags; matched: none.,SRC_INTERNAL_HEURISTIC_V0_2,needs_review
ENT_BENDIS,classical_element,air,0,low,Algorithmic seed score from v0.1 category/domains/tags; matched: none.,SRC_INTERNAL_HEURISTIC_V0_2,needs_review
ENT_BENDIS,classical_planet,moon,5,medium,"Algorithmic seed score from v0.1 category/domains/tags; matched: moon, hunt.",SRC_INTERNAL_HEURISTIC_V0_2,needs_review
ENT_BENDIS,classical_planet,mercury,0,low,Algorithmic seed score from v0.1 category/domains/tags; matched: none.,SRC_INTERNAL_HEURISTIC_V0_2,needs_review
ENT_BENDIS,classical_planet,venus,0,low,Algorithmic seed score from v0.1 category/domains/tags; matched: none.,SRC_INTERNAL_HEURISTIC_V0_2,needs_review
ENT_BENDIS,classical_planet,sun,0,low,Algorithmic seed score from v0.1 category/domains/tags; matched: none.,SRC_INTERNAL_HEURISTIC_V0_2,needs_review
ENT_BENDIS,classical_planet,mars,0,low,Algorithmic seed score from v0.1 category/domains/tags; matched: none.,SRC_INTERNAL_HEURISTIC_V0_2,needs_review
ENT_BENDIS,classical_planet,jupiter,0,low,Algorithmic seed score from v0.1 category/domains/tags; matched: none.,SRC_INTERNAL_HEURISTIC_V0_2,needs_review
ENT_BENDIS,classical_planet,saturn,0,low,Algorithmic seed score from v0.1 category/domains/tags; matched: none.,SRC_INTERNAL_HEURISTIC_V0_2,needs_review
ENT_COTYS,classical_element,earth,3,low,Algorithmic seed score from v0.1 category/domains/tags; matched: rustic.,SRC_INTERNAL_HEURISTIC_V0_2,needs_review
ENT_COTYS,classical_element,water,0,low,Algorithmic seed score from v0.1 category/domains/tags; matched: none.,SRC_INTERNAL_HEURISTIC_V0_2,needs_review
ENT_COTYS,classical_element,fire,0,low,Algorithmic seed score from v0.1 category/domains/tags; matched: none.,SRC_INTERNAL_HEURISTIC_V0_2,needs_review
ENT_COTYS,classical_element,air,0,low,Algorithmic seed score from v0.1 category/domains/tags; matched: none.,SRC_INTERNAL_HEURISTIC_V0_2,needs_review
ENT_COTYS,classical_planet,moon,0,low,Algorithmic seed score from v0.1 category/domains/tags; matched: none.,SRC_INTERNAL_HEURISTIC_V0_2,needs_review
ENT_COTYS,classical_planet,mercury,0,low,Algorithmic seed score from v0.1 category/domains/tags; matched: none.,SRC_INTERNAL_HEURISTIC_V0_2,needs_review
ENT_COTYS,classical_planet,venus,0,low,Algorithmic seed score from v0.1 category/domains/tags; matched: none.,SRC_INTERNAL_HEURISTIC_V0_2,needs_review
ENT_COTYS,classical_planet,sun,0,low,Algorithmic seed score from v0.1 category/domains/tags; matched: none.,SRC_INTERNAL_HEURISTIC_V0_2,needs_review
ENT_COTYS,classical_planet,mars,0,low,Algorithmic seed score from v0.1 category/domains/tags; matched: none.,SRC_INTERNAL_HEURISTIC_V0_2,needs_review
ENT_COTYS,classical_planet,jupiter,0,low,Algorithmic seed score from v0.1 category/domains/tags; matched: none.,SRC_INTERNAL_HEURISTIC_V0_2,needs_review
ENT_COTYS,classical_planet,saturn,0,low,Algorithmic seed score from v0.1 category/domains/tags; matched: none.,SRC_INTERNAL_HEURISTIC_V0_2,needs_review
ENT_DIONE_341,classical_element,earth,3,low,Algorithmic seed score from v0.1 category/domains/tags; matched: rustic.,SRC_INTERNAL_HEURISTIC_V0_2,needs_review
ENT_DIONE_341,classical_element,water,0,low,Algorithmic seed score from v0.1 category/domains/tags; matched: none.,SRC_INTERNAL_HEURISTIC_V0_2,needs_review
ENT_DIONE_341,classical_element,fire,0,low,Algorithmic seed score from v0.1 category/domains/tags; matched: none.,SRC_INTERNAL_HEURISTIC_V0_2,needs_review
ENT_DIONE_341,classical_element,air,0,low,Algorithmic seed score from v0.1 category/domains/tags; matched: none.,SRC_INTERNAL_HEURISTIC_V0_2,needs_review
ENT_DIONE_341,classical_planet,moon,0,low,Algorithmic seed score from v0.1 category/domains/tags; matched: none.,SRC_INTERNAL_HEURISTIC_V0_2,needs_review
ENT_DIONE_341,classical_planet,mercury,0,low,Algorithmic seed score from v0.1 category/domains/tags; matched: none.,SRC_INTERNAL_HEURISTIC_V0_2,needs_review
ENT_DIONE_341,classical_planet,venus,0,low,Algorithmic seed score from v0.1 category/domains/tags; matched: none.,SRC_INTERNAL_HEURISTIC_V0_2,needs_review
ENT_DIONE_341,classical_planet,sun,0,low,Algorithmic seed score from v0.1 category/domains/tags; matched: none.,SRC_INTERNAL_HEURISTIC_V0_2,needs_review
ENT_DIONE_341,classical_planet,mars,0,low,Algorithmic seed score from v0.1 category/domains/tags; matched: none.,SRC_INTERNAL_HEURISTIC_V0_2,needs_review
ENT_DIONE_341,classical_planet,jupiter,0,low,Algorithmic seed score from v0.1 category/domains/tags; matched: none.,SRC_INTERNAL_HEURISTIC_V0_2,needs_review
ENT_DIONE_341,classical_planet,saturn,0,low,Algorithmic seed score from v0.1 category/domains/tags; matched: none.,SRC_INTERNAL_HEURISTIC_V0_2,needs_review
ENT_THEMIS_AT_DELPHI,classical_element,earth,3,low,Algorithmic seed score from v0.1 category/domains/tags; matched: rustic.,SRC_INTERNAL_HEURISTIC_V0_2,needs_review
ENT_THEMIS_AT_DELPHI,classical_element,water,0,low,Algorithmic seed score from v0.1 category/domains/tags; matched: none.,SRC_INTERNAL_HEURISTIC_V0_2,needs_review
ENT_THEMIS_AT_DELPHI,classical_element,fire,0,low,Algorithmic seed score from v0.1 category/domains/tags; matched: none.,SRC_INTERNAL_HEURISTIC_V0_2,needs_review
ENT_THEMIS_AT_DELPHI,classical_element,air,0,low,Algorithmic seed score from v0.1 category/domains/tags; matched: none.,SRC_INTERNAL_HEURISTIC_V0_2,needs_review
ENT_THEMIS_AT_DELPHI,classical_planet,moon,0,low,Algorithmic seed score from v0.1 category/domains/tags; matched: none.,SRC_INTERNAL_HEURISTIC_V0_2,needs_review
ENT_THEMIS_AT_DELPHI,classical_planet,mercury,0,low,Algorithmic seed score from v0.1 category/domains/tags; matched: none.,SRC_INTERNAL_HEURISTIC_V0_2,needs_review
ENT_THEMIS_AT_DELPHI,classical_planet,venus,0,low,Algorithmic seed score from v0.1 category/domains/tags; matched: none.,SRC_INTERNAL_HEURISTIC_V0_2,needs_review
ENT_THEMIS_AT_DELPHI,classical_planet,sun,0,low,Algorithmic seed score from v0.1 category/domains/tags; matched: none.,SRC_INTERNAL_HEURISTIC_V0_2,needs_review
ENT_THEMIS_AT_DELPHI,classical_planet,mars,0,low,Algorithmic seed score from v0.1 category/domains/tags; matched: none.,SRC_INTERNAL_HEURISTIC_V0_2,needs_review
ENT_THEMIS_AT_DELPHI,classical_planet,jupiter,4,medium,Algorithmic seed score from v0.1 category/domains/tags; matched: law.,SRC_INTERNAL_HEURISTIC_V0_2,needs_review
ENT_THEMIS_AT_DELPHI,classical_planet,saturn,0,low,Algorithmic seed score from v0.1 category/domains/tags; matched: none.,SRC_INTERNAL_HEURISTIC_V0_2,needs_review
ENT_PHOEBE_AT_DELPHI,classical_element,earth,3,low,Algorithmic seed score from v0.1 category/domains/tags; matched: rustic.,SRC_INTERNAL_HEURISTIC_V0_2,needs_review
ENT_PHOEBE_AT_DELPHI,classical_element,water,0,low,Algorithmic seed score from v0.1 category/domains/tags; matched: none.,SRC_INTERNAL_HEURISTIC_V0_2,needs_review
ENT_PHOEBE_AT_DELPHI,classical_element,fire,0,low,Algorithmic seed score from v0.1 category/domains/tags; matched: none.,SRC_INTERNAL_HEURISTIC_V0_2,needs_review
ENT_PHOEBE_AT_DELPHI,classical_element,air,2,low,Algorithmic seed score from v0.1 category/domains/tags; matched: prophecy.,SRC_INTERNAL_HEURISTIC_V0_2,needs_review
ENT_PHOEBE_AT_DELPHI,classical_planet,moon,0,low,Algorithmic seed score from v0.1 category/domains/tags; matched: none.,SRC_INTERNAL_HEURISTIC_V0_2,needs_review
ENT_PHOEBE_AT_DELPHI,classical_planet,mercury,3,low,Algorithmic seed score from v0.1 category/domains/tags; matched: prophecy.,SRC_INTERNAL_HEURISTIC_V0_2,needs_review
ENT_PHOEBE_AT_DELPHI,classical_planet,venus,0,low,Algorithmic seed score from v0.1 category/domains/tags; matched: none.,SRC_INTERNAL_HEURISTIC_V0_2,needs_review
ENT_PHOEBE_AT_DELPHI,classical_planet,sun,3,low,Algorithmic seed score from v0.1 category/domains/tags; matched: prophecy.,SRC_INTERNAL_HEURISTIC_V0_2,needs_review
ENT_PHOEBE_AT_DELPHI,classical_planet,mars,0,low,Algorithmic seed score from v0.1 category/domains/tags; matched: none.,SRC_INTERNAL_HEURISTIC_V0_2,needs_review
ENT_PHOEBE_AT_DELPHI,classical_planet,jupiter,0,low,Algorithmic seed score from v0.1 category/domains/tags; matched: none.,SRC_INTERNAL_HEURISTIC_V0_2,needs_review
ENT_PHOEBE_AT_DELPHI,classical_planet,saturn,0,low,Algorithmic seed score from v0.1 category/domains/tags; matched: none.,SRC_INTERNAL_HEURISTIC_V0_2,needs_review
ENT_KOUROTROPHOS,classical_element,earth,3,low,Algorithmic seed score from v0.1 category/domains/tags; matched: rustic.,SRC_INTERNAL_HEURISTIC_V0_2,needs_review
ENT_KOUROTROPHOS,classical_element,water,0,low,Algorithmic seed score from v0.1 category/domains/tags; matched: none.,SRC_INTERNAL_HEURISTIC_V0_2,needs_review
ENT_KOUROTROPHOS,classical_element,fire,0,low,Algorithmic seed score from v0.1 category/domains/tags; matched: none.,SRC_INTERNAL_HEURISTIC_V0_2,needs_review
ENT_KOUROTROPHOS,classical_element,air,0,low,Algorithmic seed score from v0.1 category/domains/tags; matched: none.,SRC_INTERNAL_HEURISTIC_V0_2,needs_review
ENT_KOUROTROPHOS,classical_planet,moon,0,low,Algorithmic seed score from v0.1 category/domains/tags; matched: none.,SRC_INTERNAL_HEURISTIC_V0_2,needs_review
ENT_KOUROTROPHOS,classical_planet,mercury,0,low,Algorithmic seed score from v0.1 category/domains/tags; matched: none.,SRC_INTERNAL_HEURISTIC_V0_2,needs_review
ENT_KOUROTROPHOS,classical_planet,venus,0,low,Algorithmic seed score from v0.1 category/domains/tags; matched: none.,SRC_INTERNAL_HEURISTIC_V0_2,needs_review
ENT_KOUROTROPHOS,classical_planet,sun,0,low,Algorithmic seed score from v0.1 category/domains/tags; matched: none.,SRC_INTERNAL_HEURISTIC_V0_2,needs_review
ENT_KOUROTROPHOS,classical_planet,mars,0,low,Algorithmic seed score from v0.1 category/domains/tags; matched: none.,SRC_INTERNAL_HEURISTIC_V0_2,needs_review
ENT_KOUROTROPHOS,classical_planet,jupiter,0,low,Algorithmic seed score from v0.1 category/domains/tags; matched: none.,SRC_INTERNAL_HEURISTIC_V0_2,needs_review
ENT_KOUROTROPHOS,classical_planet,saturn,0,low,Algorithmic seed score from v0.1 category/domains/tags; matched: none.,SRC_INTERNAL_HEURISTIC_V0_2,needs_review
ENT_KALLIGENEIA,classical_element,earth,3,low,Algorithmic seed score from v0.1 category/domains/tags; matched: rustic.,SRC_INTERNAL_HEURISTIC_V0_2,needs_review
ENT_KALLIGENEIA,classical_element,water,0,low,Algorithmic seed score from v0.1 category/domains/tags; matched: none.,SRC_INTERNAL_HEURISTIC_V0_2,needs_review
ENT_KALLIGENEIA,classical_element,fire,0,low,Algorithmic seed score from v0.1 category/domains/tags; matched: none.,SRC_INTERNAL_HEURISTIC_V0_2,needs_review
ENT_KALLIGENEIA,classical_element,air,0,low,Algorithmic seed score from v0.1 category/domains/tags; matched: none.,SRC_INTERNAL_HEURISTIC_V0_2,needs_review
ENT_KALLIGENEIA,classical_planet,moon,0,low,Algorithmic seed score from v0.1 category/domains/tags; matched: none.,SRC_INTERNAL_HEURISTIC_V0_2,needs_review
ENT_KALLIGENEIA,classical_planet,mercury,0,low,Algorithmic seed score from v0.1 category/domains/tags; matched: none.,SRC_INTERNAL_HEURISTIC_V0_2,needs_review
ENT_KALLIGENEIA,classical_planet,venus,0,low,Algorithmic seed score from v0.1 category/domains/tags; matched: none.,SRC_INTERNAL_HEURISTIC_V0_2,needs_review
ENT_KALLIGENEIA,classical_planet,sun,0,low,Algorithmic seed score from v0.1 category/domains/tags; matched: none.,SRC_INTERNAL_HEURISTIC_V0_2,needs_review
ENT_KALLIGENEIA,classical_planet,mars,0,low,Algorithmic seed score from v0.1 category/domains/tags; matched: none.,SRC_INTERNAL_HEURISTIC_V0_2,needs_review
ENT_KALLIGENEIA,classical_planet,jupiter,0,low,Algorithmic seed score from v0.1 category/domains/tags; matched: none.,SRC_INTERNAL_HEURISTIC_V0_2,needs_review
ENT_KALLIGENEIA,classical_planet,saturn,0,low,Algorithmic seed score from v0.1 category/domains/tags; matched: none.,SRC_INTERNAL_HEURISTIC_V0_2,needs_review
ENT_ANYTUS,classical_element,earth,3,low,Algorithmic seed score from v0.1 category/domains/tags; matched: rustic.,SRC_INTERNAL_HEURISTIC_V0_2,needs_review
ENT_ANYTUS,classical_element,water,0,low,Algorithmic seed score from v0.1 category/domains/tags; matched: none.,SRC_INTERNAL_HEURISTIC_V0_2,needs_review
ENT_ANYTUS,classical_element,fire,0,low,Algorithmic seed score from v0.1 category/domains/tags; matched: none.,SRC_INTERNAL_HEURISTIC_V0_2,needs_review
ENT_ANYTUS,classical_element,air,0,low,Algorithmic seed score from v0.1 category/domains/tags; matched: none.,SRC_INTERNAL_HEURISTIC_V0_2,needs_review
ENT_ANYTUS,classical_planet,moon,0,low,Algorithmic seed score from v0.1 category/domains/tags; matched: none.,SRC_INTERNAL_HEURISTIC_V0_2,needs_review
ENT_ANYTUS,classical_planet,mercury,0,low,Algorithmic seed score from v0.1 category/domains/tags; matched: none.,SRC_INTERNAL_HEURISTIC_V0_2,needs_review
ENT_ANYTUS,classical_planet,venus,0,low,Algorithmic seed score from v0.1 category/domains/tags; matched: none.,SRC_INTERNAL_HEURISTIC_V0_2,needs_review
ENT_ANYTUS,classical_planet,sun,0,low,Algorithmic seed score from v0.1 category/domains/tags; matched: none.,SRC_INTERNAL_HEURISTIC_V0_2,needs_review
ENT_ANYTUS,classical_planet,mars,0,low,Algorithmic seed score from v0.1 category/domains/tags; matched: none.,SRC_INTERNAL_HEURISTIC_V0_2,needs_review
ENT_ANYTUS,classical_planet,jupiter,0,low,Algorithmic seed score from v0.1 category/domains/tags; matched: none.,SRC_INTERNAL_HEURISTIC_V0_2,needs_review
ENT_ANYTUS,classical_planet,saturn,0,low,Algorithmic seed score from v0.1 category/domains/tags; matched: none.,SRC_INTERNAL_HEURISTIC_V0_2,needs_review
ENT_EUBOULEUS,classical_element,earth,5,medium,"Algorithmic seed score from v0.1 category/domains/tags; matched: chthonic, underworld, rustic.",SRC_INTERNAL_HEURISTIC_V0_2,needs_review
ENT_EUBOULEUS,classical_element,water,0,low,Algorithmic seed score from v0.1 category/domains/tags; matched: none.,SRC_INTERNAL_HEURISTIC_V0_2,needs_review
ENT_EUBOULEUS,classical_element,fire,0,low,Algorithmic seed score from v0.1 category/domains/tags; matched: none.,SRC_INTERNAL_HEURISTIC_V0_2,needs_review
ENT_EUBOULEUS,classical_element,air,0,low,Algorithmic seed score from v0.1 category/domains/tags; matched: none.,SRC_INTERNAL_HEURISTIC_V0_2,needs_review
ENT_EUBOULEUS,classical_planet,moon,2,low,Algorithmic seed score from v0.1 category/domains/tags; matched: underworld.,SRC_INTERNAL_HEURISTIC_V0_2,needs_review
ENT_EUBOULEUS,classical_planet,mercury,0,low,Algorithmic seed score from v0.1 category/domains/tags; matched: none.,SRC_INTERNAL_HEURISTIC_V0_2,needs_review
ENT_EUBOULEUS,classical_planet,venus,0,low,Algorithmic seed score from v0.1 category/domains/tags; matched: none.,SRC_INTERNAL_HEURISTIC_V0_2,needs_review
ENT_EUBOULEUS,classical_planet,sun,0,low,Algorithmic seed score from v0.1 category/domains/tags; matched: none.,SRC_INTERNAL_HEURISTIC_V0_2,needs_review
ENT_EUBOULEUS,classical_planet,mars,0,low,Algorithmic seed score from v0.1 category/domains/tags; matched: none.,SRC_INTERNAL_HEURISTIC_V0_2,needs_review
ENT_EUBOULEUS,classical_planet,jupiter,0,low,Algorithmic seed score from v0.1 category/domains/tags; matched: none.,SRC_INTERNAL_HEURISTIC_V0_2,needs_review
ENT_EUBOULEUS,classical_planet,saturn,4,medium,Algorithmic seed score from v0.1 category/domains/tags; matched: underworld.,SRC_INTERNAL_HEURISTIC_V0_2,needs_review
ENT_TRIPTOLEMUS,classical_element,earth,5,medium,"Algorithmic seed score from v0.1 category/domains/tags; matched: agriculture, grain, rustic.",SRC_INTERNAL_HEURISTIC_V0_2,needs_review
ENT_TRIPTOLEMUS,classical_element,water,3,low,Algorithmic seed score from v0.1 category/domains/tags; matched: rain.,SRC_INTERNAL_HEURISTIC_V0_2,needs_review
ENT_TRIPTOLEMUS,classical_element,fire,0,low,Algorithmic seed score from v0.1 category/domains/tags; matched: none.,SRC_INTERNAL_HEURISTIC_V0_2,needs_review
ENT_TRIPTOLEMUS,classical_element,air,0,low,Algorithmic seed score from v0.1 category/domains/tags; matched: none.,SRC_INTERNAL_HEURISTIC_V0_2,needs_review
ENT_TRIPTOLEMUS,classical_planet,moon,0,low,Algorithmic seed score from v0.1 category/domains/tags; matched: none.,SRC_INTERNAL_HEURISTIC_V0_2,needs_review
ENT_TRIPTOLEMUS,classical_planet,mercury,0,low,Algorithmic seed score from v0.1 category/domains/tags; matched: none.,SRC_INTERNAL_HEURISTIC_V0_2,needs_review
ENT_TRIPTOLEMUS,classical_planet,venus,0,low,Algorithmic seed score from v0.1 category/domains/tags; matched: none.,SRC_INTERNAL_HEURISTIC_V0_2,needs_review
ENT_TRIPTOLEMUS,classical_planet,sun,0,low,Algorithmic seed score from v0.1 category/domains/tags; matched: none.,SRC_INTERNAL_HEURISTIC_V0_2,needs_review
ENT_TRIPTOLEMUS,classical_planet,mars,0,low,Algorithmic seed score from v0.1 category/domains/tags; matched: none.,SRC_INTERNAL_HEURISTIC_V0_2,needs_review
ENT_TRIPTOLEMUS,classical_planet,jupiter,0,low,Algorithmic seed score from v0.1 category/domains/tags; matched: none.,SRC_INTERNAL_HEURISTIC_V0_2,needs_review
ENT_TRIPTOLEMUS,classical_planet,saturn,3,low,Algorithmic seed score from v0.1 category/domains/tags; matched: agriculture.,SRC_INTERNAL_HEURISTIC_V0_2,needs_review
ENT_PLUTUS,classical_element,earth,5,medium,"Algorithmic seed score from v0.1 category/domains/tags; matched: earth, wealth, rustic.",SRC_INTERNAL_HEURISTIC_V0_2,needs_review
ENT_PLUTUS,classical_element,water,0,low,Algorithmic seed score from v0.1 category/domains/tags; matched: none.,SRC_INTERNAL_HEURISTIC_V0_2,needs_review
ENT_PLUTUS,classical_element,fire,0,low,Algorithmic seed score from v0.1 category/domains/tags; matched: none.,SRC_INTERNAL_HEURISTIC_V0_2,needs_review
ENT_PLUTUS,classical_element,air,0,low,Algorithmic seed score from v0.1 category/domains/tags; matched: none.,SRC_INTERNAL_HEURISTIC_V0_2,needs_review
ENT_PLUTUS,classical_planet,moon,0,low,Algorithmic seed score from v0.1 category/domains/tags; matched: none.,SRC_INTERNAL_HEURISTIC_V0_2,needs_review
ENT_PLUTUS,classical_planet,mercury,0,low,Algorithmic seed score from v0.1 category/domains/tags; matched: none.,SRC_INTERNAL_HEURISTIC_V0_2,needs_review
ENT_PLUTUS,classical_planet,venus,0,low,Algorithmic seed score from v0.1 category/domains/tags; matched: none.,SRC_INTERNAL_HEURISTIC_V0_2,needs_review
ENT_PLUTUS,classical_planet,sun,0,low,Algorithmic seed score from v0.1 category/domains/tags; matched: none.,SRC_INTERNAL_HEURISTIC_V0_2,needs_review
ENT_PLUTUS,classical_planet,mars,0,low,Algorithmic seed score from v0.1 category/domains/tags; matched: none.,SRC_INTERNAL_HEURISTIC_V0_2,needs_review
ENT_PLUTUS,classical_planet,jupiter,3,low,Algorithmic seed score from v0.1 category/domains/tags; matched: abundance.,SRC_INTERNAL_HEURISTIC_V0_2,needs_review
ENT_PLUTUS,classical_planet,saturn,0,low,Algorithmic seed score from v0.1 category/domains/tags; matched: none.,SRC_INTERNAL_HEURISTIC_V0_2,needs_review
ENT_HERACLES,classical_element,earth,2,low,Algorithmic seed score from v0.1 category/domains/tags; matched: none.,SRC_INTERNAL_HEURISTIC_V0_2,needs_review
ENT_HERACLES,classical_element,water,0,low,Algorithmic seed score from v0.1 category/domains/tags; matched: none.,SRC_INTERNAL_HEURISTIC_V0_2,needs_review
ENT_HERACLES,classical_element,fire,0,low,Algorithmic seed score from v0.1 category/domains/tags; matched: none.,SRC_INTERNAL_HEURISTIC_V0_2,needs_review
ENT_HERACLES,classical_element,air,0,low,Algorithmic seed score from v0.1 category/domains/tags; matched: none.,SRC_INTERNAL_HEURISTIC_V0_2,needs_review
ENT_HERACLES,classical_planet,moon,0,low,Algorithmic seed score from v0.1 category/domains/tags; matched: none.,SRC_INTERNAL_HEURISTIC_V0_2,needs_review
ENT_HERACLES,classical_planet,mercury,0,low,Algorithmic seed score from v0.1 category/domains/tags; matched: none.,SRC_INTERNAL_HEURISTIC_V0_2,needs_review
ENT_HERACLES,classical_planet,venus,0,low,Algorithmic seed score from v0.1 category/domains/tags; matched: none.,SRC_INTERNAL_HEURISTIC_V0_2,needs_review
ENT_HERACLES,classical_planet,sun,0,low,Algorithmic seed score from v0.1 category/domains/tags; matched: none.,SRC_INTERNAL_HEURISTIC_V0_2,needs_review
ENT_HERACLES,classical_planet,mars,0,low,Algorithmic seed score from v0.1 category/domains/tags; matched: none.,SRC_INTERNAL_HEURISTIC_V0_2,needs_review
ENT_HERACLES,classical_planet,jupiter,0,low,Algorithmic seed score from v0.1 category/domains/tags; matched: none.,SRC_INTERNAL_HEURISTIC_V0_2,needs_review
ENT_HERACLES,classical_planet,saturn,0,low,Algorithmic seed score from v0.1 category/domains/tags; matched: none.,SRC_INTERNAL_HEURISTIC_V0_2,needs_review
ENT_ORPHEUS,classical_element,earth,2,low,Algorithmic seed score from v0.1 category/domains/tags; matched: none.,SRC_INTERNAL_HEURISTIC_V0_2,needs_review
ENT_ORPHEUS,classical_element,water,0,low,Algorithmic seed score from v0.1 category/domains/tags; matched: none.,SRC_INTERNAL_HEURISTIC_V0_2,needs_review
ENT_ORPHEUS,classical_element,fire,0,low,Algorithmic seed score from v0.1 category/domains/tags; matched: none.,SRC_INTERNAL_HEURISTIC_V0_2,needs_review
ENT_ORPHEUS,classical_element,air,0,low,Algorithmic seed score from v0.1 category/domains/tags; matched: none.,SRC_INTERNAL_HEURISTIC_V0_2,needs_review
ENT_ORPHEUS,classical_planet,moon,0,low,Algorithmic seed score from v0.1 category/domains/tags; matched: none.,SRC_INTERNAL_HEURISTIC_V0_2,needs_review
ENT_ORPHEUS,classical_planet,mercury,0,low,Algorithmic seed score from v0.1 category/domains/tags; matched: none.,SRC_INTERNAL_HEURISTIC_V0_2,needs_review
ENT_ORPHEUS,classical_planet,venus,0,low,Algorithmic seed score from v0.1 category/domains/tags; matched: none.,SRC_INTERNAL_HEURISTIC_V0_2,needs_review
ENT_ORPHEUS,classical_planet,sun,0,low,Algorithmic seed score from v0.1 category/domains/tags; matched: none.,SRC_INTERNAL_HEURISTIC_V0_2,needs_review
ENT_ORPHEUS,classical_planet,mars,0,low,Algorithmic seed score from v0.1 category/domains/tags; matched: none.,SRC_INTERNAL_HEURISTIC_V0_2,needs_review
ENT_ORPHEUS,classical_planet,jupiter,0,low,Algorithmic seed score from v0.1 category/domains/tags; matched: none.,SRC_INTERNAL_HEURISTIC_V0_2,needs_review
ENT_ORPHEUS,classical_planet,saturn,0,low,Algorithmic seed score from v0.1 category/domains/tags; matched: none.,SRC_INTERNAL_HEURISTIC_V0_2,needs_review
ENT_PERSEUS,classical_element,earth,2,low,Algorithmic seed score from v0.1 category/domains/tags; matched: none.,SRC_INTERNAL_HEURISTIC_V0_2,needs_review
ENT_PERSEUS,classical_element,water,0,low,Algorithmic seed score from v0.1 category/domains/tags; matched: none.,SRC_INTERNAL_HEURISTIC_V0_2,needs_review
ENT_PERSEUS,classical_element,fire,0,low,Algorithmic seed score from v0.1 category/domains/tags; matched: none.,SRC_INTERNAL_HEURISTIC_V0_2,needs_review
ENT_PERSEUS,classical_element,air,0,low,Algorithmic seed score from v0.1 category/domains/tags; matched: none.,SRC_INTERNAL_HEURISTIC_V0_2,needs_review
ENT_PERSEUS,classical_planet,moon,0,low,Algorithmic seed score from v0.1 category/domains/tags; matched: none.,SRC_INTERNAL_HEURISTIC_V0_2,needs_review
ENT_PERSEUS,classical_planet,mercury,0,low,Algorithmic seed score from v0.1 category/domains/tags; matched: none.,SRC_INTERNAL_HEURISTIC_V0_2,needs_review
ENT_PERSEUS,classical_planet,venus,0,low,Algorithmic seed score from v0.1 category/domains/tags; matched: none.,SRC_INTERNAL_HEURISTIC_V0_2,needs_review
ENT_PERSEUS,classical_planet,sun,0,low,Algorithmic seed score from v0.1 category/domains/tags; matched: none.,SRC_INTERNAL_HEURISTIC_V0_2,needs_review
ENT_PERSEUS,classical_planet,mars,0,low,Algorithmic seed score from v0.1 category/domains/tags; matched: none.,SRC_INTERNAL_HEURISTIC_V0_2,needs_review
ENT_PERSEUS,classical_planet,jupiter,0,low,Algorithmic seed score from v0.1 category/domains/tags; matched: none.,SRC_INTERNAL_HEURISTIC_V0_2,needs_review
ENT_PERSEUS,classical_planet,saturn,0,low,Algorithmic seed score from v0.1 category/domains/tags; matched: none.,SRC_INTERNAL_HEURISTIC_V0_2,needs_review
ENT_THESEUS,classical_element,earth,2,low,Algorithmic seed score from v0.1 category/domains/tags; matched: none.,SRC_INTERNAL_HEURISTIC_V0_2,needs_review
ENT_THESEUS,classical_element,water,0,low,Algorithmic seed score from v0.1 category/domains/tags; matched: none.,SRC_INTERNAL_HEURISTIC_V0_2,needs_review
ENT_THESEUS,classical_element,fire,0,low,Algorithmic seed score from v0.1 category/domains/tags; matched: none.,SRC_INTERNAL_HEURISTIC_V0_2,needs_review
ENT_THESEUS,classical_element,air,0,low,Algorithmic seed score from v0.1 category/domains/tags; matched: none.,SRC_INTERNAL_HEURISTIC_V0_2,needs_review
ENT_THESEUS,classical_planet,moon,0,low,Algorithmic seed score from v0.1 category/domains/tags; matched: none.,SRC_INTERNAL_HEURISTIC_V0_2,needs_review
ENT_THESEUS,classical_planet,mercury,0,low,Algorithmic seed score from v0.1 category/domains/tags; matched: none.,SRC_INTERNAL_HEURISTIC_V0_2,needs_review
ENT_THESEUS,classical_planet,venus,0,low,Algorithmic seed score from v0.1 category/domains/tags; matched: none.,SRC_INTERNAL_HEURISTIC_V0_2,needs_review
ENT_THESEUS,classical_planet,sun,0,low,Algorithmic seed score from v0.1 category/domains/tags; matched: none.,SRC_INTERNAL_HEURISTIC_V0_2,needs_review
ENT_THESEUS,classical_planet,mars,0,low,Algorithmic seed score from v0.1 category/domains/tags; matched: none.,SRC_INTERNAL_HEURISTIC_V0_2,needs_review
ENT_THESEUS,classical_planet,jupiter,0,low,Algorithmic seed score from v0.1 category/domains/tags; matched: none.,SRC_INTERNAL_HEURISTIC_V0_2,needs_review
ENT_THESEUS,classical_planet,saturn,0,low,Algorithmic seed score from v0.1 category/domains/tags; matched: none.,SRC_INTERNAL_HEURISTIC_V0_2,needs_review
ENT_BELLEROPHON,classical_element,earth,2,low,Algorithmic seed score from v0.1 category/domains/tags; matched: none.,SRC_INTERNAL_HEURISTIC_V0_2,needs_review
ENT_BELLEROPHON,classical_element,water,0,low,Algorithmic seed score from v0.1 category/domains/tags; matched: none.,SRC_INTERNAL_HEURISTIC_V0_2,needs_review
ENT_BELLEROPHON,classical_element,fire,0,low,Algorithmic seed score from v0.1 category/domains/tags; matched: none.,SRC_INTERNAL_HEURISTIC_V0_2,needs_review
ENT_BELLEROPHON,classical_element,air,0,low,Algorithmic seed score from v0.1 category/domains/tags; matched: none.,SRC_INTERNAL_HEURISTIC_V0_2,needs_review
ENT_BELLEROPHON,classical_planet,moon,0,low,Algorithmic seed score from v0.1 category/domains/tags; matched: none.,SRC_INTERNAL_HEURISTIC_V0_2,needs_review
ENT_BELLEROPHON,classical_planet,mercury,0,low,Algorithmic seed score from v0.1 category/domains/tags; matched: none.,SRC_INTERNAL_HEURISTIC_V0_2,needs_review
ENT_BELLEROPHON,classical_planet,venus,0,low,Algorithmic seed score from v0.1 category/domains/tags; matched: none.,SRC_INTERNAL_HEURISTIC_V0_2,needs_review
ENT_BELLEROPHON,classical_planet,sun,0,low,Algorithmic seed score from v0.1 category/domains/tags; matched: none.,SRC_INTERNAL_HEURISTIC_V0_2,needs_review
ENT_BELLEROPHON,classical_planet,mars,0,low,Algorithmic seed score from v0.1 category/domains/tags; matched: none.,SRC_INTERNAL_HEURISTIC_V0_2,needs_review
ENT_BELLEROPHON,classical_planet,jupiter,0,low,Algorithmic seed score from v0.1 category/domains/tags; matched: none.,SRC_INTERNAL_HEURISTIC_V0_2,needs_review
ENT_BELLEROPHON,classical_planet,saturn,0,low,Algorithmic seed score from v0.1 category/domains/tags; matched: none.,SRC_INTERNAL_HEURISTIC_V0_2,needs_review
ENT_CADMUS,classical_element,earth,2,low,Algorithmic seed score from v0.1 category/domains/tags; matched: none.,SRC_INTERNAL_HEURISTIC_V0_2,needs_review
ENT_CADMUS,classical_element,water,0,low,Algorithmic seed score from v0.1 category/domains/tags; matched: none.,SRC_INTERNAL_HEURISTIC_V0_2,needs_review
ENT_CADMUS,classical_element,fire,0,low,Algorithmic seed score from v0.1 category/domains/tags; matched: none.,SRC_INTERNAL_HEURISTIC_V0_2,needs_review
ENT_CADMUS,classical_element,air,0,low,Algorithmic seed score from v0.1 category/domains/tags; matched: none.,SRC_INTERNAL_HEURISTIC_V0_2,needs_review
ENT_CADMUS,classical_planet,moon,0,low,Algorithmic seed score from v0.1 category/domains/tags; matched: none.,SRC_INTERNAL_HEURISTIC_V0_2,needs_review
ENT_CADMUS,classical_planet,mercury,0,low,Algorithmic seed score from v0.1 category/domains/tags; matched: none.,SRC_INTERNAL_HEURISTIC_V0_2,needs_review
ENT_CADMUS,classical_planet,venus,0,low,Algorithmic seed score from v0.1 category/domains/tags; matched: none.,SRC_INTERNAL_HEURISTIC_V0_2,needs_review
ENT_CADMUS,classical_planet,sun,0,low,Algorithmic seed score from v0.1 category/domains/tags; matched: none.,SRC_INTERNAL_HEURISTIC_V0_2,needs_review
ENT_CADMUS,classical_planet,mars,0,low,Algorithmic seed score from v0.1 category/domains/tags; matched: none.,SRC_INTERNAL_HEURISTIC_V0_2,needs_review
ENT_CADMUS,classical_planet,jupiter,0,low,Algorithmic seed score from v0.1 category/domains/tags; matched: none.,SRC_INTERNAL_HEURISTIC_V0_2,needs_review
ENT_CADMUS,classical_planet,saturn,0,low,Algorithmic seed score from v0.1 category/domains/tags; matched: none.,SRC_INTERNAL_HEURISTIC_V0_2,needs_review
ENT_MOPSUS,classical_element,earth,2,low,Algorithmic seed score from v0.1 category/domains/tags; matched: none.,SRC_INTERNAL_HEURISTIC_V0_2,needs_review
ENT_MOPSUS,classical_element,water,0,low,Algorithmic seed score from v0.1 category/domains/tags; matched: none.,SRC_INTERNAL_HEURISTIC_V0_2,needs_review
ENT_MOPSUS,classical_element,fire,0,low,Algorithmic seed score from v0.1 category/domains/tags; matched: none.,SRC_INTERNAL_HEURISTIC_V0_2,needs_review
ENT_MOPSUS,classical_element,air,0,low,Algorithmic seed score from v0.1 category/domains/tags; matched: none.,SRC_INTERNAL_HEURISTIC_V0_2,needs_review
ENT_MOPSUS,classical_planet,moon,0,low,Algorithmic seed score from v0.1 category/domains/tags; matched: none.,SRC_INTERNAL_HEURISTIC_V0_2,needs_review
ENT_MOPSUS,classical_planet,mercury,0,low,Algorithmic seed score from v0.1 category/domains/tags; matched: none.,SRC_INTERNAL_HEURISTIC_V0_2,needs_review
ENT_MOPSUS,classical_planet,venus,0,low,Algorithmic seed score from v0.1 category/domains/tags; matched: none.,SRC_INTERNAL_HEURISTIC_V0_2,needs_review
ENT_MOPSUS,classical_planet,sun,0,low,Algorithmic seed score from v0.1 category/domains/tags; matched: none.,SRC_INTERNAL_HEURISTIC_V0_2,needs_review
ENT_MOPSUS,classical_planet,mars,0,low,Algorithmic seed score from v0.1 category/domains/tags; matched: none.,SRC_INTERNAL_HEURISTIC_V0_2,needs_review
ENT_MOPSUS,classical_planet,jupiter,0,low,Algorithmic seed score from v0.1 category/domains/tags; matched: none.,SRC_INTERNAL_HEURISTIC_V0_2,needs_review
ENT_MOPSUS,classical_planet,saturn,0,low,Algorithmic seed score from v0.1 category/domains/tags; matched: none.,SRC_INTERNAL_HEURISTIC_V0_2,needs_review
ENT_CASTOR,classical_element,earth,2,low,Algorithmic seed score from v0.1 category/domains/tags; matched: none.,SRC_INTERNAL_HEURISTIC_V0_2,needs_review
ENT_CASTOR,classical_element,water,0,low,Algorithmic seed score from v0.1 category/domains/tags; matched: none.,SRC_INTERNAL_HEURISTIC_V0_2,needs_review
ENT_CASTOR,classical_element,fire,0,low,Algorithmic seed score from v0.1 category/domains/tags; matched: none.,SRC_INTERNAL_HEURISTIC_V0_2,needs_review
ENT_CASTOR,classical_element,air,0,low,Algorithmic seed score from v0.1 category/domains/tags; matched: none.,SRC_INTERNAL_HEURISTIC_V0_2,needs_review
ENT_CASTOR,classical_planet,moon,0,low,Algorithmic seed score from v0.1 category/domains/tags; matched: none.,SRC_INTERNAL_HEURISTIC_V0_2,needs_review
ENT_CASTOR,classical_planet,mercury,0,low,Algorithmic seed score from v0.1 category/domains/tags; matched: none.,SRC_INTERNAL_HEURISTIC_V0_2,needs_review
ENT_CASTOR,classical_planet,venus,0,low,Algorithmic seed score from v0.1 category/domains/tags; matched: none.,SRC_INTERNAL_HEURISTIC_V0_2,needs_review
ENT_CASTOR,classical_planet,sun,0,low,Algorithmic seed score from v0.1 category/domains/tags; matched: none.,SRC_INTERNAL_HEURISTIC_V0_2,needs_review
ENT_CASTOR,classical_planet,mars,0,low,Algorithmic seed score from v0.1 category/domains/tags; matched: none.,SRC_INTERNAL_HEURISTIC_V0_2,needs_review
ENT_CASTOR,classical_planet,jupiter,0,low,Algorithmic seed score from v0.1 category/domains/tags; matched: none.,SRC_INTERNAL_HEURISTIC_V0_2,needs_review
ENT_CASTOR,classical_planet,saturn,0,low,Algorithmic seed score from v0.1 category/domains/tags; matched: none.,SRC_INTERNAL_HEURISTIC_V0_2,needs_review
ENT_POLYDEUCES,classical_element,earth,2,low,Algorithmic seed score from v0.1 category/domains/tags; matched: none.,SRC_INTERNAL_HEURISTIC_V0_2,needs_review
ENT_POLYDEUCES,classical_element,water,0,low,Algorithmic seed score from v0.1 category/domains/tags; matched: none.,SRC_INTERNAL_HEURISTIC_V0_2,needs_review
ENT_POLYDEUCES,classical_element,fire,0,low,Algorithmic seed score from v0.1 category/domains/tags; matched: none.,SRC_INTERNAL_HEURISTIC_V0_2,needs_review
ENT_POLYDEUCES,classical_element,air,0,low,Algorithmic seed score from v0.1 category/domains/tags; matched: none.,SRC_INTERNAL_HEURISTIC_V0_2,needs_review
ENT_POLYDEUCES,classical_planet,moon,0,low,Algorithmic seed score from v0.1 category/domains/tags; matched: none.,SRC_INTERNAL_HEURISTIC_V0_2,needs_review
ENT_POLYDEUCES,classical_planet,mercury,0,low,Algorithmic seed score from v0.1 category/domains/tags; matched: none.,SRC_INTERNAL_HEURISTIC_V0_2,needs_review
ENT_POLYDEUCES,classical_planet,venus,0,low,Algorithmic seed score from v0.1 category/domains/tags; matched: none.,SRC_INTERNAL_HEURISTIC_V0_2,needs_review
ENT_POLYDEUCES,classical_planet,sun,0,low,Algorithmic seed score from v0.1 category/domains/tags; matched: none.,SRC_INTERNAL_HEURISTIC_V0_2,needs_review
ENT_POLYDEUCES,classical_planet,mars,0,low,Algorithmic seed score from v0.1 category/domains/tags; matched: none.,SRC_INTERNAL_HEURISTIC_V0_2,needs_review
ENT_POLYDEUCES,classical_planet,jupiter,0,low,Algorithmic seed score from v0.1 category/domains/tags; matched: none.,SRC_INTERNAL_HEURISTIC_V0_2,needs_review
ENT_POLYDEUCES,classical_planet,saturn,0,low,Algorithmic seed score from v0.1 category/domains/tags; matched: none.,SRC_INTERNAL_HEURISTIC_V0_2,needs_review
ENT_ACHILLES,classical_element,earth,2,low,Algorithmic seed score from v0.1 category/domains/tags; matched: none.,SRC_INTERNAL_HEURISTIC_V0_2,needs_review
ENT_ACHILLES,classical_element,water,0,low,Algorithmic seed score from v0.1 category/domains/tags; matched: none.,SRC_INTERNAL_HEURISTIC_V0_2,needs_review
ENT_ACHILLES,classical_element,fire,0,low,Algorithmic seed score from v0.1 category/domains/tags; matched: none.,SRC_INTERNAL_HEURISTIC_V0_2,needs_review
ENT_ACHILLES,classical_element,air,0,low,Algorithmic seed score from v0.1 category/domains/tags; matched: none.,SRC_INTERNAL_HEURISTIC_V0_2,needs_review
ENT_ACHILLES,classical_planet,moon,0,low,Algorithmic seed score from v0.1 category/domains/tags; matched: none.,SRC_INTERNAL_HEURISTIC_V0_2,needs_review
ENT_ACHILLES,classical_planet,mercury,0,low,Algorithmic seed score from v0.1 category/domains/tags; matched: none.,SRC_INTERNAL_HEURISTIC_V0_2,needs_review
ENT_ACHILLES,classical_planet,venus,0,low,Algorithmic seed score from v0.1 category/domains/tags; matched: none.,SRC_INTERNAL_HEURISTIC_V0_2,needs_review
ENT_ACHILLES,classical_planet,sun,0,low,Algorithmic seed score from v0.1 category/domains/tags; matched: none.,SRC_INTERNAL_HEURISTIC_V0_2,needs_review
ENT_ACHILLES,classical_planet,mars,0,low,Algorithmic seed score from v0.1 category/domains/tags; matched: none.,SRC_INTERNAL_HEURISTIC_V0_2,needs_review
ENT_ACHILLES,classical_planet,jupiter,0,low,Algorithmic seed score from v0.1 category/domains/tags; matched: none.,SRC_INTERNAL_HEURISTIC_V0_2,needs_review
ENT_ACHILLES,classical_planet,saturn,0,low,Algorithmic seed score from v0.1 category/domains/tags; matched: none.,SRC_INTERNAL_HEURISTIC_V0_2,needs_review
ENT_AJAX,classical_element,earth,2,low,Algorithmic seed score from v0.1 category/domains/tags; matched: none.,SRC_INTERNAL_HEURISTIC_V0_2,needs_review
ENT_AJAX,classical_element,water,0,low,Algorithmic seed score from v0.1 category/domains/tags; matched: none.,SRC_INTERNAL_HEURISTIC_V0_2,needs_review
ENT_AJAX,classical_element,fire,0,low,Algorithmic seed score from v0.1 category/domains/tags; matched: none.,SRC_INTERNAL_HEURISTIC_V0_2,needs_review
ENT_AJAX,classical_element,air,0,low,Algorithmic seed score from v0.1 category/domains/tags; matched: none.,SRC_INTERNAL_HEURISTIC_V0_2,needs_review
ENT_AJAX,classical_planet,moon,0,low,Algorithmic seed score from v0.1 category/domains/tags; matched: none.,SRC_INTERNAL_HEURISTIC_V0_2,needs_review
ENT_AJAX,classical_planet,mercury,0,low,Algorithmic seed score from v0.1 category/domains/tags; matched: none.,SRC_INTERNAL_HEURISTIC_V0_2,needs_review
ENT_AJAX,classical_planet,venus,0,low,Algorithmic seed score from v0.1 category/domains/tags; matched: none.,SRC_INTERNAL_HEURISTIC_V0_2,needs_review
ENT_AJAX,classical_planet,sun,0,low,Algorithmic seed score from v0.1 category/domains/tags; matched: none.,SRC_INTERNAL_HEURISTIC_V0_2,needs_review
ENT_AJAX,classical_planet,mars,0,low,Algorithmic seed score from v0.1 category/domains/tags; matched: none.,SRC_INTERNAL_HEURISTIC_V0_2,needs_review
ENT_AJAX,classical_planet,jupiter,0,low,Algorithmic seed score from v0.1 category/domains/tags; matched: none.,SRC_INTERNAL_HEURISTIC_V0_2,needs_review
ENT_AJAX,classical_planet,saturn,0,low,Algorithmic seed score from v0.1 category/domains/tags; matched: none.,SRC_INTERNAL_HEURISTIC_V0_2,needs_review
ENT_ODYSSEUS,classical_element,earth,2,low,Algorithmic seed score from v0.1 category/domains/tags; matched: none.,SRC_INTERNAL_HEURISTIC_V0_2,needs_review
ENT_ODYSSEUS,classical_element,water,0,low,Algorithmic seed score from v0.1 category/domains/tags; matched: none.,SRC_INTERNAL_HEURISTIC_V0_2,needs_review
ENT_ODYSSEUS,classical_element,fire,0,low,Algorithmic seed score from v0.1 category/domains/tags; matched: none.,SRC_INTERNAL_HEURISTIC_V0_2,needs_review
ENT_ODYSSEUS,classical_element,air,0,low,Algorithmic seed score from v0.1 category/domains/tags; matched: none.,SRC_INTERNAL_HEURISTIC_V0_2,needs_review
ENT_ODYSSEUS,classical_planet,moon,0,low,Algorithmic seed score from v0.1 category/domains/tags; matched: none.,SRC_INTERNAL_HEURISTIC_V0_2,needs_review
ENT_ODYSSEUS,classical_planet,mercury,0,low,Algorithmic seed score from v0.1 category/domains/tags; matched: none.,SRC_INTERNAL_HEURISTIC_V0_2,needs_review
ENT_ODYSSEUS,classical_planet,venus,0,low,Algorithmic seed score from v0.1 category/domains/tags; matched: none.,SRC_INTERNAL_HEURISTIC_V0_2,needs_review
ENT_ODYSSEUS,classical_planet,sun,0,low,Algorithmic seed score from v0.1 category/domains/tags; matched: none.,SRC_INTERNAL_HEURISTIC_V0_2,needs_review
ENT_ODYSSEUS,classical_planet,mars,0,low,Algorithmic seed score from v0.1 category/domains/tags; matched: none.,SRC_INTERNAL_HEURISTIC_V0_2,needs_review
ENT_ODYSSEUS,classical_planet,jupiter,0,low,Algorithmic seed score from v0.1 category/domains/tags; matched: none.,SRC_INTERNAL_HEURISTIC_V0_2,needs_review
ENT_ODYSSEUS,classical_planet,saturn,0,low,Algorithmic seed score from v0.1 category/domains/tags; matched: none.,SRC_INTERNAL_HEURISTIC_V0_2,needs_review
ENT_MENELAUS,classical_element,earth,2,low,Algorithmic seed score from v0.1 category/domains/tags; matched: none.,SRC_INTERNAL_HEURISTIC_V0_2,needs_review
ENT_MENELAUS,classical_element,water,0,low,Algorithmic seed score from v0.1 category/domains/tags; matched: none.,SRC_INTERNAL_HEURISTIC_V0_2,needs_review
ENT_MENELAUS,classical_element,fire,0,low,Algorithmic seed score from v0.1 category/domains/tags; matched: none.,SRC_INTERNAL_HEURISTIC_V0_2,needs_review
ENT_MENELAUS,classical_element,air,0,low,Algorithmic seed score from v0.1 category/domains/tags; matched: none.,SRC_INTERNAL_HEURISTIC_V0_2,needs_review
ENT_MENELAUS,classical_planet,moon,0,low,Algorithmic seed score from v0.1 category/domains/tags; matched: none.,SRC_INTERNAL_HEURISTIC_V0_2,needs_review
ENT_MENELAUS,classical_planet,mercury,0,low,Algorithmic seed score from v0.1 category/domains/tags; matched: none.,SRC_INTERNAL_HEURISTIC_V0_2,needs_review
ENT_MENELAUS,classical_planet,venus,0,low,Algorithmic seed score from v0.1 category/domains/tags; matched: none.,SRC_INTERNAL_HEURISTIC_V0_2,needs_review
ENT_MENELAUS,classical_planet,sun,0,low,Algorithmic seed score from v0.1 category/domains/tags; matched: none.,SRC_INTERNAL_HEURISTIC_V0_2,needs_review
ENT_MENELAUS,classical_planet,mars,0,low,Algorithmic seed score from v0.1 category/domains/tags; matched: none.,SRC_INTERNAL_HEURISTIC_V0_2,needs_review
ENT_MENELAUS,classical_planet,jupiter,0,low,Algorithmic seed score from v0.1 category/domains/tags; matched: none.,SRC_INTERNAL_HEURISTIC_V0_2,needs_review
ENT_MENELAUS,classical_planet,saturn,0,low,Algorithmic seed score from v0.1 category/domains/tags; matched: none.,SRC_INTERNAL_HEURISTIC_V0_2,needs_review
ENT_HELEN,classical_element,earth,2,low,Algorithmic seed score from v0.1 category/domains/tags; matched: none.,SRC_INTERNAL_HEURISTIC_V0_2,needs_review
ENT_HELEN,classical_element,water,0,low,Algorithmic seed score from v0.1 category/domains/tags; matched: none.,SRC_INTERNAL_HEURISTIC_V0_2,needs_review
ENT_HELEN,classical_element,fire,0,low,Algorithmic seed score from v0.1 category/domains/tags; matched: none.,SRC_INTERNAL_HEURISTIC_V0_2,needs_review
ENT_HELEN,classical_element,air,0,low,Algorithmic seed score from v0.1 category/domains/tags; matched: none.,SRC_INTERNAL_HEURISTIC_V0_2,needs_review
ENT_HELEN,classical_planet,moon,0,low,Algorithmic seed score from v0.1 category/domains/tags; matched: none.,SRC_INTERNAL_HEURISTIC_V0_2,needs_review
ENT_HELEN,classical_planet,mercury,0,low,Algorithmic seed score from v0.1 category/domains/tags; matched: none.,SRC_INTERNAL_HEURISTIC_V0_2,needs_review
ENT_HELEN,classical_planet,venus,0,low,Algorithmic seed score from v0.1 category/domains/tags; matched: none.,SRC_INTERNAL_HEURISTIC_V0_2,needs_review
ENT_HELEN,classical_planet,sun,0,low,Algorithmic seed score from v0.1 category/domains/tags; matched: none.,SRC_INTERNAL_HEURISTIC_V0_2,needs_review
ENT_HELEN,classical_planet,mars,0,low,Algorithmic seed score from v0.1 category/domains/tags; matched: none.,SRC_INTERNAL_HEURISTIC_V0_2,needs_review
ENT_HELEN,classical_planet,jupiter,0,low,Algorithmic seed score from v0.1 category/domains/tags; matched: none.,SRC_INTERNAL_HEURISTIC_V0_2,needs_review
ENT_HELEN,classical_planet,saturn,0,low,Algorithmic seed score from v0.1 category/domains/tags; matched: none.,SRC_INTERNAL_HEURISTIC_V0_2,needs_review
ENT_IPHIGENIA,classical_element,earth,2,low,Algorithmic seed score from v0.1 category/domains/tags; matched: none.,SRC_INTERNAL_HEURISTIC_V0_2,needs_review
ENT_IPHIGENIA,classical_element,water,0,low,Algorithmic seed score from v0.1 category/domains/tags; matched: none.,SRC_INTERNAL_HEURISTIC_V0_2,needs_review
ENT_IPHIGENIA,classical_element,fire,0,low,Algorithmic seed score from v0.1 category/domains/tags; matched: none.,SRC_INTERNAL_HEURISTIC_V0_2,needs_review
ENT_IPHIGENIA,classical_element,air,0,low,Algorithmic seed score from v0.1 category/domains/tags; matched: none.,SRC_INTERNAL_HEURISTIC_V0_2,needs_review
ENT_IPHIGENIA,classical_planet,moon,0,low,Algorithmic seed score from v0.1 category/domains/tags; matched: none.,SRC_INTERNAL_HEURISTIC_V0_2,needs_review
ENT_IPHIGENIA,classical_planet,mercury,0,low,Algorithmic seed score from v0.1 category/domains/tags; matched: none.,SRC_INTERNAL_HEURISTIC_V0_2,needs_review
ENT_IPHIGENIA,classical_planet,venus,0,low,Algorithmic seed score from v0.1 category/domains/tags; matched: none.,SRC_INTERNAL_HEURISTIC_V0_2,needs_review
ENT_IPHIGENIA,classical_planet,sun,0,low,Algorithmic seed score from v0.1 category/domains/tags; matched: none.,SRC_INTERNAL_HEURISTIC_V0_2,needs_review
ENT_IPHIGENIA,classical_planet,mars,0,low,Algorithmic seed score from v0.1 category/domains/tags; matched: none.,SRC_INTERNAL_HEURISTIC_V0_2,needs_review
ENT_IPHIGENIA,classical_planet,jupiter,0,low,Algorithmic seed score from v0.1 category/domains/tags; matched: none.,SRC_INTERNAL_HEURISTIC_V0_2,needs_review
ENT_IPHIGENIA,classical_planet,saturn,0,low,Algorithmic seed score from v0.1 category/domains/tags; matched: none.,SRC_INTERNAL_HEURISTIC_V0_2,needs_review
ENT_ORESTES,classical_element,earth,2,low,Algorithmic seed score from v0.1 category/domains/tags; matched: none.,SRC_INTERNAL_HEURISTIC_V0_2,needs_review
ENT_ORESTES,classical_element,water,0,low,Algorithmic seed score from v0.1 category/domains/tags; matched: none.,SRC_INTERNAL_HEURISTIC_V0_2,needs_review
ENT_ORESTES,classical_element,fire,0,low,Algorithmic seed score from v0.1 category/domains/tags; matched: none.,SRC_INTERNAL_HEURISTIC_V0_2,needs_review
ENT_ORESTES,classical_element,air,0,low,Algorithmic seed score from v0.1 category/domains/tags; matched: none.,SRC_INTERNAL_HEURISTIC_V0_2,needs_review
ENT_ORESTES,classical_planet,moon,0,low,Algorithmic seed score from v0.1 category/domains/tags; matched: none.,SRC_INTERNAL_HEURISTIC_V0_2,needs_review
ENT_ORESTES,classical_planet,mercury,0,low,Algorithmic seed score from v0.1 category/domains/tags; matched: none.,SRC_INTERNAL_HEURISTIC_V0_2,needs_review
ENT_ORESTES,classical_planet,venus,0,low,Algorithmic seed score from v0.1 category/domains/tags; matched: none.,SRC_INTERNAL_HEURISTIC_V0_2,needs_review
ENT_ORESTES,classical_planet,sun,0,low,Algorithmic seed score from v0.1 category/domains/tags; matched: none.,SRC_INTERNAL_HEURISTIC_V0_2,needs_review
ENT_ORESTES,classical_planet,mars,0,low,Algorithmic seed score from v0.1 category/domains/tags; matched: none.,SRC_INTERNAL_HEURISTIC_V0_2,needs_review
ENT_ORESTES,classical_planet,jupiter,0,low,Algorithmic seed score from v0.1 category/domains/tags; matched: none.,SRC_INTERNAL_HEURISTIC_V0_2,needs_review
ENT_ORESTES,classical_planet,saturn,0,low,Algorithmic seed score from v0.1 category/domains/tags; matched: none.,SRC_INTERNAL_HEURISTIC_V0_2,needs_review
ENT_PYLADES,classical_element,earth,2,low,Algorithmic seed score from v0.1 category/domains/tags; matched: none.,SRC_INTERNAL_HEURISTIC_V0_2,needs_review
ENT_PYLADES,classical_element,water,0,low,Algorithmic seed score from v0.1 category/domains/tags; matched: none.,SRC_INTERNAL_HEURISTIC_V0_2,needs_review
ENT_PYLADES,classical_element,fire,0,low,Algorithmic seed score from v0.1 category/domains/tags; matched: none.,SRC_INTERNAL_HEURISTIC_V0_2,needs_review
ENT_PYLADES,classical_element,air,0,low,Algorithmic seed score from v0.1 category/domains/tags; matched: none.,SRC_INTERNAL_HEURISTIC_V0_2,needs_review
ENT_PYLADES,classical_planet,moon,0,low,Algorithmic seed score from v0.1 category/domains/tags; matched: none.,SRC_INTERNAL_HEURISTIC_V0_2,needs_review
ENT_PYLADES,classical_planet,mercury,0,low,Algorithmic seed score from v0.1 category/domains/tags; matched: none.,SRC_INTERNAL_HEURISTIC_V0_2,needs_review
ENT_PYLADES,classical_planet,venus,0,low,Algorithmic seed score from v0.1 category/domains/tags; matched: none.,SRC_INTERNAL_HEURISTIC_V0_2,needs_review
ENT_PYLADES,classical_planet,sun,0,low,Algorithmic seed score from v0.1 category/domains/tags; matched: none.,SRC_INTERNAL_HEURISTIC_V0_2,needs_review
ENT_PYLADES,classical_planet,mars,0,low,Algorithmic seed score from v0.1 category/domains/tags; matched: none.,SRC_INTERNAL_HEURISTIC_V0_2,needs_review
ENT_PYLADES,classical_planet,jupiter,0,low,Algorithmic seed score from v0.1 category/domains/tags; matched: none.,SRC_INTERNAL_HEURISTIC_V0_2,needs_review
ENT_PYLADES,classical_planet,saturn,0,low,Algorithmic seed score from v0.1 category/domains/tags; matched: none.,SRC_INTERNAL_HEURISTIC_V0_2,needs_review
ENT_DIOMEDES,classical_element,earth,2,low,Algorithmic seed score from v0.1 category/domains/tags; matched: none.,SRC_INTERNAL_HEURISTIC_V0_2,needs_review
ENT_DIOMEDES,classical_element,water,0,low,Algorithmic seed score from v0.1 category/domains/tags; matched: none.,SRC_INTERNAL_HEURISTIC_V0_2,needs_review
ENT_DIOMEDES,classical_element,fire,0,low,Algorithmic seed score from v0.1 category/domains/tags; matched: none.,SRC_INTERNAL_HEURISTIC_V0_2,needs_review
ENT_DIOMEDES,classical_element,air,0,low,Algorithmic seed score from v0.1 category/domains/tags; matched: none.,SRC_INTERNAL_HEURISTIC_V0_2,needs_review
ENT_DIOMEDES,classical_planet,moon,0,low,Algorithmic seed score from v0.1 category/domains/tags; matched: none.,SRC_INTERNAL_HEURISTIC_V0_2,needs_review
ENT_DIOMEDES,classical_planet,mercury,0,low,Algorithmic seed score from v0.1 category/domains/tags; matched: none.,SRC_INTERNAL_HEURISTIC_V0_2,needs_review
ENT_DIOMEDES,classical_planet,venus,0,low,Algorithmic seed score from v0.1 category/domains/tags; matched: none.,SRC_INTERNAL_HEURISTIC_V0_2,needs_review
ENT_DIOMEDES,classical_planet,sun,0,low,Algorithmic seed score from v0.1 category/domains/tags; matched: none.,SRC_INTERNAL_HEURISTIC_V0_2,needs_review
ENT_DIOMEDES,classical_planet,mars,0,low,Algorithmic seed score from v0.1 category/domains/tags; matched: none.,SRC_INTERNAL_HEURISTIC_V0_2,needs_review
ENT_DIOMEDES,classical_planet,jupiter,0,low,Algorithmic seed score from v0.1 category/domains/tags; matched: none.,SRC_INTERNAL_HEURISTIC_V0_2,needs_review
ENT_DIOMEDES,classical_planet,saturn,0,low,Algorithmic seed score from v0.1 category/domains/tags; matched: none.,SRC_INTERNAL_HEURISTIC_V0_2,needs_review
ENT_HIPPOLYTUS,classical_element,earth,2,low,Algorithmic seed score from v0.1 category/domains/tags; matched: none.,SRC_INTERNAL_HEURISTIC_V0_2,needs_review
ENT_HIPPOLYTUS,classical_element,water,0,low,Algorithmic seed score from v0.1 category/domains/tags; matched: none.,SRC_INTERNAL_HEURISTIC_V0_2,needs_review
ENT_HIPPOLYTUS,classical_element,fire,0,low,Algorithmic seed score from v0.1 category/domains/tags; matched: none.,SRC_INTERNAL_HEURISTIC_V0_2,needs_review
ENT_HIPPOLYTUS,classical_element,air,0,low,Algorithmic seed score from v0.1 category/domains/tags; matched: none.,SRC_INTERNAL_HEURISTIC_V0_2,needs_review
ENT_HIPPOLYTUS,classical_planet,moon,0,low,Algorithmic seed score from v0.1 category/domains/tags; matched: none.,SRC_INTERNAL_HEURISTIC_V0_2,needs_review
ENT_HIPPOLYTUS,classical_planet,mercury,0,low,Algorithmic seed score from v0.1 category/domains/tags; matched: none.,SRC_INTERNAL_HEURISTIC_V0_2,needs_review
ENT_HIPPOLYTUS,classical_planet,venus,0,low,Algorithmic seed score from v0.1 category/domains/tags; matched: none.,SRC_INTERNAL_HEURISTIC_V0_2,needs_review
ENT_HIPPOLYTUS,classical_planet,sun,0,low,Algorithmic seed score from v0.1 category/domains/tags; matched: none.,SRC_INTERNAL_HEURISTIC_V0_2,needs_review
ENT_HIPPOLYTUS,classical_planet,mars,0,low,Algorithmic seed score from v0.1 category/domains/tags; matched: none.,SRC_INTERNAL_HEURISTIC_V0_2,needs_review
ENT_HIPPOLYTUS,classical_planet,jupiter,0,low,Algorithmic seed score from v0.1 category/domains/tags; matched: none.,SRC_INTERNAL_HEURISTIC_V0_2,needs_review
ENT_HIPPOLYTUS,classical_planet,saturn,0,low,Algorithmic seed score from v0.1 category/domains/tags; matched: none.,SRC_INTERNAL_HEURISTIC_V0_2,needs_review
ENT_HYACINTHUS,classical_element,earth,2,low,Algorithmic seed score from v0.1 category/domains/tags; matched: none.,SRC_INTERNAL_HEURISTIC_V0_2,needs_review
ENT_HYACINTHUS,classical_element,water,0,low,Algorithmic seed score from v0.1 category/domains/tags; matched: none.,SRC_INTERNAL_HEURISTIC_V0_2,needs_review
ENT_HYACINTHUS,classical_element,fire,0,low,Algorithmic seed score from v0.1 category/domains/tags; matched: none.,SRC_INTERNAL_HEURISTIC_V0_2,needs_review
ENT_HYACINTHUS,classical_element,air,0,low,Algorithmic seed score from v0.1 category/domains/tags; matched: none.,SRC_INTERNAL_HEURISTIC_V0_2,needs_review
ENT_HYACINTHUS,classical_planet,moon,0,low,Algorithmic seed score from v0.1 category/domains/tags; matched: none.,SRC_INTERNAL_HEURISTIC_V0_2,needs_review
ENT_HYACINTHUS,classical_planet,mercury,0,low,Algorithmic seed score from v0.1 category/domains/tags; matched: none.,SRC_INTERNAL_HEURISTIC_V0_2,needs_review
ENT_HYACINTHUS,classical_planet,venus,0,low,Algorithmic seed score from v0.1 category/domains/tags; matched: none.,SRC_INTERNAL_HEURISTIC_V0_2,needs_review
ENT_HYACINTHUS,classical_planet,sun,0,low,Algorithmic seed score from v0.1 category/domains/tags; matched: none.,SRC_INTERNAL_HEURISTIC_V0_2,needs_review
ENT_HYACINTHUS,classical_planet,mars,0,low,Algorithmic seed score from v0.1 category/domains/tags; matched: none.,SRC_INTERNAL_HEURISTIC_V0_2,needs_review
ENT_HYACINTHUS,classical_planet,jupiter,0,low,Algorithmic seed score from v0.1 category/domains/tags; matched: none.,SRC_INTERNAL_HEURISTIC_V0_2,needs_review
ENT_HYACINTHUS,classical_planet,saturn,0,low,Algorithmic seed score from v0.1 category/domains/tags; matched: none.,SRC_INTERNAL_HEURISTIC_V0_2,needs_review
ENT_ADONIS_HERO,classical_element,earth,2,low,Algorithmic seed score from v0.1 category/domains/tags; matched: none.,SRC_INTERNAL_HEURISTIC_V0_2,needs_review
ENT_ADONIS_HERO,classical_element,water,0,low,Algorithmic seed score from v0.1 category/domains/tags; matched: none.,SRC_INTERNAL_HEURISTIC_V0_2,needs_review
ENT_ADONIS_HERO,classical_element,fire,0,low,Algorithmic seed score from v0.1 category/domains/tags; matched: none.,SRC_INTERNAL_HEURISTIC_V0_2,needs_review
ENT_ADONIS_HERO,classical_element,air,0,low,Algorithmic seed score from v0.1 category/domains/tags; matched: none.,SRC_INTERNAL_HEURISTIC_V0_2,needs_review
ENT_ADONIS_HERO,classical_planet,moon,0,low,Algorithmic seed score from v0.1 category/domains/tags; matched: none.,SRC_INTERNAL_HEURISTIC_V0_2,needs_review
ENT_ADONIS_HERO,classical_planet,mercury,0,low,Algorithmic seed score from v0.1 category/domains/tags; matched: none.,SRC_INTERNAL_HEURISTIC_V0_2,needs_review
ENT_ADONIS_HERO,classical_planet,venus,0,low,Algorithmic seed score from v0.1 category/domains/tags; matched: none.,SRC_INTERNAL_HEURISTIC_V0_2,needs_review
ENT_ADONIS_HERO,classical_planet,sun,0,low,Algorithmic seed score from v0.1 category/domains/tags; matched: none.,SRC_INTERNAL_HEURISTIC_V0_2,needs_review
ENT_ADONIS_HERO,classical_planet,mars,0,low,Algorithmic seed score from v0.1 category/domains/tags; matched: none.,SRC_INTERNAL_HEURISTIC_V0_2,needs_review
ENT_ADONIS_HERO,classical_planet,jupiter,0,low,Algorithmic seed score from v0.1 category/domains/tags; matched: none.,SRC_INTERNAL_HEURISTIC_V0_2,needs_review
ENT_ADONIS_HERO,classical_planet,saturn,0,low,Algorithmic seed score from v0.1 category/domains/tags; matched: none.,SRC_INTERNAL_HEURISTIC_V0_2,needs_review
ENT_ERECHTHEUS,classical_element,earth,2,low,Algorithmic seed score from v0.1 category/domains/tags; matched: none.,SRC_INTERNAL_HEURISTIC_V0_2,needs_review
ENT_ERECHTHEUS,classical_element,water,0,low,Algorithmic seed score from v0.1 category/domains/tags; matched: none.,SRC_INTERNAL_HEURISTIC_V0_2,needs_review
ENT_ERECHTHEUS,classical_element,fire,0,low,Algorithmic seed score from v0.1 category/domains/tags; matched: none.,SRC_INTERNAL_HEURISTIC_V0_2,needs_review
ENT_ERECHTHEUS,classical_element,air,0,low,Algorithmic seed score from v0.1 category/domains/tags; matched: none.,SRC_INTERNAL_HEURISTIC_V0_2,needs_review
ENT_ERECHTHEUS,classical_planet,moon,0,low,Algorithmic seed score from v0.1 category/domains/tags; matched: none.,SRC_INTERNAL_HEURISTIC_V0_2,needs_review
ENT_ERECHTHEUS,classical_planet,mercury,0,low,Algorithmic seed score from v0.1 category/domains/tags; matched: none.,SRC_INTERNAL_HEURISTIC_V0_2,needs_review
ENT_ERECHTHEUS,classical_planet,venus,0,low,Algorithmic seed score from v0.1 category/domains/tags; matched: none.,SRC_INTERNAL_HEURISTIC_V0_2,needs_review
ENT_ERECHTHEUS,classical_planet,sun,0,low,Algorithmic seed score from v0.1 category/domains/tags; matched: none.,SRC_INTERNAL_HEURISTIC_V0_2,needs_review
ENT_ERECHTHEUS,classical_planet,mars,0,low,Algorithmic seed score from v0.1 category/domains/tags; matched: none.,SRC_INTERNAL_HEURISTIC_V0_2,needs_review
ENT_ERECHTHEUS,classical_planet,jupiter,0,low,Algorithmic seed score from v0.1 category/domains/tags; matched: none.,SRC_INTERNAL_HEURISTIC_V0_2,needs_review
ENT_ERECHTHEUS,classical_planet,saturn,0,low,Algorithmic seed score from v0.1 category/domains/tags; matched: none.,SRC_INTERNAL_HEURISTIC_V0_2,needs_review
ENT_CECROPS,classical_element,earth,2,low,Algorithmic seed score from v0.1 category/domains/tags; matched: none.,SRC_INTERNAL_HEURISTIC_V0_2,needs_review
ENT_CECROPS,classical_element,water,0,low,Algorithmic seed score from v0.1 category/domains/tags; matched: none.,SRC_INTERNAL_HEURISTIC_V0_2,needs_review
ENT_CECROPS,classical_element,fire,0,low,Algorithmic seed score from v0.1 category/domains/tags; matched: none.,SRC_INTERNAL_HEURISTIC_V0_2,needs_review
ENT_CECROPS,classical_element,air,0,low,Algorithmic seed score from v0.1 category/domains/tags; matched: none.,SRC_INTERNAL_HEURISTIC_V0_2,needs_review
ENT_CECROPS,classical_planet,moon,0,low,Algorithmic seed score from v0.1 category/domains/tags; matched: none.,SRC_INTERNAL_HEURISTIC_V0_2,needs_review
ENT_CECROPS,classical_planet,mercury,0,low,Algorithmic seed score from v0.1 category/domains/tags; matched: none.,SRC_INTERNAL_HEURISTIC_V0_2,needs_review
ENT_CECROPS,classical_planet,venus,0,low,Algorithmic seed score from v0.1 category/domains/tags; matched: none.,SRC_INTERNAL_HEURISTIC_V0_2,needs_review
ENT_CECROPS,classical_planet,sun,0,low,Algorithmic seed score from v0.1 category/domains/tags; matched: none.,SRC_INTERNAL_HEURISTIC_V0_2,needs_review
ENT_CECROPS,classical_planet,mars,0,low,Algorithmic seed score from v0.1 category/domains/tags; matched: none.,SRC_INTERNAL_HEURISTIC_V0_2,needs_review
ENT_CECROPS,classical_planet,jupiter,0,low,Algorithmic seed score from v0.1 category/domains/tags; matched: none.,SRC_INTERNAL_HEURISTIC_V0_2,needs_review
ENT_CECROPS,classical_planet,saturn,0,low,Algorithmic seed score from v0.1 category/domains/tags; matched: none.,SRC_INTERNAL_HEURISTIC_V0_2,needs_review
ENT_ION,classical_element,earth,2,low,Algorithmic seed score from v0.1 category/domains/tags; matched: none.,SRC_INTERNAL_HEURISTIC_V0_2,needs_review
ENT_ION,classical_element,water,0,low,Algorithmic seed score from v0.1 category/domains/tags; matched: none.,SRC_INTERNAL_HEURISTIC_V0_2,needs_review
ENT_ION,classical_element,fire,0,low,Algorithmic seed score from v0.1 category/domains/tags; matched: none.,SRC_INTERNAL_HEURISTIC_V0_2,needs_review
ENT_ION,classical_element,air,0,low,Algorithmic seed score from v0.1 category/domains/tags; matched: none.,SRC_INTERNAL_HEURISTIC_V0_2,needs_review
ENT_ION,classical_planet,moon,0,low,Algorithmic seed score from v0.1 category/domains/tags; matched: none.,SRC_INTERNAL_HEURISTIC_V0_2,needs_review
ENT_ION,classical_planet,mercury,0,low,Algorithmic seed score from v0.1 category/domains/tags; matched: none.,SRC_INTERNAL_HEURISTIC_V0_2,needs_review
ENT_ION,classical_planet,venus,0,low,Algorithmic seed score from v0.1 category/domains/tags; matched: none.,SRC_INTERNAL_HEURISTIC_V0_2,needs_review
ENT_ION,classical_planet,sun,0,low,Algorithmic seed score from v0.1 category/domains/tags; matched: none.,SRC_INTERNAL_HEURISTIC_V0_2,needs_review
ENT_ION,classical_planet,mars,0,low,Algorithmic seed score from v0.1 category/domains/tags; matched: none.,SRC_INTERNAL_HEURISTIC_V0_2,needs_review
ENT_ION,classical_planet,jupiter,0,low,Algorithmic seed score from v0.1 category/domains/tags; matched: none.,SRC_INTERNAL_HEURISTIC_V0_2,needs_review
ENT_ION,classical_planet,saturn,0,low,Algorithmic seed score from v0.1 category/domains/tags; matched: none.,SRC_INTERNAL_HEURISTIC_V0_2,needs_review
ENT_MINOS_HERO,classical_element,earth,2,low,Algorithmic seed score from v0.1 category/domains/tags; matched: none.,SRC_INTERNAL_HEURISTIC_V0_2,needs_review
ENT_MINOS_HERO,classical_element,water,0,low,Algorithmic seed score from v0.1 category/domains/tags; matched: none.,SRC_INTERNAL_HEURISTIC_V0_2,needs_review
ENT_MINOS_HERO,classical_element,fire,0,low,Algorithmic seed score from v0.1 category/domains/tags; matched: none.,SRC_INTERNAL_HEURISTIC_V0_2,needs_review
ENT_MINOS_HERO,classical_element,air,0,low,Algorithmic seed score from v0.1 category/domains/tags; matched: none.,SRC_INTERNAL_HEURISTIC_V0_2,needs_review
ENT_MINOS_HERO,classical_planet,moon,0,low,Algorithmic seed score from v0.1 category/domains/tags; matched: none.,SRC_INTERNAL_HEURISTIC_V0_2,needs_review
ENT_MINOS_HERO,classical_planet,mercury,0,low,Algorithmic seed score from v0.1 category/domains/tags; matched: none.,SRC_INTERNAL_HEURISTIC_V0_2,needs_review
ENT_MINOS_HERO,classical_planet,venus,0,low,Algorithmic seed score from v0.1 category/domains/tags; matched: none.,SRC_INTERNAL_HEURISTIC_V0_2,needs_review
ENT_MINOS_HERO,classical_planet,sun,0,low,Algorithmic seed score from v0.1 category/domains/tags; matched: none.,SRC_INTERNAL_HEURISTIC_V0_2,needs_review
ENT_MINOS_HERO,classical_planet,mars,0,low,Algorithmic seed score from v0.1 category/domains/tags; matched: none.,SRC_INTERNAL_HEURISTIC_V0_2,needs_review
ENT_MINOS_HERO,classical_planet,jupiter,0,low,Algorithmic seed score from v0.1 category/domains/tags; matched: none.,SRC_INTERNAL_HEURISTIC_V0_2,needs_review
ENT_MINOS_HERO,classical_planet,saturn,0,low,Algorithmic seed score from v0.1 category/domains/tags; matched: none.,SRC_INTERNAL_HEURISTIC_V0_2,needs_review
ENT_RHADAMANTHYS_HERO,classical_element,earth,2,low,Algorithmic seed score from v0.1 category/domains/tags; matched: none.,SRC_INTERNAL_HEURISTIC_V0_2,needs_review
ENT_RHADAMANTHYS_HERO,classical_element,water,0,low,Algorithmic seed score from v0.1 category/domains/tags; matched: none.,SRC_INTERNAL_HEURISTIC_V0_2,needs_review
ENT_RHADAMANTHYS_HERO,classical_element,fire,0,low,Algorithmic seed score from v0.1 category/domains/tags; matched: none.,SRC_INTERNAL_HEURISTIC_V0_2,needs_review
ENT_RHADAMANTHYS_HERO,classical_element,air,0,low,Algorithmic seed score from v0.1 category/domains/tags; matched: none.,SRC_INTERNAL_HEURISTIC_V0_2,needs_review
ENT_RHADAMANTHYS_HERO,classical_planet,moon,0,low,Algorithmic seed score from v0.1 category/domains/tags; matched: none.,SRC_INTERNAL_HEURISTIC_V0_2,needs_review
ENT_RHADAMANTHYS_HERO,classical_planet,mercury,0,low,Algorithmic seed score from v0.1 category/domains/tags; matched: none.,SRC_INTERNAL_HEURISTIC_V0_2,needs_review
ENT_RHADAMANTHYS_HERO,classical_planet,venus,0,low,Algorithmic seed score from v0.1 category/domains/tags; matched: none.,SRC_INTERNAL_HEURISTIC_V0_2,needs_review
ENT_RHADAMANTHYS_HERO,classical_planet,sun,0,low,Algorithmic seed score from v0.1 category/domains/tags; matched: none.,SRC_INTERNAL_HEURISTIC_V0_2,needs_review
ENT_RHADAMANTHYS_HERO,classical_planet,mars,0,low,Algorithmic seed score from v0.1 category/domains/tags; matched: none.,SRC_INTERNAL_HEURISTIC_V0_2,needs_review
ENT_RHADAMANTHYS_HERO,classical_planet,jupiter,0,low,Algorithmic seed score from v0.1 category/domains/tags; matched: none.,SRC_INTERNAL_HEURISTIC_V0_2,needs_review
ENT_RHADAMANTHYS_HERO,classical_planet,saturn,0,low,Algorithmic seed score from v0.1 category/domains/tags; matched: none.,SRC_INTERNAL_HEURISTIC_V0_2,needs_review
ENT_AEACUS_HERO,classical_element,earth,2,low,Algorithmic seed score from v0.1 category/domains/tags; matched: none.,SRC_INTERNAL_HEURISTIC_V0_2,needs_review
ENT_AEACUS_HERO,classical_element,water,0,low,Algorithmic seed score from v0.1 category/domains/tags; matched: none.,SRC_INTERNAL_HEURISTIC_V0_2,needs_review
ENT_AEACUS_HERO,classical_element,fire,0,low,Algorithmic seed score from v0.1 category/domains/tags; matched: none.,SRC_INTERNAL_HEURISTIC_V0_2,needs_review
ENT_AEACUS_HERO,classical_element,air,0,low,Algorithmic seed score from v0.1 category/domains/tags; matched: none.,SRC_INTERNAL_HEURISTIC_V0_2,needs_review
ENT_AEACUS_HERO,classical_planet,moon,0,low,Algorithmic seed score from v0.1 category/domains/tags; matched: none.,SRC_INTERNAL_HEURISTIC_V0_2,needs_review
ENT_AEACUS_HERO,classical_planet,mercury,0,low,Algorithmic seed score from v0.1 category/domains/tags; matched: none.,SRC_INTERNAL_HEURISTIC_V0_2,needs_review
ENT_AEACUS_HERO,classical_planet,venus,0,low,Algorithmic seed score from v0.1 category/domains/tags; matched: none.,SRC_INTERNAL_HEURISTIC_V0_2,needs_review
ENT_AEACUS_HERO,classical_planet,sun,0,low,Algorithmic seed score from v0.1 category/domains/tags; matched: none.,SRC_INTERNAL_HEURISTIC_V0_2,needs_review
ENT_AEACUS_HERO,classical_planet,mars,0,low,Algorithmic seed score from v0.1 category/domains/tags; matched: none.,SRC_INTERNAL_HEURISTIC_V0_2,needs_review
ENT_AEACUS_HERO,classical_planet,jupiter,0,low,Algorithmic seed score from v0.1 category/domains/tags; matched: none.,SRC_INTERNAL_HEURISTIC_V0_2,needs_review
ENT_AEACUS_HERO,classical_planet,saturn,0,low,Algorithmic seed score from v0.1 category/domains/tags; matched: none.,SRC_INTERNAL_HEURISTIC_V0_2,needs_review
ENT_PELOPS,classical_element,earth,2,low,Algorithmic seed score from v0.1 category/domains/tags; matched: none.,SRC_INTERNAL_HEURISTIC_V0_2,needs_review
ENT_PELOPS,classical_element,water,0,low,Algorithmic seed score from v0.1 category/domains/tags; matched: none.,SRC_INTERNAL_HEURISTIC_V0_2,needs_review
ENT_PELOPS,classical_element,fire,0,low,Algorithmic seed score from v0.1 category/domains/tags; matched: none.,SRC_INTERNAL_HEURISTIC_V0_2,needs_review
ENT_PELOPS,classical_element,air,0,low,Algorithmic seed score from v0.1 category/domains/tags; matched: none.,SRC_INTERNAL_HEURISTIC_V0_2,needs_review
ENT_PELOPS,classical_planet,moon,0,low,Algorithmic seed score from v0.1 category/domains/tags; matched: none.,SRC_INTERNAL_HEURISTIC_V0_2,needs_review
ENT_PELOPS,classical_planet,mercury,0,low,Algorithmic seed score from v0.1 category/domains/tags; matched: none.,SRC_INTERNAL_HEURISTIC_V0_2,needs_review
ENT_PELOPS,classical_planet,venus,0,low,Algorithmic seed score from v0.1 category/domains/tags; matched: none.,SRC_INTERNAL_HEURISTIC_V0_2,needs_review
ENT_PELOPS,classical_planet,sun,0,low,Algorithmic seed score from v0.1 category/domains/tags; matched: none.,SRC_INTERNAL_HEURISTIC_V0_2,needs_review
ENT_PELOPS,classical_planet,mars,0,low,Algorithmic seed score from v0.1 category/domains/tags; matched: none.,SRC_INTERNAL_HEURISTIC_V0_2,needs_review
ENT_PELOPS,classical_planet,jupiter,0,low,Algorithmic seed score from v0.1 category/domains/tags; matched: none.,SRC_INTERNAL_HEURISTIC_V0_2,needs_review
ENT_PELOPS,classical_planet,saturn,0,low,Algorithmic seed score from v0.1 category/domains/tags; matched: none.,SRC_INTERNAL_HEURISTIC_V0_2,needs_review
ENT_OENOMAUS,classical_element,earth,2,low,Algorithmic seed score from v0.1 category/domains/tags; matched: none.,SRC_INTERNAL_HEURISTIC_V0_2,needs_review
ENT_OENOMAUS,classical_element,water,0,low,Algorithmic seed score from v0.1 category/domains/tags; matched: none.,SRC_INTERNAL_HEURISTIC_V0_2,needs_review
ENT_OENOMAUS,classical_element,fire,0,low,Algorithmic seed score from v0.1 category/domains/tags; matched: none.,SRC_INTERNAL_HEURISTIC_V0_2,needs_review
ENT_OENOMAUS,classical_element,air,0,low,Algorithmic seed score from v0.1 category/domains/tags; matched: none.,SRC_INTERNAL_HEURISTIC_V0_2,needs_review
ENT_OENOMAUS,classical_planet,moon,0,low,Algorithmic seed score from v0.1 category/domains/tags; matched: none.,SRC_INTERNAL_HEURISTIC_V0_2,needs_review
ENT_OENOMAUS,classical_planet,mercury,0,low,Algorithmic seed score from v0.1 category/domains/tags; matched: none.,SRC_INTERNAL_HEURISTIC_V0_2,needs_review
ENT_OENOMAUS,classical_planet,venus,0,low,Algorithmic seed score from v0.1 category/domains/tags; matched: none.,SRC_INTERNAL_HEURISTIC_V0_2,needs_review
ENT_OENOMAUS,classical_planet,sun,0,low,Algorithmic seed score from v0.1 category/domains/tags; matched: none.,SRC_INTERNAL_HEURISTIC_V0_2,needs_review
ENT_OENOMAUS,classical_planet,mars,0,low,Algorithmic seed score from v0.1 category/domains/tags; matched: none.,SRC_INTERNAL_HEURISTIC_V0_2,needs_review
ENT_OENOMAUS,classical_planet,jupiter,0,low,Algorithmic seed score from v0.1 category/domains/tags; matched: none.,SRC_INTERNAL_HEURISTIC_V0_2,needs_review
ENT_OENOMAUS,classical_planet,saturn,0,low,Algorithmic seed score from v0.1 category/domains/tags; matched: none.,SRC_INTERNAL_HEURISTIC_V0_2,needs_review
ENT_JASON,classical_element,earth,2,low,Algorithmic seed score from v0.1 category/domains/tags; matched: none.,SRC_INTERNAL_HEURISTIC_V0_2,needs_review
ENT_JASON,classical_element,water,0,low,Algorithmic seed score from v0.1 category/domains/tags; matched: none.,SRC_INTERNAL_HEURISTIC_V0_2,needs_review
ENT_JASON,classical_element,fire,0,low,Algorithmic seed score from v0.1 category/domains/tags; matched: none.,SRC_INTERNAL_HEURISTIC_V0_2,needs_review
ENT_JASON,classical_element,air,0,low,Algorithmic seed score from v0.1 category/domains/tags; matched: none.,SRC_INTERNAL_HEURISTIC_V0_2,needs_review
ENT_JASON,classical_planet,moon,0,low,Algorithmic seed score from v0.1 category/domains/tags; matched: none.,SRC_INTERNAL_HEURISTIC_V0_2,needs_review
ENT_JASON,classical_planet,mercury,0,low,Algorithmic seed score from v0.1 category/domains/tags; matched: none.,SRC_INTERNAL_HEURISTIC_V0_2,needs_review
ENT_JASON,classical_planet,venus,0,low,Algorithmic seed score from v0.1 category/domains/tags; matched: none.,SRC_INTERNAL_HEURISTIC_V0_2,needs_review
ENT_JASON,classical_planet,sun,0,low,Algorithmic seed score from v0.1 category/domains/tags; matched: none.,SRC_INTERNAL_HEURISTIC_V0_2,needs_review
ENT_JASON,classical_planet,mars,0,low,Algorithmic seed score from v0.1 category/domains/tags; matched: none.,SRC_INTERNAL_HEURISTIC_V0_2,needs_review
ENT_JASON,classical_planet,jupiter,0,low,Algorithmic seed score from v0.1 category/domains/tags; matched: none.,SRC_INTERNAL_HEURISTIC_V0_2,needs_review
ENT_JASON,classical_planet,saturn,0,low,Algorithmic seed score from v0.1 category/domains/tags; matched: none.,SRC_INTERNAL_HEURISTIC_V0_2,needs_review
ENT_MEDEA,classical_element,earth,2,low,Algorithmic seed score from v0.1 category/domains/tags; matched: none.,SRC_INTERNAL_HEURISTIC_V0_2,needs_review
ENT_MEDEA,classical_element,water,0,low,Algorithmic seed score from v0.1 category/domains/tags; matched: none.,SRC_INTERNAL_HEURISTIC_V0_2,needs_review
ENT_MEDEA,classical_element,fire,0,low,Algorithmic seed score from v0.1 category/domains/tags; matched: none.,SRC_INTERNAL_HEURISTIC_V0_2,needs_review
ENT_MEDEA,classical_element,air,0,low,Algorithmic seed score from v0.1 category/domains/tags; matched: none.,SRC_INTERNAL_HEURISTIC_V0_2,needs_review
ENT_MEDEA,classical_planet,moon,0,low,Algorithmic seed score from v0.1 category/domains/tags; matched: none.,SRC_INTERNAL_HEURISTIC_V0_2,needs_review
ENT_MEDEA,classical_planet,mercury,0,low,Algorithmic seed score from v0.1 category/domains/tags; matched: none.,SRC_INTERNAL_HEURISTIC_V0_2,needs_review
ENT_MEDEA,classical_planet,venus,0,low,Algorithmic seed score from v0.1 category/domains/tags; matched: none.,SRC_INTERNAL_HEURISTIC_V0_2,needs_review
ENT_MEDEA,classical_planet,sun,0,low,Algorithmic seed score from v0.1 category/domains/tags; matched: none.,SRC_INTERNAL_HEURISTIC_V0_2,needs_review
ENT_MEDEA,classical_planet,mars,0,low,Algorithmic seed score from v0.1 category/domains/tags; matched: none.,SRC_INTERNAL_HEURISTIC_V0_2,needs_review
ENT_MEDEA,classical_planet,jupiter,0,low,Algorithmic seed score from v0.1 category/domains/tags; matched: none.,SRC_INTERNAL_HEURISTIC_V0_2,needs_review
ENT_MEDEA,classical_planet,saturn,0,low,Algorithmic seed score from v0.1 category/domains/tags; matched: none.,SRC_INTERNAL_HEURISTIC_V0_2,needs_review
ENT_MELEAGER,classical_element,earth,2,low,Algorithmic seed score from v0.1 category/domains/tags; matched: none.,SRC_INTERNAL_HEURISTIC_V0_2,needs_review
ENT_MELEAGER,classical_element,water,0,low,Algorithmic seed score from v0.1 category/domains/tags; matched: none.,SRC_INTERNAL_HEURISTIC_V0_2,needs_review
ENT_MELEAGER,classical_element,fire,0,low,Algorithmic seed score from v0.1 category/domains/tags; matched: none.,SRC_INTERNAL_HEURISTIC_V0_2,needs_review
ENT_MELEAGER,classical_element,air,0,low,Algorithmic seed score from v0.1 category/domains/tags; matched: none.,SRC_INTERNAL_HEURISTIC_V0_2,needs_review
ENT_MELEAGER,classical_planet,moon,0,low,Algorithmic seed score from v0.1 category/domains/tags; matched: none.,SRC_INTERNAL_HEURISTIC_V0_2,needs_review
ENT_MELEAGER,classical_planet,mercury,0,low,Algorithmic seed score from v0.1 category/domains/tags; matched: none.,SRC_INTERNAL_HEURISTIC_V0_2,needs_review
ENT_MELEAGER,classical_planet,venus,0,low,Algorithmic seed score from v0.1 category/domains/tags; matched: none.,SRC_INTERNAL_HEURISTIC_V0_2,needs_review
ENT_MELEAGER,classical_planet,sun,0,low,Algorithmic seed score from v0.1 category/domains/tags; matched: none.,SRC_INTERNAL_HEURISTIC_V0_2,needs_review
ENT_MELEAGER,classical_planet,mars,0,low,Algorithmic seed score from v0.1 category/domains/tags; matched: none.,SRC_INTERNAL_HEURISTIC_V0_2,needs_review
ENT_MELEAGER,classical_planet,jupiter,0,low,Algorithmic seed score from v0.1 category/domains/tags; matched: none.,SRC_INTERNAL_HEURISTIC_V0_2,needs_review
ENT_MELEAGER,classical_planet,saturn,0,low,Algorithmic seed score from v0.1 category/domains/tags; matched: none.,SRC_INTERNAL_HEURISTIC_V0_2,needs_review
ENT_ATALANTA,classical_element,earth,2,low,Algorithmic seed score from v0.1 category/domains/tags; matched: none.,SRC_INTERNAL_HEURISTIC_V0_2,needs_review
ENT_ATALANTA,classical_element,water,0,low,Algorithmic seed score from v0.1 category/domains/tags; matched: none.,SRC_INTERNAL_HEURISTIC_V0_2,needs_review
ENT_ATALANTA,classical_element,fire,0,low,Algorithmic seed score from v0.1 category/domains/tags; matched: none.,SRC_INTERNAL_HEURISTIC_V0_2,needs_review
ENT_ATALANTA,classical_element,air,0,low,Algorithmic seed score from v0.1 category/domains/tags; matched: none.,SRC_INTERNAL_HEURISTIC_V0_2,needs_review
ENT_ATALANTA,classical_planet,moon,0,low,Algorithmic seed score from v0.1 category/domains/tags; matched: none.,SRC_INTERNAL_HEURISTIC_V0_2,needs_review
ENT_ATALANTA,classical_planet,mercury,0,low,Algorithmic seed score from v0.1 category/domains/tags; matched: none.,SRC_INTERNAL_HEURISTIC_V0_2,needs_review
ENT_ATALANTA,classical_planet,venus,0,low,Algorithmic seed score from v0.1 category/domains/tags; matched: none.,SRC_INTERNAL_HEURISTIC_V0_2,needs_review
ENT_ATALANTA,classical_planet,sun,0,low,Algorithmic seed score from v0.1 category/domains/tags; matched: none.,SRC_INTERNAL_HEURISTIC_V0_2,needs_review
ENT_ATALANTA,classical_planet,mars,0,low,Algorithmic seed score from v0.1 category/domains/tags; matched: none.,SRC_INTERNAL_HEURISTIC_V0_2,needs_review
ENT_ATALANTA,classical_planet,jupiter,0,low,Algorithmic seed score from v0.1 category/domains/tags; matched: none.,SRC_INTERNAL_HEURISTIC_V0_2,needs_review
ENT_ATALANTA,classical_planet,saturn,0,low,Algorithmic seed score from v0.1 category/domains/tags; matched: none.,SRC_INTERNAL_HEURISTIC_V0_2,needs_review
ENT_PROTESILAUS,classical_element,earth,2,low,Algorithmic seed score from v0.1 category/domains/tags; matched: none.,SRC_INTERNAL_HEURISTIC_V0_2,needs_review
ENT_PROTESILAUS,classical_element,water,0,low,Algorithmic seed score from v0.1 category/domains/tags; matched: none.,SRC_INTERNAL_HEURISTIC_V0_2,needs_review
ENT_PROTESILAUS,classical_element,fire,0,low,Algorithmic seed score from v0.1 category/domains/tags; matched: none.,SRC_INTERNAL_HEURISTIC_V0_2,needs_review
ENT_PROTESILAUS,classical_element,air,0,low,Algorithmic seed score from v0.1 category/domains/tags; matched: none.,SRC_INTERNAL_HEURISTIC_V0_2,needs_review
ENT_PROTESILAUS,classical_planet,moon,0,low,Algorithmic seed score from v0.1 category/domains/tags; matched: none.,SRC_INTERNAL_HEURISTIC_V0_2,needs_review
ENT_PROTESILAUS,classical_planet,mercury,0,low,Algorithmic seed score from v0.1 category/domains/tags; matched: none.,SRC_INTERNAL_HEURISTIC_V0_2,needs_review
ENT_PROTESILAUS,classical_planet,venus,0,low,Algorithmic seed score from v0.1 category/domains/tags; matched: none.,SRC_INTERNAL_HEURISTIC_V0_2,needs_review
ENT_PROTESILAUS,classical_planet,sun,0,low,Algorithmic seed score from v0.1 category/domains/tags; matched: none.,SRC_INTERNAL_HEURISTIC_V0_2,needs_review
ENT_PROTESILAUS,classical_planet,mars,0,low,Algorithmic seed score from v0.1 category/domains/tags; matched: none.,SRC_INTERNAL_HEURISTIC_V0_2,needs_review
ENT_PROTESILAUS,classical_planet,jupiter,0,low,Algorithmic seed score from v0.1 category/domains/tags; matched: none.,SRC_INTERNAL_HEURISTIC_V0_2,needs_review
ENT_PROTESILAUS,classical_planet,saturn,0,low,Algorithmic seed score from v0.1 category/domains/tags; matched: none.,SRC_INTERNAL_HEURISTIC_V0_2,needs_review
ENT_HECTOR,classical_element,earth,2,low,Algorithmic seed score from v0.1 category/domains/tags; matched: none.,SRC_INTERNAL_HEURISTIC_V0_2,needs_review
ENT_HECTOR,classical_element,water,0,low,Algorithmic seed score from v0.1 category/domains/tags; matched: none.,SRC_INTERNAL_HEURISTIC_V0_2,needs_review
ENT_HECTOR,classical_element,fire,0,low,Algorithmic seed score from v0.1 category/domains/tags; matched: none.,SRC_INTERNAL_HEURISTIC_V0_2,needs_review
ENT_HECTOR,classical_element,air,0,low,Algorithmic seed score from v0.1 category/domains/tags; matched: none.,SRC_INTERNAL_HEURISTIC_V0_2,needs_review
ENT_HECTOR,classical_planet,moon,0,low,Algorithmic seed score from v0.1 category/domains/tags; matched: none.,SRC_INTERNAL_HEURISTIC_V0_2,needs_review
ENT_HECTOR,classical_planet,mercury,0,low,Algorithmic seed score from v0.1 category/domains/tags; matched: none.,SRC_INTERNAL_HEURISTIC_V0_2,needs_review
ENT_HECTOR,classical_planet,venus,0,low,Algorithmic seed score from v0.1 category/domains/tags; matched: none.,SRC_INTERNAL_HEURISTIC_V0_2,needs_review
ENT_HECTOR,classical_planet,sun,0,low,Algorithmic seed score from v0.1 category/domains/tags; matched: none.,SRC_INTERNAL_HEURISTIC_V0_2,needs_review
ENT_HECTOR,classical_planet,mars,0,low,Algorithmic seed score from v0.1 category/domains/tags; matched: none.,SRC_INTERNAL_HEURISTIC_V0_2,needs_review
ENT_HECTOR,classical_planet,jupiter,0,low,Algorithmic seed score from v0.1 category/domains/tags; matched: none.,SRC_INTERNAL_HEURISTIC_V0_2,needs_review
ENT_HECTOR,classical_planet,saturn,0,low,Algorithmic seed score from v0.1 category/domains/tags; matched: none.,SRC_INTERNAL_HEURISTIC_V0_2,needs_review
ENT_MEMNON,classical_element,earth,2,low,Algorithmic seed score from v0.1 category/domains/tags; matched: none.,SRC_INTERNAL_HEURISTIC_V0_2,needs_review
ENT_MEMNON,classical_element,water,0,low,Algorithmic seed score from v0.1 category/domains/tags; matched: none.,SRC_INTERNAL_HEURISTIC_V0_2,needs_review
ENT_MEMNON,classical_element,fire,0,low,Algorithmic seed score from v0.1 category/domains/tags; matched: none.,SRC_INTERNAL_HEURISTIC_V0_2,needs_review
ENT_MEMNON,classical_element,air,0,low,Algorithmic seed score from v0.1 category/domains/tags; matched: none.,SRC_INTERNAL_HEURISTIC_V0_2,needs_review
ENT_MEMNON,classical_planet,moon,0,low,Algorithmic seed score from v0.1 category/domains/tags; matched: none.,SRC_INTERNAL_HEURISTIC_V0_2,needs_review
ENT_MEMNON,classical_planet,mercury,0,low,Algorithmic seed score from v0.1 category/domains/tags; matched: none.,SRC_INTERNAL_HEURISTIC_V0_2,needs_review
ENT_MEMNON,classical_planet,venus,0,low,Algorithmic seed score from v0.1 category/domains/tags; matched: none.,SRC_INTERNAL_HEURISTIC_V0_2,needs_review
ENT_MEMNON,classical_planet,sun,0,low,Algorithmic seed score from v0.1 category/domains/tags; matched: none.,SRC_INTERNAL_HEURISTIC_V0_2,needs_review
ENT_MEMNON,classical_planet,mars,0,low,Algorithmic seed score from v0.1 category/domains/tags; matched: none.,SRC_INTERNAL_HEURISTIC_V0_2,needs_review
ENT_MEMNON,classical_planet,jupiter,0,low,Algorithmic seed score from v0.1 category/domains/tags; matched: none.,SRC_INTERNAL_HEURISTIC_V0_2,needs_review
ENT_MEMNON,classical_planet,saturn,0,low,Algorithmic seed score from v0.1 category/domains/tags; matched: none.,SRC_INTERNAL_HEURISTIC_V0_2,needs_review
ENT_AENEAS_GREEK_RECEPTION,classical_element,earth,2,low,Algorithmic seed score from v0.1 category/domains/tags; matched: none.,SRC_INTERNAL_HEURISTIC_V0_2,needs_review
ENT_AENEAS_GREEK_RECEPTION,classical_element,water,0,low,Algorithmic seed score from v0.1 category/domains/tags; matched: none.,SRC_INTERNAL_HEURISTIC_V0_2,needs_review
ENT_AENEAS_GREEK_RECEPTION,classical_element,fire,0,low,Algorithmic seed score from v0.1 category/domains/tags; matched: none.,SRC_INTERNAL_HEURISTIC_V0_2,needs_review
ENT_AENEAS_GREEK_RECEPTION,classical_element,air,0,low,Algorithmic seed score from v0.1 category/domains/tags; matched: none.,SRC_INTERNAL_HEURISTIC_V0_2,needs_review
ENT_AENEAS_GREEK_RECEPTION,classical_planet,moon,0,low,Algorithmic seed score from v0.1 category/domains/tags; matched: none.,SRC_INTERNAL_HEURISTIC_V0_2,needs_review
ENT_AENEAS_GREEK_RECEPTION,classical_planet,mercury,0,low,Algorithmic seed score from v0.1 category/domains/tags; matched: none.,SRC_INTERNAL_HEURISTIC_V0_2,needs_review
ENT_AENEAS_GREEK_RECEPTION,classical_planet,venus,0,low,Algorithmic seed score from v0.1 category/domains/tags; matched: none.,SRC_INTERNAL_HEURISTIC_V0_2,needs_review
ENT_AENEAS_GREEK_RECEPTION,classical_planet,sun,0,low,Algorithmic seed score from v0.1 category/domains/tags; matched: none.,SRC_INTERNAL_HEURISTIC_V0_2,needs_review
ENT_AENEAS_GREEK_RECEPTION,classical_planet,mars,0,low,Algorithmic seed score from v0.1 category/domains/tags; matched: none.,SRC_INTERNAL_HEURISTIC_V0_2,needs_review
ENT_AENEAS_GREEK_RECEPTION,classical_planet,jupiter,0,low,Algorithmic seed score from v0.1 category/domains/tags; matched: none.,SRC_INTERNAL_HEURISTIC_V0_2,needs_review
ENT_AENEAS_GREEK_RECEPTION,classical_planet,saturn,0,low,Algorithmic seed score from v0.1 category/domains/tags; matched: none.,SRC_INTERNAL_HEURISTIC_V0_2,needs_review
ENT_ASCLEPIUS_HERO,classical_element,earth,2,low,Algorithmic seed score from v0.1 category/domains/tags; matched: none.,SRC_INTERNAL_HEURISTIC_V0_2,needs_review
ENT_ASCLEPIUS_HERO,classical_element,water,0,low,Algorithmic seed score from v0.1 category/domains/tags; matched: none.,SRC_INTERNAL_HEURISTIC_V0_2,needs_review
ENT_ASCLEPIUS_HERO,classical_element,fire,0,low,Algorithmic seed score from v0.1 category/domains/tags; matched: none.,SRC_INTERNAL_HEURISTIC_V0_2,needs_review
ENT_ASCLEPIUS_HERO,classical_element,air,0,low,Algorithmic seed score from v0.1 category/domains/tags; matched: none.,SRC_INTERNAL_HEURISTIC_V0_2,needs_review
ENT_ASCLEPIUS_HERO,classical_planet,moon,0,low,Algorithmic seed score from v0.1 category/domains/tags; matched: none.,SRC_INTERNAL_HEURISTIC_V0_2,needs_review
ENT_ASCLEPIUS_HERO,classical_planet,mercury,0,low,Algorithmic seed score from v0.1 category/domains/tags; matched: none.,SRC_INTERNAL_HEURISTIC_V0_2,needs_review
ENT_ASCLEPIUS_HERO,classical_planet,venus,0,low,Algorithmic seed score from v0.1 category/domains/tags; matched: none.,SRC_INTERNAL_HEURISTIC_V0_2,needs_review
ENT_ASCLEPIUS_HERO,classical_planet,sun,0,low,Algorithmic seed score from v0.1 category/domains/tags; matched: none.,SRC_INTERNAL_HEURISTIC_V0_2,needs_review
ENT_ASCLEPIUS_HERO,classical_planet,mars,0,low,Algorithmic seed score from v0.1 category/domains/tags; matched: none.,SRC_INTERNAL_HEURISTIC_V0_2,needs_review
ENT_ASCLEPIUS_HERO,classical_planet,jupiter,0,low,Algorithmic seed score from v0.1 category/domains/tags; matched: none.,SRC_INTERNAL_HEURISTIC_V0_2,needs_review
ENT_ASCLEPIUS_HERO,classical_planet,saturn,0,low,Algorithmic seed score from v0.1 category/domains/tags; matched: none.,SRC_INTERNAL_HEURISTIC_V0_2,needs_review
ENT_ARISTAEUS_HERO,classical_element,earth,2,low,Algorithmic seed score from v0.1 category/domains/tags; matched: none.,SRC_INTERNAL_HEURISTIC_V0_2,needs_review
ENT_ARISTAEUS_HERO,classical_element,water,0,low,Algorithmic seed score from v0.1 category/domains/tags; matched: none.,SRC_INTERNAL_HEURISTIC_V0_2,needs_review
ENT_ARISTAEUS_HERO,classical_element,fire,0,low,Algorithmic seed score from v0.1 category/domains/tags; matched: none.,SRC_INTERNAL_HEURISTIC_V0_2,needs_review
ENT_ARISTAEUS_HERO,classical_element,air,0,low,Algorithmic seed score from v0.1 category/domains/tags; matched: none.,SRC_INTERNAL_HEURISTIC_V0_2,needs_review
ENT_ARISTAEUS_HERO,classical_planet,moon,0,low,Algorithmic seed score from v0.1 category/domains/tags; matched: none.,SRC_INTERNAL_HEURISTIC_V0_2,needs_review
ENT_ARISTAEUS_HERO,classical_planet,mercury,0,low,Algorithmic seed score from v0.1 category/domains/tags; matched: none.,SRC_INTERNAL_HEURISTIC_V0_2,needs_review
ENT_ARISTAEUS_HERO,classical_planet,venus,0,low,Algorithmic seed score from v0.1 category/domains/tags; matched: none.,SRC_INTERNAL_HEURISTIC_V0_2,needs_review
ENT_ARISTAEUS_HERO,classical_planet,sun,0,low,Algorithmic seed score from v0.1 category/domains/tags; matched: none.,SRC_INTERNAL_HEURISTIC_V0_2,needs_review
ENT_ARISTAEUS_HERO,classical_planet,mars,0,low,Algorithmic seed score from v0.1 category/domains/tags; matched: none.,SRC_INTERNAL_HEURISTIC_V0_2,needs_review
ENT_ARISTAEUS_HERO,classical_planet,jupiter,0,low,Algorithmic seed score from v0.1 category/domains/tags; matched: none.,SRC_INTERNAL_HEURISTIC_V0_2,needs_review
ENT_ARISTAEUS_HERO,classical_planet,saturn,0,low,Algorithmic seed score from v0.1 category/domains/tags; matched: none.,SRC_INTERNAL_HEURISTIC_V0_2,needs_review
